No Gesture,0.0,0.0,0.0,-0.025822683585557584,-0.25284856653808174,-0.03327532420641136,0.029062243815099253,-0.506390351605132,-0.07891519078908711,0.10853522170419434,-0.687855012548345,-0.12077207343481806,0.17139023425253944,-0.8302109161381609,-0.17047387211476905,0.0948502434228063,-0.4960815969340797,-0.1807945925590995,0.20009425927881802,-0.7215470256985413,-0.2818379409303293,0.25100202349398903,-0.8689654363085568,-0.34451799333664423,0.28503184446422675,-1.0,-0.38801045678550283,0.15424198188411264,-0.3984562266447385,-0.21661244792370563,0.2779087726092343,-0.6161167859471947,-0.32416869753602295,0.33602424923678903,-0.7894594739586215,-0.3828487030013008,0.36788258621643505,-0.9402702127267211,-0.4247742159578653,0.19833855971486672,-0.26107129505291765,-0.24942982801031183,0.31883917749244334,-0.45243297071382227,-0.3496288035221787,0.37801250391873836,-0.5886406881556029,-0.39360352325904063,0.414526260157286,-0.7164279379640667,-0.42227414470807695,0.23367730216448473,-0.0996001629524571,-0.2806388069924625,0.35607352056101244,-0.18843372847627718,-0.3774417242102672,0.42600770252123665,-0.26301716868429303,-0.4164550068472806,0.4741716373871948,-0.33778267305735354,-0.4399720053703144
No Gesture,0.0,0.0,0.0,-0.02899201439699138,-0.2058920648479088,-0.02872068763259485,-0.011130990323979456,-0.4309705360254077,-0.06098470145100531,0.02765743020943747,-0.6001930580328523,-0.09198872566075336,0.059779146812169726,-0.7192662730065386,-0.12819435999548492,0.041536831983539343,-0.47173303692468727,-0.11405709501926622,0.11872870342358982,-0.705699432689548,-0.1929895288144148,0.17770560916250716,-0.8692404087360851,-0.2434100266404016,0.23161921892488896,-1.0,-0.27669236530583563,0.1184563623899894,-0.4013277701956908,-0.14330949174204033,0.22399891736620353,-0.6332682201655526,-0.2208745166929621,0.30724954739427934,-0.7981875085840328,-0.27356500160734687,0.3863997095231772,-0.9309669617216402,-0.3083846711378674,0.1874061650199773,-0.29185300576892625,-0.1715491056898558,0.29787435774704485,-0.4981011321112865,-0.24920633056694919,0.3716620185507887,-0.6326615771622979,-0.2955612860045071,0.4355250545765766,-0.7512395609416511,-0.32242590521871695,0.2497172307450355,-0.16030600298994313,-0.19855072720698197,0.35192357241166794,-0.2711704110920837,-0.2745782216641494,0.4171095951500196,-0.36020525325311076,-0.3087309223092124,0.47629303100503184,-0.4474832870879265,-0.32607192320856804
No Gesture,0.0,0.0,0.0,-0.040990759271577484,-0.22597348645922058,-0.02782569594561105,-0.028670732077266572,-0.45185976682748724,-0.06121938959190603,0.003860181037411869,-0.6226759709812799,-0.08997901942143752,0.03611966804511087,-0.728664520448992,-0.12381952548743086,0.05557291778731309,-0.4924448124958801,-0.1189436063736272,0.1425475742679231,-0.7192013290603616,-0.18339188225142647,0.2002365322661396,-0.8693401479279886,-0.22209085861006048,0.24843225763188248,-1.0,-0.24789551727044265,0.14444879249975917,-0.4052896614556149,-0.1425526312080516,0.2659647114888741,-0.6342051940312715,-0.20423769237890474,0.3500208910668194,-0.79357375502661,-0.24317255094955662,0.42206197965733555,-0.928124922307128,-0.26982836234597096,0.2217638253016422,-0.28526511297902624,-0.16302256939816862,0.3498740966813711,-0.49489251336089307,-0.22593123390493225,0.43427220092587476,-0.6371093013165079,-0.2590997512744164,0.5014323334335151,-0.7618085372406123,-0.2780451985044293,0.28735814469535687,-0.1534666017778334,-0.18136150852960964,0.4067596296014423,-0.2875142242105853,-0.24079306775246728,0.4834507720095971,-0.38401084305481037,-0.25960399939710954,0.5492224877518019,-0.47747828572136736,-0.2671362259252328
No Gesture,0.0,0.0,0.0,-0.04579696868578552,-0.2211818674365575,-0.027738982456578503,-0.03878111826476723,-0.42816620665719285,-0.06655746505357552,-0.015665087749621824,-0.5765768707134751,-0.10006350675452444,0.0100030245953154,-0.663592721861647,-0.13911011788071592,0.03357279894428935,-0.47602251063880224,-0.13651101648256683,0.10155286919168809,-0.7086532657594359,-0.2129495644063143,0.14161041467169053,-0.8666310167504917,-0.258036067686904,0.17314059376307286,-1.0,-0.28578270309275355,0.12112214903987005,-0.39014320053594126,-0.15737365259026495,0.2442512510495553,-0.6265102161805778,-0.22664981046781418,0.3229315771023119,-0.7920047718726524,-0.26668603216908743,0.38579700358915736,-0.9320366997320366,-0.29343334041014435,0.19534797316483343,-0.28187941277694645,-0.17534098128906073,0.32179607225085227,-0.49261237413244213,-0.2401350553945909,0.40412280082398133,-0.6404241545003572,-0.2767927761331492,0.46656827793962197,-0.7640337186932207,-0.29766904637046954,0.25587905487195445,-0.16654289300814928,-0.19114500990895303,0.3684076710921476,-0.31088375119334993,-0.24905170345218555,0.43892197154895274,-0.41422834498463634,-0.2716855038920117,0.5006859239718757,-0.5076960117007737,-0.28242292633471977
No Gesture,0.0,0.0,0.0,-0.03860452192618185,-0.21448134877831185,-0.0062131907620984255,-0.025416724480306012,-0.4109639810900652,-0.03559734643793304,0.011309822633877314,-0.5544455415298803,-0.06279677465162016,0.05553904942790637,-0.6429886491220287,-0.09477075801937793,0.01180517130876044,-0.46642063725089855,-0.12251222663370721,0.06874650027312529,-0.7098218284897514,-0.1920377495068553,0.1014409036985375,-0.8680260855140732,-0.23058635351587675,0.12412575709963265,-1.0,-0.2532910590139044,0.09355306419588834,-0.39485912641165366,-0.1499781502620545,0.21685257931725177,-0.6380461834661564,-0.21552027217286332,0.2933799932969147,-0.7958476407372377,-0.250463972049851,0.34968230639825315,-0.9267214947201899,-0.2722094185722581,0.16855802633702108,-0.2982104288363789,-0.1717388567593279,0.2960262919476221,-0.5140460297360392,-0.2301890289850998,0.37732721681513587,-0.653861805102427,-0.2589296020649781,0.4335512518972529,-0.7683282895348506,-0.27383741415477797,0.23328234429385739,-0.19354861955158847,-0.18945895505052157,0.3456397200472833,-0.3562426296440837,-0.2363006135950195,0.4106689902333335,-0.4550533689361735,-0.24841516146598455,0.46494872083260685,-0.541201508250701,-0.2515219616498955
No Gesture,0.0,0.0,0.0,-0.03742768677781202,-0.20301393652627353,-0.013062941813170638,-0.02735997264861605,-0.3879975383202561,-0.04385775263345484,0.008437206574348847,-0.5216479705525596,-0.07142094372620844,0.05298882234314466,-0.6047322833597306,-0.10152727354203846,0.015017322612153747,-0.47185172967080863,-0.11068774168614068,0.060363582730520504,-0.7177395538139928,-0.17396768780568034,0.08785788745741609,-0.8744533327704114,-0.20982845444328338,0.11001969674925684,-1.0,-0.23121307272529115,0.09818199062997106,-0.4067071046061433,-0.13380212908115935,0.20965854541383144,-0.6432750522858598,-0.18961189919859964,0.2788647626935622,-0.7901524256037596,-0.21747506956809926,0.3303516492681704,-0.9088222700199983,-0.23440899998501402,0.17196292745074382,-0.3152221475568808,-0.15336997024721352,0.2880655873742126,-0.524430088095215,-0.2024911014609388,0.36340020342453844,-0.6506278752738812,-0.22163867413943936,0.41712299734136654,-0.7527691655089169,-0.23083068591830513,0.2353399620841716,-0.21395062691637498,-0.17094643191440206,0.33877312714109536,-0.3680038063457446,-0.20878684188714383,0.3966727536051322,-0.4587172981843767,-0.2133586855937972,0.44396650980046415,-0.5391514627726817,-0.2116758870052688
No Gesture,0.0,0.0,0.0,-0.016227193459886696,-0.2248567395689495,0.006446322488630984,0.01412724593592878,-0.40469675557863666,-0.01033973705237541,0.06628625252424673,-0.5186238386165557,-0.029270597924598164,0.12495840536798346,-0.5836251475562059,-0.05040335367074567,0.031661166704561,-0.48063804066402016,-0.0714679797526416,0.0731003599601458,-0.72096911564386,-0.1250605182670672,0.09796484795012804,-0.8764087476050098,-0.15661470868214497,0.11747560902275757,-1.0,-0.17612855309677722,0.11116570639434961,-0.42469492856785,-0.10177302906137724,0.21946050782398904,-0.6524134972756147,-0.1485426935192097,0.2874177488035762,-0.7944752921875918,-0.17562478378956897,0.33724269162587306,-0.90801213213204,-0.19264950020746277,0.18441651428221437,-0.3401347793243419,-0.1285488406928024,0.2993757678305487,-0.5382626716123705,-0.1713778547111036,0.37101033835863495,-0.6575666850227132,-0.19138055690325873,0.4199040596360848,-0.7562266611043409,-0.20222433974651255,0.2496541082553364,-0.2413642906909341,-0.15244744131542148,0.35106167304157787,-0.38112232394657186,-0.18772420104838247,0.4071305576194398,-0.46508252800040356,-0.19333037876970702,0.4517016424492508,-0.5413609948247934,-0.19290494725338073
No Gesture,0.0,0.0,0.0,-0.03404979830907775,-0.2167311424324181,-0.0051528635774211,-0.020487801853912215,-0.39756003967385384,-0.027826901252576662,0.017590707374048935,-0.5180689831634101,-0.05045250879280688,0.06148388850263467,-0.5867022986474073,-0.07536858861646549,0.03013157726957854,-0.49483150060032804,-0.07883536599081524,0.07292597982956925,-0.7282221955613273,-0.13199843401200254,0.09993689827618528,-0.8799500998221947,-0.16375096394580407,0.12287760275127285,-1.0,-0.18351642071115917,0.11879257255099936,-0.4369385023564012,-0.10411268000130885,0.22562285224124234,-0.6593015200913521,-0.14924058795368472,0.2946896381821462,-0.7967272945279233,-0.17427831495944368,0.3484875100556622,-0.9056686776699452,-0.19007150777545814,0.1958018653953412,-0.34940776297471904,-0.12710375084805003,0.30599622155786027,-0.5441493499810035,-0.1681798407289559,0.3764991381666123,-0.6588188060379272,-0.18638383870313494,0.426796223586781,-0.753524809438201,-0.19599697776824912,0.26081867373538886,-0.24677847193949815,-0.14835135004659816,0.35807888049227254,-0.3895460846444588,-0.1817026677425417,0.4128474641203336,-0.47412995758498977,-0.18572352363851838,0.4564993410586838,-0.5503605948654638,-0.18405706115548154
No Gesture,0.0,0.0,0.0,-0.029931029387356638,-0.22418625041756338,-0.007106433681823104,-0.010367739387237583,-0.41414112906332046,-0.029873683753955643,0.02514955246311611,-0.5418616637965387,-0.05177830492856751,0.07359695208508558,-0.6138682159522161,-0.07575783959665629,0.04489573871773557,-0.4886519408905357,-0.07958807741693702,0.0855960073589196,-0.7234137319344757,-0.13367806240916702,0.11241449580405721,-0.877370481824351,-0.16663056978524435,0.13393249007127114,-1.0,-0.18711122110705564,0.13497638534743023,-0.42801956962785914,-0.10322530642094072,0.24470879813884044,-0.6480647119915794,-0.14723810434408385,0.3121080769535137,-0.7853528926898924,-0.17085949745451595,0.36042779147673515,-0.8950125951816864,-0.18612925564243454,0.21071138440550533,-0.3406533387210971,-0.124796831085717,0.3252010606984811,-0.5303306821707272,-0.16386267618844283,0.39483464490831816,-0.6450126652132777,-0.17847093347330403,0.44036473853355246,-0.7393744218016748,-0.18596706247709766,0.2716623819004753,-0.241076049405887,-0.14501809414748415,0.3710711226834425,-0.3797463035575348,-0.1745425463778853,0.427589680704966,-0.4612916486627118,-0.17462859769563474,0.47009489980930397,-0.5327788465376732,-0.17062487411592792
No Gesture,0.0,0.0,0.0,-0.0294548596834886,-0.22508058600926542,-0.0015284501282108902,-0.011899165054899108,-0.408551774086018,-0.023287885374966594,0.03001642311673328,-0.5260117184230113,-0.04647389718434688,0.08123910733398415,-0.5958273210341103,-0.07117506258147271,0.036303622330635076,-0.4953023412543377,-0.07258836889812822,0.07507381217977534,-0.728722643002238,-0.12916489217302768,0.09926647847275923,-0.8802017787546841,-0.16400671392776112,0.11854951294513813,-1.0,-0.1850478662654127,0.11928031552508424,-0.4366533779042905,-0.09979453214852037,0.23133235274764147,-0.6539255665394355,-0.14575897126691134,0.30153528765449766,-0.7871828700173714,-0.17016007982284956,0.35365772935692785,-0.8919102888447589,-0.1854484868498103,0.19238577330236428,-0.34916662533321985,-0.12527510097538902,0.3111570034752783,-0.5320012546418408,-0.1658208318035507,0.3819721767396395,-0.6389344583231658,-0.18026026286014304,0.4294105855217913,-0.7265589969459676,-0.1871216564875346,0.2543489477594027,-0.24583660862408513,-0.14929855032803618,0.357975765856659,-0.3763087010150689,-0.17891368666943067,0.4150032026907434,-0.45404071275822094,-0.1787045737742622,0.4593398264506867,-0.523663883895319,-0.17424624634486102
No Gesture,0.0,0.0,0.0,-0.015848902051566974,-0.2311327540916773,0.005526155917960197,0.015391611711979851,-0.4042486344335688,-0.011883571308189657,0.0671612985903954,-0.49790987568654066,-0.03213332158149081,0.12634899205000547,-0.54364353421375,-0.05527489040782375,0.05883410364915306,-0.4884467078816882,-0.06350808557494735,0.10175546452381505,-0.7207285949859995,-0.11630778669775645,0.1266802583818678,-0.8761565847099192,-0.15053859883918527,0.14631625751158184,-1.0,-0.17254804936168566,0.1434907093864072,-0.43249600462572463,-0.0926252359389623,0.2607198130026825,-0.644710805138098,-0.13384811564475882,0.33331432021480545,-0.7732417264121174,-0.15805074971226407,0.38571675103252523,-0.8767184697823107,-0.174242086609261,0.2157095742802889,-0.3461542269025746,-0.1194596920669455,0.3413783392726522,-0.5198867645499944,-0.156526918263045,0.41580957696109344,-0.6223104792216331,-0.17221663399587758,0.46733348428213944,-0.7075377359369943,-0.18107598851161336,0.2743998466232954,-0.2419717310244019,-0.14433333115217983,0.38366051613508334,-0.3599869616071936,-0.17332376653290357,0.44481031826497175,-0.4269871319213803,-0.17387313275385577,0.4945426749761492,-0.487249089158718,-0.17027082873602345
No Gesture,0.0,0.0,0.0,-0.018938736792975894,-0.22639191220982297,0.0026299658672692596,0.015222314939674157,-0.39135956913407016,-0.017610106426279273,0.07372644958440942,-0.4774435168601331,-0.03978785247992794,0.13814143779722426,-0.5120173315988042,-0.0646926110908574,0.07118425360205373,-0.48699931220026277,-0.07153084357208608,0.119759508916339,-0.7228862741105049,-0.12723215903337726,0.14832137198655526,-0.8783292316768552,-0.16281307681755278,0.1708460902189902,-1.0,-0.18459335361952336,0.15678863619747338,-0.42583966202861656,-0.09871844501820835,0.2796937794223133,-0.6394161244817005,-0.14157482829658255,0.3554433390345045,-0.7693851087704916,-0.16598866360777706,0.4099211857867063,-0.8724789203590675,-0.18153987279674103,0.22893059181511805,-0.33687289980086277,-0.12347055761054083,0.3536125811596097,-0.5139447762835716,-0.16028833616708413,0.4296965672132786,-0.6176547945340206,-0.17550099688901857,0.4813260943091966,-0.7026987624449917,-0.18338373798972812,0.2871530908719335,-0.2326827017317497,-0.1464593110615621,0.40016691853207004,-0.35569855207705614,-0.17401522362631314,0.46263212990194713,-0.42563536865697105,-0.17354549350400397,0.5124688289896706,-0.4883532891196677,-0.16864559834085383
No Gesture,0.0,0.0,0.0,-0.02943079036430254,-0.21628654404419903,-0.007090047670745716,-0.012734481174966793,-0.3870725660959813,-0.03246727155535018,0.02181217891537135,-0.4938001413939913,-0.05797916139482013,0.06410038146219073,-0.5526429828071172,-0.08618941658769673,0.06309837708743897,-0.4913987273955177,-0.08108152571083,0.11624208300521231,-0.7262791376225577,-0.13947333339450566,0.1507836419391151,-0.8795897963841612,-0.1770595415657549,0.18074269250876832,-1.0,-0.20030670552407806,0.15126906158046508,-0.4280662827156606,-0.10454810802129683,0.27716086267610013,-0.6415329257825019,-0.14849735690414814,0.35541897083386587,-0.7709771630696697,-0.17324720717262543,0.41325499494258083,-0.8735835529712869,-0.18988788401913242,0.22334099961657602,-0.33749961020759794,-0.12661450295324894,0.35260455989033984,-0.512889062227557,-0.16564457172214472,0.4320520289774234,-0.6169360370066345,-0.183290912965958,0.48647231873701696,-0.70197490425015,-0.193140546063337,0.28050566578811487,-0.2306066018901235,-0.14751347879109766,0.40063812859240366,-0.34708147605488804,-0.17744949866882653,0.4661053912278629,-0.4152134547113933,-0.17991922698828033,0.5178071992350846,-0.47859853051558443,-0.17752235141777434
No Gesture,0.0,0.0,0.0,-0.028127840705571044,-0.21998807590723113,-0.009675832851697992,-0.002408169471740262,-0.3866446472059944,-0.036614691525597515,0.04813583313825049,-0.48101946640238197,-0.06263086270029478,0.10762982206600512,-0.5226037254784928,-0.09157444540692218,0.0703225713514412,-0.4902685694947297,-0.08779438183782917,0.12554426452392053,-0.7240689531580585,-0.14795318025344908,0.1619852210822859,-0.8789832958673449,-0.18732979079355916,0.19460286138386024,-1.0,-0.21217284348230483,0.16093178757880197,-0.4263662186807196,-0.1094531698137812,0.2895047178076609,-0.6401070202450614,-0.15367490216268212,0.3699530200188563,-0.7715870752041951,-0.1787824694758532,0.42918295543825913,-0.8772261116235852,-0.19597682385100734,0.23452966640059655,-0.3339148806288531,-0.12940418674441406,0.36583230233927505,-0.512014434630009,-0.16873416000484628,0.4464037594313915,-0.6168042796883682,-0.1862985508066947,0.5018554757459954,-0.7027865650106156,-0.19636772116886853,0.29122185873159434,-0.2258058114052966,-0.14821443017607383,0.4133564926729394,-0.3382263528057364,-0.1801366013820532,0.4807294981706972,-0.4032509494748847,-0.18345016304186743,0.5350357283800564,-0.46298650789124535,-0.18135173445904534
No Gesture,0.0,0.0,0.0,-0.018979228840662048,-0.22755759923113802,0.003006001386338273,0.023646815190907892,-0.39162332504420644,-0.01482515821559219,0.08192595948454552,-0.486870153126355,-0.033782142459155035,0.14244111312314994,-0.5285679945679387,-0.05611710852281618,0.08261272850352358,-0.4892628679196302,-0.07409802386890682,0.14025917454961598,-0.7208239217667268,-0.1334905991795495,0.17881642074998932,-0.8783894020992321,-0.1727335425927686,0.2125370031827468,-1.0,-0.19702066955064426,0.17029389423091848,-0.42550644318104375,-0.09985055928175102,0.2981230974517181,-0.6443766471627518,-0.14232714179611358,0.37976225639879346,-0.7777523501012598,-0.1672734849636008,0.4390462374208767,-0.8852536920764551,-0.18388476142852694,0.24282146755243683,-0.33346320666950213,-0.12320087224174987,0.37674118602075046,-0.5176910841843844,-0.162349311921166,0.46202879152158477,-0.6215491723217376,-0.1827645946643629,0.5211399345651269,-0.7057320783296619,-0.1945250798480845,0.29854154534930016,-0.22491578190918388,-0.14414364067707405,0.42499689176221633,-0.33574866693188327,-0.17826411767367517,0.4965219521418604,-0.39542971516715075,-0.18470011022454866,0.5545012679096957,-0.45055122619795773,-0.18435659635914708
No Gesture,0.0,0.0,0.0,-0.024477892005485197,-0.23240471023315779,-0.003728913145134312,0.0018951161280810348,-0.4130228701352786,-0.024073453658320178,0.04323987609161652,-0.5186116437371614,-0.045420092645266044,0.08259865427188674,-0.5717455480817517,-0.06979054589823064,0.07596337363964802,-0.4962826376389267,-0.07186832638173643,0.13617941329387814,-0.7217236908084531,-0.12831175539807044,0.17399380790653143,-0.8768566026148172,-0.16625352451801126,0.20481729314945388,-1.0,-0.19048052902212462,0.16311642406879331,-0.4289906891341453,-0.09694518250397162,0.29454065175691463,-0.6413569911680357,-0.14083184358099016,0.3748976514239746,-0.776585262026766,-0.16842694673882108,0.4345708713310544,-0.8853350814225002,-0.18703650267219318,0.23479901470442058,-0.33441169938729426,-0.12060017496016376,0.37712308397811983,-0.514331239494005,-0.16285668622894614,0.46172288894398883,-0.6181377307531281,-0.18535382519870922,0.5216943322224247,-0.7005899431415276,-0.19785001449489023,0.2898345018259969,-0.22464709649311781,-0.14241211705002949,0.42157623273728073,-0.3283464261418162,-0.17696526976308433,0.4949926889915095,-0.3907260125201713,-0.18368378540479946,0.5556361464241464,-0.44794159174899945,-0.18387684258882145
No Gesture,0.0,0.0,0.0,-0.020346331560951218,-0.21724512555330033,-0.010602067763212625,0.007450644631249903,-0.38028203619269996,-0.03696212815341183,0.055591799753679665,-0.4738435325471827,-0.06313812237931395,0.11081405219520828,-0.5176539472418417,-0.09231910094742556,0.0824782502645509,-0.4918079782135956,-0.07967578213420502,0.13605188912645355,-0.7259699605578669,-0.13731169033059146,0.1726247557135273,-0.8797274739813752,-0.17519540232404032,0.20606296979309804,-1.0,-0.19910168405678633,0.17298727914008785,-0.4283211083702596,-0.10254508040925006,0.297929937511357,-0.6451846986851435,-0.14630830424246483,0.3760501126493926,-0.7792688003344446,-0.17360072977331842,0.43276872180053755,-0.8874040520526892,-0.1921725698895664,0.2444128469595353,-0.3333044336473106,-0.12436568565774975,0.3798143400538959,-0.5107297507223931,-0.1658643976422912,0.4649817271343111,-0.6150605616673773,-0.18817613672444508,0.5232807940505444,-0.700053622773586,-0.2011412459949497,0.29734768801522105,-0.2215830476025335,-0.14492950715032749,0.4240584356105098,-0.3295006609318605,-0.1779481530891892,0.4962846521586284,-0.3914177433779141,-0.18316985995017263,0.5534167705372848,-0.447626049147677,-0.18277190162391574
No Gesture,0.0,0.0,0.0,-0.01142138353515034,-0.21874926070085374,-0.004232952113679476,0.01681269807153468,-0.3899376955061433,-0.02480077618697616,0.05563660326511818,-0.4915306262950562,-0.04812508820498577,0.09796015937890289,-0.5466932944961067,-0.07360934080666576,0.07980660120907361,-0.4892273339744013,-0.06163078691870787,0.12943569692634396,-0.7197105268362325,-0.1168014964555829,0.16289542475977675,-0.8762290276924202,-0.1540880978736193,0.19151982366525952,-1.0,-0.1780289550613608,0.1616531083401153,-0.4336756218415368,-0.08811154946869569,0.2822878384031064,-0.6461720442866775,-0.1318353055150899,0.3593994726674809,-0.782305329707829,-0.15929241870164926,0.4158134921301256,-0.892240054957213,-0.1775691996149883,0.2311391960828433,-0.3442577585830532,-0.1144533424365755,0.3666921246776469,-0.5187083263834549,-0.15644879898854772,0.4531567094032881,-0.6203794689583914,-0.17894007012783894,0.5137481934980482,-0.7043554188341892,-0.1915357312394538,0.28735740621955347,-0.2347111817106813,-0.13969074841731435,0.4147397592375545,-0.33689898477668784,-0.17267532845621875,0.4878869962830744,-0.39719206254853257,-0.17872599521542606,0.5462905280526944,-0.4524219719892847,-0.1790467157788196
No Gesture,0.0,0.0,0.0,-0.02979315285216129,-0.21698117635156947,-0.011577362332200416,-0.01732869410161458,-0.3919250638824323,-0.03626510623771469,0.005009316878691803,-0.5095611892796559,-0.06035366599495213,0.03232509555825547,-0.5763412293690902,-0.08735791049565451,0.06793445324601573,-0.4946130614198829,-0.07942544294828772,0.12378043052449784,-0.7242127176045986,-0.13507057822498594,0.15856960732334302,-0.8773113871231819,-0.17144673555280993,0.18818404822830312,-1.0,-0.19462582828780495,0.15947751690749207,-0.43113335603483655,-0.1013015676094879,0.2830537903452359,-0.6437570208098685,-0.14406420819609556,0.3596078183708898,-0.7784439318934044,-0.17075116367942114,0.4164706886519129,-0.8894857200666265,-0.18903003935457172,0.23233058779734356,-0.33732412449909627,-0.12209974955729327,0.3683231022609848,-0.5093177353991553,-0.1636526169307261,0.45309556116082206,-0.6109172676220419,-0.18548271219583867,0.5133692813946182,-0.6948991718768752,-0.1978660631090552,0.28540781728324394,-0.2274456704133583,-0.14167568947514025,0.4122896960379967,-0.327009889457188,-0.17564342826015192,0.4851703119316166,-0.3871514160217833,-0.18139282854638158,0.5444805343797777,-0.4423384177300578,-0.18097758621776755
No Gesture,0.0,0.0,0.0,-0.010273133390770954,-0.22249064344746605,-0.0036954000725334182,0.02079331761802526,-0.3929340655707441,-0.025523394132411018,0.0674095065745331,-0.4952356645437487,-0.049601203626463766,0.12180944251448121,-0.54682285630337,-0.07629070240817083,0.06876158208580546,-0.4790974534109734,-0.07188931812310989,0.11697918351260024,-0.7178949106966672,-0.12983626433465797,0.1510093188899509,-0.8764320944749626,-0.16760439237936176,0.18255369106030156,-1.0,-0.1913371306114689,0.1535333898434149,-0.42184980356363583,-0.09808042349261985,0.275145870512823,-0.6400014331977979,-0.1436533645087511,0.3538508326834325,-0.7772011741450519,-0.1723957872982118,0.4125866220709768,-0.8883536671387642,-0.19211787184401602,0.22552515553861383,-0.33476702980827017,-0.12298640541787126,0.3624824085442525,-0.5117674814600606,-0.16570656472124737,0.44671060534953794,-0.6144796661696352,-0.1882644510267731,0.504306755642618,-0.698643683240547,-0.2013748635079811,0.28302331579436335,-0.23284856440107218,-0.14633906759774118,0.41036699812233135,-0.3347602976683009,-0.1796484151890488,0.4835719515411589,-0.39360772837700225,-0.18559573724101106,0.5415861303255528,-0.44509139478420723,-0.18597683246443805
No Gesture,0.0,0.0,0.0,-0.0248008830657616,-0.2023584699161168,-0.02883737927122251,-0.006684764797515365,-0.37816355641381727,-0.06100283521354643,0.02184551836601673,-0.49798735975893005,-0.09115860316336974,0.05944049194123069,-0.5739321705049286,-0.12364158377100605,0.0898233431458507,-0.4901647323350366,-0.08678034490699216,0.144633863795003,-0.7194602497282127,-0.14833836147933382,0.17970094306267284,-0.875839379133053,-0.1908994684170258,0.20998737473155676,-1.0,-0.21882541228533234,0.18128902953362017,-0.43116817497513177,-0.10521193337955927,0.30313585705443286,-0.6434521283322835,-0.15321833573553628,0.37993956075025476,-0.7814720052922535,-0.1854367967714414,0.43631098723268164,-0.8962821067838616,-0.2077141842137702,0.2520681985665192,-0.3359903032101312,-0.1251607733582054,0.3909733415801852,-0.510159801248641,-0.17229945689494353,0.4788091160343607,-0.6132017981744644,-0.19790984984355078,0.5401816468430103,-0.699952513212393,-0.21310337978393998,0.30302599445602396,-0.22002054517993905,-0.14578647866772684,0.43331630988746667,-0.3210412375020369,-0.1855587058740688,0.5087598416519322,-0.3853009391561093,-0.19507525419871546,0.5678919506854879,-0.44493470718710404,-0.19767760312263202
No Gesture,0.0,0.0,0.0,-0.020409822138958103,-0.22036476370895247,-0.009714882738651665,-0.0038686254858563683,-0.3970205300278509,-0.032419583883188184,0.026118844977294893,-0.5192796938421892,-0.05574772058986603,0.062408722997687946,-0.5940060312430064,-0.0811767486974943,0.062445651075601606,-0.482879592947233,-0.07457182000133707,0.11174249256947569,-0.7192972082485369,-0.13083082981614094,0.14839654300048727,-0.8772515555262818,-0.1680828400433567,0.18189568936029754,-1.0,-0.19165870923319564,0.1497161066298016,-0.4267070745477503,-0.0972306200923521,0.27089185190895804,-0.6463772498340248,-0.14151201672404734,0.3484430422523826,-0.7868275197729414,-0.16877434099055674,0.40458098092651207,-0.8987605937832839,-0.1869623222157119,0.22357264137456653,-0.33846702538765594,-0.11918876440357562,0.36319339085643204,-0.5157480709827453,-0.16139402089606875,0.45078686651552385,-0.6177344591454017,-0.1832816959185044,0.5107840372652677,-0.6998524748080713,-0.1952669950443559,0.28089517889768517,-0.2329050786539056,-0.13996962624709414,0.4127794071747691,-0.33461183509812187,-0.1726177240253842,0.4873810854141671,-0.39205377371836087,-0.17770940146390976,0.5459185726058218,-0.44260581433382007,-0.17696640516813186
No Gesture,0.0,0.0,0.0,-0.029287153480755168,-0.21452307887277164,-0.012833167064745079,-0.00460698606051653,-0.3774863876880137,-0.039187803813822475,0.04274908709946885,-0.47032918840325083,-0.06476775913537865,0.0973168698075786,-0.5149217558766372,-0.09341982645516544,0.07395220992153115,-0.4838742318405425,-0.08539783407367918,0.12630211067105057,-0.7194470987624331,-0.14467484156235513,0.15885311520081993,-0.8767956249596862,-0.1824121185784845,0.18795425693190082,-1.0,-0.20629635694729762,0.1669822209035481,-0.421620619481563,-0.10740491989629622,0.2883516283574491,-0.6403418621768618,-0.1541073890954488,0.36483538116482145,-0.775702403029639,-0.18282059973650708,0.42134746180037014,-0.887452933806914,-0.20228472596883848,0.2407234397050583,-0.3282977297641614,-0.12834862260129531,0.3780858641530033,-0.5071175430539557,-0.174016984713314,0.4649299399009519,-0.6107846302090585,-0.19866556433884913,0.5250703344789325,-0.697019044465231,-0.2127157282580914,0.29525667859208554,-0.21811124012355584,-0.14785633127382952,0.4270573299335493,-0.31862447451893894,-0.18572593784263555,0.5017797647412299,-0.3768132474246378,-0.19434303897064764,0.5605626989491023,-0.42997912514807607,-0.1958014400620429
No Gesture,0.0,0.0,0.0,-0.03930755450997783,-0.1923867901818632,-0.03613121054898487,-0.03325991423596424,-0.3601606537932019,-0.07270445264823695,-0.007895223442878525,-0.4709838260297721,-0.10747493855078308,0.031204280759893354,-0.5397360709379596,-0.14448213136950688,0.07970637170439884,-0.49505524087817393,-0.08572981811739144,0.1282795877949895,-0.7217648832192116,-0.14765393509485844,0.15968067533672672,-0.8751801432033103,-0.1907875820255706,0.1864861557983368,-1.0,-0.21930112437488555,0.17293903664677351,-0.43195154567386734,-0.10362086308845539,0.2920682695089641,-0.6436568861443317,-0.1552514542862131,0.3657514149091519,-0.7822803938736503,-0.19094190641167127,0.4202671260391125,-0.8985154180104475,-0.214938029032828,0.24378726167902806,-0.3336104046795847,-0.12426251385250253,0.38185113705311613,-0.5069782187901758,-0.17573741378560143,0.470447554008789,-0.6096415057230445,-0.20442238548741837,0.5324088424892681,-0.6962665230937929,-0.2206943153452858,0.2935019732410741,-0.21470594265640697,-0.14617278928612576,0.42602145695585514,-0.31541793450981076,-0.1877392529966391,0.5034487864776223,-0.3761256434770657,-0.19753857623987742,0.5635379828973117,-0.43189117520421544,-0.20014432138233276
No Gesture,0.0,0.0,0.0,-0.021111254934280062,-0.2272742761434172,-0.0021058523945480996,0.010944089828372316,-0.3980385982778551,-0.02314699392231253,0.05906870364017352,-0.5036147625502264,-0.04427620448745979,0.11468537782897419,-0.5518612304590729,-0.06877578436391088,0.07349541226874098,-0.4821714239783661,-0.08417932498130945,0.12760514161284048,-0.7167359192623124,-0.14426383360303205,0.16197404121870948,-0.8754603780880795,-0.18332085848706656,0.1918489209024682,-1.0,-0.2078637313328289,0.16241621668696885,-0.4208739479482246,-0.10878709533951836,0.28609277531401894,-0.6450998025505067,-0.15483449477512345,0.3629971197919164,-0.7880756492305018,-0.18247444132559557,0.4175314231462463,-0.9043857856347646,-0.2008577079340089,0.2373320298033088,-0.3273590464802266,-0.13063286745904745,0.37935651231764667,-0.5089094600758108,-0.17387682111355565,0.46804295684064706,-0.6157466287778778,-0.19703869950014702,0.5292232575833438,-0.702067198741143,-0.20978256520794725,0.29380326712886096,-0.21758992317879294,-0.1498999257837085,0.43070411759850535,-0.3223386651382307,-0.1862555159844097,0.5071700706653103,-0.38151885865976076,-0.19327620959500494,0.5686766577954449,-0.4338832755186563,-0.19292067598739518
No Gesture,0.0,0.0,0.0,-0.023610412940758732,-0.21394437531899305,-0.0013022689983579788,0.003848664067497002,-0.3844621265965954,-0.019397701074207265,0.04087021525250615,-0.4931441318024433,-0.03943886178245926,0.08296370955790602,-0.549376270414814,-0.06262989241675822,0.06718797515514695,-0.486054261272866,-0.06654992237913408,0.11624521547480096,-0.7181552317230693,-0.1184182981791731,0.14830816147227924,-0.8774791057702397,-0.15071497327130687,0.17609131188909682,-1.0,-0.17098716659191113,0.1573088966752996,-0.4296689615394419,-0.09264733718687279,0.27645235940742724,-0.6484862612918352,-0.13748102251168107,0.3505355674652879,-0.7915144441236813,-0.16513636730870812,0.4043844649423308,-0.9073758305674919,-0.18247773328954098,0.233173663296875,-0.3391812674834865,-0.1167867098798232,0.37515282767884506,-0.5167875555218326,-0.1633181254709288,0.4638971561973717,-0.622669905847776,-0.18874053747034314,0.5261355893094575,-0.7087595712733461,-0.20173679950908882,0.28980508969150814,-0.2286359872171595,-0.138250551554942,0.4242635854729455,-0.32586855026441225,-0.17672683699688482,0.5012524274592771,-0.38330626770578125,-0.18498660803916292,0.5630626096283883,-0.43400304336408513,-0.1850990892107929
No Gesture,0.0,0.0,0.0,-0.028408913542969864,-0.21270003101905,-0.009276220692215372,-0.004160814803112374,-0.3788208974089699,-0.03476207150389026,0.03605374227694741,-0.47705208049512926,-0.05966151180852175,0.08273077811319811,-0.5207353539896471,-0.08770589851189856,0.06421822453625131,-0.4785396497369522,-0.08794932458241948,0.11692295702856363,-0.7143451080223978,-0.14753284942408745,0.14842422147704046,-0.8742194702694871,-0.18526619320676374,0.17424796897597877,-1.0,-0.20901528586482582,0.15138915247811358,-0.41933383830367976,-0.11092413810807045,0.2752953389326508,-0.6437072816397417,-0.15941004586050084,0.34910227338273814,-0.7865947845448077,-0.18825324803532884,0.4012779896117253,-0.9035402583478199,-0.2071425189458275,0.2257800198132994,-0.3292322342832366,-0.1319475953233844,0.36817379857473204,-0.5189729046441651,-0.18001406418359917,0.45576394152042765,-0.6295464237038471,-0.20613268182033062,0.5170781783870986,-0.7177336632576904,-0.22018406290643017,0.2830311303179522,-0.22152660660292714,-0.15085934645512647,0.4198888713108586,-0.3287519982723493,-0.1914953894068972,0.4975372734861837,-0.38830119051596385,-0.20176351374715754,0.5604730470920061,-0.4408341412200919,-0.20346906802863082
No Gesture,0.0,0.0,0.0,-0.013188988672062151,-0.22873365418503883,0.007702943609081138,0.034348110661585114,-0.39472441919175627,-0.007371925527822594,0.09914951952877374,-0.47891441915070665,-0.024064349270259935,0.16495144433846473,-0.5094587137509801,-0.043937637500804025,0.08207598080754,-0.48116797038328035,-0.0728021639449739,0.13442801815918223,-0.7139035967096965,-0.13042704424132875,0.16400884227296478,-0.8745955878687796,-0.16712373418997567,0.18792588988261566,-1.0,-0.1898327911451606,0.16704374292260446,-0.4212558928205961,-0.10028860950466503,0.2899580186928274,-0.6472049895235487,-0.14619200697706355,0.3642196898348808,-0.7892384590439072,-0.1738647243832197,0.41666872525660414,-0.9066695675069917,-0.1915529354580573,0.24158675061706386,-0.3322120676521314,-0.1242546830139918,0.37983445491666046,-0.5247890635583107,-0.1686433584040952,0.4663752057612565,-0.6334255825968346,-0.19292417626513989,0.5285107070622365,-0.7230255569114964,-0.20578003988185833,0.30018439712464956,-0.22492102344930634,-0.14483362166708316,0.4334178528054195,-0.3320176683459874,-0.1820383099156891,0.5078202288751288,-0.3899474154275055,-0.1905347031195128,0.5696800379474483,-0.44235452158711935,-0.19089731426870885
No Gesture,0.0,0.0,0.0,-0.02395706766826787,-0.23187777975157187,-0.012156283162366175,6.306819280263887e-05,-0.4144212043362027,-0.03553844745737941,0.038865108115078116,-0.528439304798107,-0.059799817332085635,0.0751684858198701,-0.5871226349883658,-0.08688745567448282,0.07979290907784381,-0.4910468335134674,-0.0701931883142241,0.1296997749753144,-0.7187134526388512,-0.12334808437937438,0.1603692462128991,-0.8742218884200014,-0.15763761152113046,0.18609669167386778,-1.0,-0.17964295754446022,0.16878475544387203,-0.43196714763611005,-0.09332438729929675,0.2879014487446001,-0.6518845133480967,-0.1393297796480197,0.36370148281382625,-0.7983811646057947,-0.16952512690061383,0.42218867785503944,-0.9182253216058351,-0.1890000486307615,0.2431234513366335,-0.34041372588571783,-0.1161536687413807,0.37260981945133953,-0.5273151662406798,-0.1641926728986288,0.4557367616069732,-0.6448053366852977,-0.19334940118779553,0.5154408189454079,-0.7398817498742466,-0.2086750632305557,0.30186499832024855,-0.23040937421689112,-0.13765872787556274,0.43363484355331083,-0.3393640727243015,-0.1760001037105597,0.5130015134177671,-0.4028518933407065,-0.1870490929962623,0.5772064292350437,-0.45841493472314376,-0.18985261824925548
No Gesture,0.0,0.0,0.0,-0.03167424999799,-0.22142753517339253,-0.007267184341704039,0.004839830067161025,-0.3963016291527215,-0.026763286307633086,0.07032322537133232,-0.4997993202145698,-0.04531653447058237,0.1361117270564235,-0.5464961295233797,-0.06583766120308643,0.06299557607976645,-0.48258091635918415,-0.08043056085984963,0.11167947902090464,-0.7158096751634272,-0.13495616750797498,0.14444822272987262,-0.8755246721583888,-0.16739696554826447,0.17264128678681745,-1.0,-0.18747524311590738,0.15328634226956636,-0.4265929994096649,-0.1016079435756601,0.2651674037969711,-0.6539023982604004,-0.1472716041841286,0.33597163275079867,-0.8032880605524304,-0.1737251736553009,0.3889703600830724,-0.9250370462497,-0.190858250358523,0.2304160400389079,-0.3411032685155295,-0.12053199220014799,0.3555646110287861,-0.5306448811641975,-0.1641204882857004,0.435831953785804,-0.6484748300732088,-0.18745291966876015,0.4917509259694726,-0.7435710784604954,-0.19993756095924678,0.28977492202090843,-0.2383516608537952,-0.13763867209415376,0.4171718287844611,-0.3477384729367603,-0.1723078926817581,0.4908310932213634,-0.41371960996188545,-0.18061705324970645,0.550063327439469,-0.4721041579670444,-0.18169108676540072
No Gesture,0.0,0.0,0.0,-0.03283550880022673,-0.2201381411908835,-0.009681535327699942,-0.0005687239551778912,-0.3963419378520827,-0.028625004749578437,0.05261047825658739,-0.5009166835987058,-0.04558571285636774,0.09771770673841429,-0.5500693530140087,-0.06550160186758254,0.0749203683051912,-0.4754802559824775,-0.0837949614439718,0.12677386139139213,-0.7159195138463904,-0.1362054734481516,0.16060794447708027,-0.8768413280490632,-0.16557733426058566,0.19058630985980984,-1.0,-0.18337448227522948,0.17090678147599503,-0.4236230008812743,-0.10341585766506162,0.28231036894776473,-0.6575880270502785,-0.14920805814858218,0.3522352092368558,-0.8101645865516985,-0.1747654229579878,0.4047864937028861,-0.9312709099390725,-0.1904953169846996,0.24991300117439055,-0.3404610739850351,-0.12076790225068047,0.3780643127697195,-0.5315367043222379,-0.16677452867460316,0.45895804772032234,-0.653563277199315,-0.19362062431992993,0.5155235626588738,-0.7496387217535968,-0.20752820541132222,0.3078338756221499,-0.23814018530223885,-0.136066252148885,0.434794108306522,-0.3485727628259572,-0.17487696402838696,0.5080184675355222,-0.4165730917437428,-0.18705112984702532,0.5664737620670642,-0.47266783775281546,-0.1900280426283982
No Gesture,0.0,0.0,0.0,-0.04022423989548558,-0.22967034175250364,-0.011910266531093184,-0.010426981520004442,-0.4153983818748157,-0.032613555876498876,0.05670972699687094,-0.5228387292875425,-0.05207679906262419,0.12090728075611787,-0.5655533734554598,-0.07302149511893638,0.050595012351032934,-0.46751049966535513,-0.08417001766428601,0.10545826897096808,-0.715457990274214,-0.13832439813009997,0.14328925702994297,-0.8771565944523132,-0.1672599755487181,0.17619930763514982,-1.0,-0.18341367085891627,0.14242915918198293,-0.41314716622114617,-0.10203762842519566,0.24949507524394837,-0.6549196970618473,-0.14899592648361523,0.3209456859342966,-0.814043365910815,-0.17425051475073935,0.3773603109935675,-0.9365285713231966,-0.18936720414226743,0.22223903719700513,-0.33738834211129526,-0.11827402812797479,0.33800784219960145,-0.5399408981954507,-0.16346112306955562,0.41407998269783747,-0.6701743952767546,-0.19021406302456612,0.4679700883576571,-0.7679500542014736,-0.20377267750992212,0.28485235126117764,-0.24947416428898786,-0.13308122842736678,0.40638214175219745,-0.36219235322910376,-0.16811457600752044,0.47841874629187187,-0.4322945726573224,-0.18019689794882532,0.536254411654799,-0.49029808235756994,-0.18372347309347276
No Gesture,0.0,0.0,0.0,-0.025024371763830065,-0.22948735716711022,-0.009025398801176926,0.018727708572025416,-0.4059821279073924,-0.03074194836805945,0.10055811356590452,-0.5005849153640811,-0.05215613176607873,0.17645282434095205,-0.5378265591640375,-0.07554107084172083,0.054851292698142214,-0.46615312289201055,-0.08015969515450887,0.10294034852719712,-0.7137708705111169,-0.13662901620604795,0.13799326300413284,-0.8750526159049737,-0.1695535602776038,0.16926999120449504,-1.0,-0.18907656073559992,0.14200606843157884,-0.4126990563941468,-0.10182909530497242,0.2433490743816268,-0.659832539104043,-0.1495437342290431,0.31235964591943405,-0.8224816535019773,-0.18007499931224014,0.3659175332395601,-0.9491619743487316,-0.1997982903431175,0.22038101684343034,-0.33292836244810614,-0.12150302789627254,0.32681247987600587,-0.5479536184308855,-0.16739180520681018,0.39933125454782237,-0.6861129337820344,-0.19717003835618555,0.45198820010160506,-0.792641598188473,-0.21397267197689354,0.28547461688897213,-0.23762175343056396,-0.13947037088243394,0.39991749380158337,-0.3618794606807901,-0.17605612315382796,0.47030156604303797,-0.4406686646252288,-0.18916672459063846,0.5289424929497649,-0.5086329800847276,-0.1941115048036997
No Gesture,0.0,0.0,0.0,-0.052789341704321806,-0.21921430697848054,-0.016216595845471925,-0.031975636390637954,-0.4017264482498108,-0.037676679308409795,0.030172396175014153,-0.5053612339033208,-0.057930045109297716,0.0919970305062854,-0.5476687873443298,-0.07982026853321457,0.03857749738236302,-0.4798455236534242,-0.07409010449917201,0.08671556896221679,-0.7219330389045232,-0.1246509208749182,0.11634338764802336,-0.8772388545206948,-0.15420790838179016,0.1402575366486208,-1.0,-0.17198154426422843,0.13323704107901824,-0.42804730752959785,-0.09200327388702303,0.22473437030588034,-0.6693565143225787,-0.13368670739563757,0.2859325089054156,-0.8277185445870264,-0.16127517058215843,0.3347790114903534,-0.9549683328939382,-0.17925276756075478,0.2119194278734569,-0.35062383892387017,-0.10945466963081683,0.30805806419529036,-0.5609424719349123,-0.15178469523835728,0.37289245309882574,-0.6955196000891053,-0.18098733951153978,0.41939936386482435,-0.8005940349894783,-0.19753233800260916,0.27274111723539385,-0.258655369102142,-0.12618882092035644,0.3790835307205331,-0.3802763352673532,-0.16305185974994402,0.44549562069503457,-0.4597125742628891,-0.17726726351321018,0.4994709205566762,-0.5273471364720452,-0.18249056480816558
No Gesture,0.0,0.0,0.0,-0.0590531571703767,-0.17815884582989083,-0.032341258109236125,-0.06593057417914856,-0.35328311084208547,-0.058901304408039395,-0.04508786947763927,-0.4894394845072854,-0.08262003341461092,-0.03471036373686646,-0.5840257199489376,-0.10827370142396343,0.047700579559363854,-0.49259550217219156,-0.07449611274155592,0.08931388583435156,-0.727792471129931,-0.12602565573958235,0.11421321455397827,-0.877069586798394,-0.16062360494466696,0.13509929673857624,-1.0,-0.18289562200801837,0.14208653970395144,-0.45143611805269984,-0.08919755267964188,0.22804688869682982,-0.6827081703675864,-0.12962768742092778,0.2856140194148835,-0.831166458553041,-0.16095497607658169,0.3344305261941692,-0.9510453688597321,-0.18261387779959093,0.21600594276544674,-0.3717829288208509,-0.10584882639936778,0.30803439785820785,-0.56980353501858,-0.14787679058434425,0.3640106857723732,-0.6961377989209545,-0.17726243004719128,0.40662523449642846,-0.7976706643426568,-0.19613245616281524,0.2721303742506703,-0.26844151220775403,-0.12373872915338391,0.36883974397466823,-0.37908194011581803,-0.1621747897715484,0.4301155573468756,-0.45375407403197676,-0.17585851755570928,0.48341440404532143,-0.5182637131152331,-0.18178715893205788
No Gesture,0.0,0.0,0.0,-0.061847616819794914,-0.19545708702539819,-0.027315956664091746,-0.05479655578702508,-0.3700908756504481,-0.05415420171834099,-0.020598377015374657,-0.47542763306979885,-0.07946258404717972,0.004504447012391847,-0.5417359230750584,-0.10774187608243804,0.06707771629606364,-0.49722139951874483,-0.0751183775675203,0.11654884348824635,-0.7303603406097796,-0.12734219996264493,0.14574284052545983,-0.879942720514688,-0.16154028815639915,0.1701718473490386,-1.0,-0.18361273808889061,0.15650879751815247,-0.44817528028424203,-0.091639168257878,0.24073835247304665,-0.6816315404487289,-0.13504785098254546,0.29534351716540064,-0.8356091551262742,-0.1666960478829501,0.3408301556411519,-0.9581083488183109,-0.18806320890950132,0.2257462284681519,-0.36716800928360854,-0.10922467741500688,0.32491133741458667,-0.5726379392665654,-0.1536680149792612,0.38501464628112847,-0.702415313948917,-0.18388460352715852,0.4277094763714877,-0.8073244119485354,-0.20223041531063796,0.2740181866581855,-0.26595080045827807,-0.12740188256188667,0.38137693915747667,-0.37489301927023333,-0.16865592299480556,0.4459322998406356,-0.4552828454555324,-0.18527770803942653,0.5007781382375478,-0.5255623339295445,-0.1925829965237678
No Gesture,0.0,0.0,0.0,-0.07258111660138082,-0.18566219020403715,-0.04186238280484587,-0.10495012968546596,-0.36761244166451673,-0.07769959176748686,-0.14506634768834262,-0.49408816773572656,-0.11118959965168047,-0.1909930883653329,-0.579680706570796,-0.1486277356471272,0.08458780470832751,-0.5176031526270908,-0.07734648525734869,0.1348786369207399,-0.7395710368469528,-0.1271030911415436,0.16367870663775577,-0.8818808626791422,-0.16455937030107937,0.18590386108851764,-1.0,-0.18999945075792934,0.17840806741412235,-0.46161356160076045,-0.09091152427458822,0.2659362709668017,-0.6801304535347905,-0.1295158693777556,0.3177396899890435,-0.8259402442458844,-0.16332660343491176,0.3588750598207446,-0.9440215689479623,-0.18754972151859975,0.2473696186768078,-0.37040545499543426,-0.10763909485978446,0.35101138087613676,-0.5590693500496619,-0.14743616221548106,0.41056139758327476,-0.6825853852915478,-0.17965909451842052,0.4552382539629397,-0.7873947433895205,-0.20168333660846052,0.29223822967358387,-0.2565562551327676,-0.12646196703015655,0.40042453034561126,-0.35163910481250915,-0.1619765747800366,0.46128538450378487,-0.42807613203168643,-0.1754486659819724,0.5103855951647114,-0.4987724028278062,-0.18238747846880196
No Gesture,0.0,0.0,0.0,-0.08524895891883562,-0.21165780839631348,-0.03053575610882066,-0.11109519043902448,-0.4379288082801782,-0.04927363537444854,-0.14374354617921992,-0.5990205871466127,-0.06564668224914078,-0.19114453454252703,-0.6923746388893748,-0.08352907029322554,0.10270464432425414,-0.5263506557704347,-0.052928938431611526,0.1650873212883548,-0.7427580665570236,-0.09246942324050123,0.20620740754047362,-0.8853071526258788,-0.12276873397677532,0.23864363122428814,-1.0,-0.14296405399252685,0.19712143638394106,-0.46409224514095154,-0.06278458557699194,0.2910375072860318,-0.6609881710614498,-0.08906849507214697,0.3546994688189356,-0.7978289476897981,-0.11112124696635764,0.4038484902491267,-0.9067484057398251,-0.12762143204220092,0.26636517189362136,-0.3710401766643077,-0.07593767520901012,0.35701476840622204,-0.5212492123049199,-0.10583679193474506,0.4066619582237572,-0.6110193637078326,-0.1268292144617134,0.4392293186608924,-0.6814214265983217,-0.13863617870260228,0.3153592622304877,-0.2625159252681236,-0.09141479033280293,0.4287335880115606,-0.35641513528027763,-0.11830451396705903,0.49706954581332286,-0.4213099587822151,-0.1282521869042434,0.5526080566374627,-0.4776739283525634,-0.13167880035352922
No Gesture,0.0,0.0,0.0,-0.07504399681527227,-0.22370908421811236,-0.038677884001153566,-0.1060040577059884,-0.4521120210844542,-0.06896737438028898,-0.14241037541414925,-0.621800760206211,-0.09675519015520569,-0.20083157782024483,-0.7097413677913418,-0.1269533761901565,0.1307031089235901,-0.535590775628612,-0.05941936805000478,0.20682027304182604,-0.7475738613689923,-0.09994946105987787,0.25096952126903593,-0.8875701942160777,-0.1358573597284282,0.27863433086507056,-1.0,-0.16225084240138837,0.2193152977100653,-0.46317803511988276,-0.07237434112039749,0.32408663603661947,-0.6576586478513976,-0.10088621343131846,0.3727023760084187,-0.7933344148384913,-0.1280869754930109,0.40286960513937436,-0.9051658278559048,-0.1496041901086898,0.28177901757153817,-0.35986237997193327,-0.08878447190735743,0.3943978505278265,-0.527491341408715,-0.11749476154414565,0.460648202135118,-0.635076794382633,-0.14107335645247263,0.5097328377308029,-0.7261896954033926,-0.15945062775826382,0.32119260039153236,-0.23761372716098839,-0.10834948488477505,0.4401113726967709,-0.31522980459847577,-0.13437323227695386,0.5158151445684195,-0.370024748772322,-0.14182408553427087,0.5818441269309087,-0.4215447681930278,-0.1460637317867331
No Gesture,0.0,0.0,0.0,-0.06610384038682894,-0.2311616319372575,-0.05448115812099707,-0.09156196725136516,-0.4819417197522428,-0.09533732919490004,-0.13934244672312043,-0.6641367126744647,-0.13437195271516592,-0.21806130772501986,-0.7506451449882718,-0.17554883561113577,0.171098045506377,-0.5652608509354872,-0.0532301228648987,0.2642789234626867,-0.7645376702846756,-0.0995314940466484,0.31665575856416533,-0.8943495782633449,-0.14196104186183803,0.3511075089769237,-1.0,-0.17314521691225343,0.26133820476041736,-0.4795673173849908,-0.06994343961845385,0.39586262806800043,-0.664446583876644,-0.10206384773179723,0.47787870078014155,-0.7775027324578357,-0.13441632323376035,0.541211845050152,-0.86022947269612,-0.15983310369683468,0.32417384816082606,-0.361413044939187,-0.09430886895975545,0.4568167329911556,-0.5154432925619622,-0.12680425079688107,0.5456693937034924,-0.6070353329781452,-0.1512312041211788,0.6218541621528918,-0.6779412025610105,-0.17028866947017265,0.3602883253756491,-0.2240154415452943,-0.12481989233712172,0.4778748030291708,-0.3125683114458936,-0.1503680706896042,0.5622006964071338,-0.3655117316928013,-0.15455674172856182,0.6390349780139964,-0.40784601141799104,-0.157880296859158
No Gesture,0.0,0.0,0.0,-0.06172422981349529,-0.2565738639745579,-0.046350833876281965,-0.082278454386813,-0.5294252381860975,-0.08826234145506959,-0.13433180643162262,-0.7338555802606627,-0.12889939365491507,-0.23230532629005995,-0.8221490958468534,-0.17309101907789806,0.18823057226410717,-0.5789091752616891,-0.059313767512102974,0.29784151411093046,-0.7702773177633676,-0.10316236677981319,0.36351409535454365,-0.8967522998093621,-0.1439844001689787,0.412296421603995,-1.0,-0.1761213833203058,0.2806699194336603,-0.4811363341786967,-0.08184609654296494,0.4255031154580232,-0.671855504050012,-0.11493949380794827,0.5150609212365707,-0.796423829123483,-0.15232373845192493,0.59053588881923,-0.9016401422079616,-0.18364937543667556,0.3408558205745393,-0.3597811641760989,-0.10904863997608231,0.4890203816206612,-0.5225419422812796,-0.1472272381061956,0.5850969099084415,-0.6256701113509924,-0.1828123620653222,0.6679327415974976,-0.7175192431892989,-0.2110202289792748,0.3720287581168515,-0.22734457616586998,-0.1398079035336511,0.49963723452131087,-0.3047360747287151,-0.17239109448193968,0.5902071260852368,-0.34736341744133586,-0.18434366767615057,0.6729978989224259,-0.3906360474152629,-0.19447471244629203
No Gesture,0.0,0.0,0.0,-0.04607725651183946,-0.290752465502753,-0.04899500551300104,-0.0561250926149277,-0.5879549031708048,-0.09941254742390648,-0.11068335791408043,-0.8099028292883855,-0.14834080539719796,-0.2239626495659468,-0.9082801577195575,-0.2019480052321987,0.18727880489801457,-0.5755601649933356,-0.09121574499939314,0.3421707331917764,-0.7713590968134215,-0.14609499105621818,0.446477946746956,-0.9021144849226097,-0.1890633324130784,0.5338033883484729,-1.0,-0.22168610829693247,0.2763381303860445,-0.4675636072403854,-0.11312897818633325,0.4577244011893401,-0.6776122543518786,-0.1583665154796991,0.5835069684967134,-0.8047649050324038,-0.19516081354001996,0.693646597358434,-0.8992107028109552,-0.22685464998030913,0.3391537819256435,-0.3405044829419635,-0.1381137196956333,0.5207854385747442,-0.5273563551585864,-0.1867365939421581,0.6476802778678485,-0.6286593406070122,-0.2218527928454664,0.7514412884230113,-0.7045356500693672,-0.24775405755727048,0.37835048777319263,-0.20313989716413428,-0.16613342764629838,0.5400064865791502,-0.314716498991299,-0.20202763658498005,0.6496003588674989,-0.3672476711038003,-0.2135889148175591,0.7434114867659053,-0.41037933020824763,-0.22421100439485112
No Gesture,0.0,0.0,0.0,-0.04839725993083277,-0.3223980176900315,-0.05126144788181032,-0.05429849776677634,-0.6302688176798795,-0.10491351798387799,-0.10968312256312751,-0.8774843254376522,-0.15749048208770208,-0.22609964574798794,-0.9919304349608897,-0.21466130966474678,0.24158501630802623,-0.6226055788966957,-0.0847910833678902,0.4222442833450629,-0.8077539450228588,-0.1397423744396003,0.5499116622745127,-0.9197149747387421,-0.18585941243941362,0.659148363315361,-1.0,-0.22006941705987637,0.3429591596230582,-0.5040869477011399,-0.10497308218884135,0.5507377074320338,-0.7126656647534749,-0.1434241429401142,0.6854040664536465,-0.845674973220909,-0.18082919259582814,0.8005059195907207,-0.951987447949524,-0.21431401025454402,0.4087115109210825,-0.3689242340832746,-0.1287722372286386,0.6127438381222651,-0.5511716870211457,-0.1668924190280166,0.7424337545595965,-0.6699965303127241,-0.20211469478407898,0.8456730304605805,-0.7684619067274979,-0.23127310919734345,0.4401581043156478,-0.22150228943970876,-0.15652321478843406,0.6196533685686676,-0.30985258086615863,-0.18325580358436164,0.735248682829165,-0.3620012283205515,-0.1922113293362285,0.8314055639498418,-0.41172398815461825,-0.20197899090837132
No Gesture,0.0,0.0,0.0,-0.05182157225565343,-0.33861921376417914,-0.052163741187268624,-0.05509618049855284,-0.644095445719845,-0.11278349211762974,-0.10360605815291685,-0.8884285789989245,-0.17128931538748624,-0.2167935402428428,-1.0,-0.23611011669895363,0.2496979722133599,-0.6297240214036006,-0.10493510198789194,0.4565793250835301,-0.8127149784434495,-0.16361592389526428,0.6022880273933405,-0.924529176959945,-0.21083247758806517,0.72557404952812,-0.9994403559687648,-0.2437827233500697,0.34606725121353177,-0.49305903269233653,-0.12232005453702656,0.5722654063890503,-0.7065609284080082,-0.16327964564276345,0.7238667375800255,-0.8393485090488622,-0.20101859418004148,0.8551557949360461,-0.9349454206844602,-0.2332650362964821,0.40668578302404174,-0.34361021718290513,-0.1409214270838958,0.6180251170920142,-0.5386658772769706,-0.1779729385288046,0.7660869195409362,-0.6530986405882315,-0.21284604500022344,0.8847783353382013,-0.7365441189951388,-0.24067318288855968,0.4350773577066332,-0.1913858686575316,-0.16290440787776655,0.6109067129071326,-0.29736227252479325,-0.18755080451946704,0.7279058857055362,-0.35286489607071286,-0.19332805129351896,0.8258713012950172,-0.3980673905175958,-0.19942226922886697
No Gesture,0.0,0.0,0.0,-0.04519899514020719,-0.3184608358301192,-0.05252054978355594,-0.049414687413277085,-0.6144353427031348,-0.11145689377061371,-0.09228113375900446,-0.8464697446699763,-0.1645873579701831,-0.19600129764523722,-0.9652822588261428,-0.22393102723563807,0.23292840979371832,-0.595710699696834,-0.12596966858589945,0.407349413500838,-0.7842042446463254,-0.18756800250498665,0.5282293131892126,-0.9080542150303739,-0.23215609296948972,0.6352685785005142,-1.0,-0.263571078398829,0.3323894140045271,-0.45977743721361763,-0.14052307553425855,0.5529139545617525,-0.6603755034671408,-0.18238932766908517,0.6974397982531351,-0.788267498313368,-0.21495585620331592,0.8237831104966391,-0.8842057460273539,-0.24467192002783064,0.39119245493072097,-0.3182378888193446,-0.15540581767594147,0.5975483981475218,-0.4931482943100726,-0.19490921087778504,0.7399647207746093,-0.5955461935389924,-0.22904976790951923,0.8563474192470913,-0.6739770469514136,-0.2570227162521641,0.41783833581115015,-0.17902418950851082,-0.1726885093195614,0.5895047089282287,-0.26884955629347446,-0.20189117751580707,0.6993384802181749,-0.313352750118375,-0.21107478624493323,0.7933581082728194,-0.35336923625069966,-0.2202671933897634
No Gesture,0.0,0.0,0.0,-0.03804661215485815,-0.3168048103483144,-0.05206735032142796,-0.035409412693929464,-0.6123655552667935,-0.10931840247546525,-0.07231994443235612,-0.8397473765076006,-0.1593024259162635,-0.17047969702224663,-0.9536343372698447,-0.21556922783638002,0.22659158956640413,-0.5772043578742995,-0.1380803701108217,0.40473427803967404,-0.7759185258533194,-0.20506484087177979,0.5270142683460401,-0.9051449416008689,-0.25149050136807566,0.6343451807773424,-1.0,-0.282778024448809,0.3203385691175049,-0.437179597438487,-0.15006145796901268,0.5482584904280066,-0.6327348751975971,-0.19779837512713624,0.6961001138704339,-0.7596000733758581,-0.2305359094946556,0.8227874335540405,-0.8526744670028734,-0.2589409746219958,0.37906126523853184,-0.2993614389187494,-0.16172467907205984,0.5877932586635286,-0.47094659086583357,-0.203324905653702,0.7285590620046366,-0.5746731727429678,-0.23668002146583914,0.8420600319163052,-0.6514009165089572,-0.26297249553717006,0.408486644857557,-0.16792951782004148,-0.17558704153344706,0.5803577652696273,-0.260312605593327,-0.20763070486859286,0.689911649764685,-0.3067452371094486,-0.21884703660517102,0.7843144534618632,-0.3472160018271905,-0.22835006398592703
No Gesture,0.0,0.0,0.0,-0.038841393844348836,-0.32108009562715956,-0.04952880988497661,-0.03290554500505087,-0.6188275451039927,-0.10345842897595055,-0.06874891440950978,-0.8419219504719481,-0.15073972804210473,-0.17033743858854586,-0.9515653805212176,-0.20492886470875943,0.21388399424888688,-0.5632332954056172,-0.13634959697846247,0.3984346897056604,-0.7666285932947688,-0.19937218248865995,0.5221465922095295,-0.8993850154257239,-0.24130312980398785,0.6284249843511107,-1.0,-0.27026219736583396,0.30764982943451913,-0.4201944098468695,-0.1508902769119748,0.5394078906608084,-0.6182616725264494,-0.1972443861128975,0.68774398963264,-0.7489301715424148,-0.22813084985093687,0.8139412213515304,-0.8457282472635317,-0.2554791079044382,0.3653300515012712,-0.28088519575274085,-0.16480553772757728,0.5800882923523086,-0.45209676389864045,-0.20667704579360238,0.7226962189692786,-0.5570459953278838,-0.23868052654979918,0.837008722022197,-0.6379528209590714,-0.2639495423107394,0.39316299205827643,-0.15011635033099488,-0.18056206925640236,0.5673846402581353,-0.2418005047907996,-0.21312250767812038,0.6795240115840016,-0.2931067013140073,-0.22368769281255726,0.7758966684837221,-0.34065404320326326,-0.23306939899172663
No Gesture,0.0,0.0,0.0,-0.03949721194230099,-0.3164356463972485,-0.05055063285247669,-0.03517326947834499,-0.6139032636734875,-0.1037683178494623,-0.06984038274428724,-0.8359100649823716,-0.14978641180667243,-0.17049067296384085,-0.9476153200345648,-0.20265160973396662,0.20881906058339986,-0.5540060903576697,-0.13766584625213438,0.39171965756782845,-0.7580425578631407,-0.19880250944024053,0.5150678272649791,-0.8947403449730602,-0.23923729607168306,0.6205282342643342,-1.0,-0.26739001949533303,0.3067071840438414,-0.41175364700712397,-0.15062421307652585,0.5356492584694862,-0.6111160612307511,-0.1941831148092906,0.6844006387364848,-0.7414756218529485,-0.22311303293327509,0.8098748200268675,-0.8382785028536792,-0.2494730614584043,0.3662362084094706,-0.2729284487937077,-0.16262905662605087,0.5779122136971314,-0.44683035027720414,-0.20166295292016323,0.7211973401218911,-0.5517646969181695,-0.23159913836211535,0.8351361358059881,-0.6323690241106074,-0.2558696203114652,0.39248472317920213,-0.14495598617968064,-0.17652205333673524,0.5630100728973797,-0.2399018725602843,-0.2066712364659189,0.6734811931478112,-0.29360045941256957,-0.21545777009824982,0.7672246669593198,-0.3410056041056033,-0.22385463731007238
No Gesture,0.0,0.0,0.0,-0.04012886505404932,-0.31252193635408665,-0.048948001077572585,-0.034690893170961495,-0.6073827476726573,-0.10009178366485838,-0.06672013669095476,-0.8284111301423921,-0.14409723192787055,-0.16500223774024758,-0.9426796490678558,-0.19469588934562354,0.212694231520382,-0.5520300915709307,-0.13357535523138178,0.3972254729122007,-0.7570453224419658,-0.19007225141137657,0.5189829934836261,-0.8941177453730155,-0.2268021809241063,0.6211182712264983,-1.0,-0.25270263150533073,0.3097124194274232,-0.40974865503454416,-0.14635988754057497,0.5390694203974202,-0.6061444075992792,-0.18676504619728704,0.6854364351776481,-0.7351156227696105,-0.21354825126033686,0.807573257363651,-0.831087597471694,-0.23831907632723692,0.36777303526096755,-0.2706707773408218,-0.15803209774702276,0.5786810594941778,-0.44160070542981633,-0.19523187920367716,0.7185057791266809,-0.5450893827117698,-0.22407617302794738,0.828846181820883,-0.6258419381616113,-0.24770557260169346,0.3932459010355507,-0.1436075220261113,-0.17130883425512042,0.5627363864611453,-0.23636309331841093,-0.2011632256114386,0.6725983677186006,-0.2878882231723419,-0.20967772279460956,0.7655574402851432,-0.33415775852090013,-0.21764537800804912
No Gesture,0.0,0.0,0.0,-0.040898492542103856,-0.3152555526868644,-0.045012846571686554,-0.030790959191517347,-0.6121255473293528,-0.09246405890485669,-0.06394640888245262,-0.8350064914822951,-0.13233713111617346,-0.16420403718193044,-0.9441666361504941,-0.17854566848473977,0.22471995385339252,-0.5599305831440561,-0.12751502450323166,0.4078620713106024,-0.7645058241782251,-0.17826692632752436,0.5228198528269106,-0.8978457787516967,-0.21078474828519786,0.6169374989806573,-1.0,-0.23396439063360353,0.3233724058304251,-0.42229177174231136,-0.13804351755616084,0.5483174997992087,-0.6179697277516331,-0.17147833447297295,0.6894585420613896,-0.7437833940528237,-0.19387162121247017,0.8063324571345222,-0.8376309336133231,-0.21582635977913733,0.38028758082041625,-0.28653670572429035,-0.14699599133558833,0.5837549309262586,-0.4625537328254211,-0.17859480849796586,0.7186466713420521,-0.5618415622885344,-0.20673951547039326,0.8258385998092713,-0.6370238207704662,-0.2305953090144841,0.40425944480670645,-0.16181685188188363,-0.15712175745820547,0.5676833193676967,-0.24977605232328598,-0.1854716408146234,0.6749675656679827,-0.2928130874683773,-0.19552086006732286,0.7658849372069486,-0.3293254058984325,-0.20434407926401615
No Gesture,0.0,0.0,0.0,-0.03319457022240478,-0.31775107539673436,-0.0436208567350232,-0.023830048742772544,-0.6155112739911565,-0.09285673101096495,-0.05931283185399918,-0.8370211856033253,-0.1353253069851389,-0.16042174749778118,-0.9409293413976408,-0.1844724899410843,0.2326320425329129,-0.5599549075876602,-0.12558953298405917,0.4111116439540436,-0.7628681375139418,-0.17887470465253788,0.5249098279172166,-0.8969165151732431,-0.21472285198468985,0.6194942362997781,-1.0,-0.24018154673418687,0.33007048121971916,-0.42073895739009515,-0.13751582235005097,0.5541880798093689,-0.6142820285129659,-0.17382345018196638,0.6967402445532834,-0.7422046430388666,-0.19902271220222723,0.8158902565963059,-0.8378729620591893,-0.2228875115710323,0.3858524950215867,-0.2835186198101581,-0.14777854133015564,0.5902326647081214,-0.4545230526772384,-0.1797462889652404,0.7265624595782648,-0.5541248336699897,-0.20770907521483467,0.8347348260812252,-0.630396434369543,-0.2313762786628381,0.40877423962348236,-0.15947602851620926,-0.15931435914791361,0.5731996067464711,-0.24907657933679897,-0.18531276007855083,0.6796878806882817,-0.2960503133463949,-0.1928455374482018,0.7708716700309134,-0.3360767021995679,-0.20037267749407417
No Gesture,0.0,0.0,0.0,-0.031022326783148133,-0.31445095844219423,-0.04159543922857967,-0.02023759359264864,-0.6118062363175035,-0.0897452245656049,-0.05413574392599823,-0.8329741684020077,-0.13188449187530893,-0.15393979235389754,-0.9410061872833809,-0.18031093687753835,0.22478377485232168,-0.5604207257158007,-0.12283535011499472,0.40646390548464845,-0.7604921195215213,-0.17423574084699078,0.5196957449646217,-0.8954091533084511,-0.206493359223291,0.6116568378831282,-1.0,-0.22909869455805484,0.31979355124239167,-0.4193308167517637,-0.13815601894535753,0.5485749477394414,-0.6117486035021797,-0.17453792788134867,0.6923428563855734,-0.7428133304701844,-0.19899317642402048,0.8092086451996757,-0.8420276056562448,-0.22155987157578316,0.3754394213233866,-0.2788107638066228,-0.1519974968818901,0.5876900621224733,-0.4522297542969771,-0.1854172197250648,0.7261408042104625,-0.5552340805335381,-0.21328994782291916,0.834344411701095,-0.6357247792674731,-0.23602355084392654,0.39995417112492704,-0.14980571654347652,-0.16677265724635446,0.5709891047011811,-0.23959024609289192,-0.19209655867667302,0.6818573823591346,-0.28960520519863403,-0.1989151640904439,0.774528946120021,-0.3332421841080285,-0.20567709980412038
No Gesture,0.0,0.0,0.0,-0.04146984411980739,-0.3104286219506982,-0.048333257822747604,-0.034771231923765994,-0.6018397826771287,-0.09747898209629771,-0.07091658796873847,-0.8227666693870889,-0.13998553054118779,-0.16950196841978446,-0.9345071566535698,-0.1887032983959017,0.2374175031964961,-0.5620639454671936,-0.12020160007517947,0.4125628709004209,-0.7660799104592462,-0.17079466183264994,0.5233768600886858,-0.8986985500149623,-0.20384081573859328,0.6149557542759208,-1.0,-0.2274082219714692,0.33211648847901193,-0.4222920723010497,-0.13169703559534363,0.5542519421871417,-0.6117243979122703,-0.16799239377779068,0.6922872532674214,-0.7375981780943831,-0.19350808867078093,0.8068171837412024,-0.8325042263702184,-0.2167385123182453,0.3839072646931947,-0.28222048633376473,-0.1429954736843636,0.587301496620847,-0.44342742107860855,-0.17770527264516234,0.7222306296222888,-0.5423132138679352,-0.20764406314544798,0.8307292286048509,-0.6219604916968828,-0.23190712020047433,0.40287101701041145,-0.15292690225523,-0.15599369958045126,0.5669300423997233,-0.23199853874464174,-0.18494186776472488,0.673319303727367,-0.27555856097437753,-0.19402945758723678,0.7634526432788084,-0.3144892018669869,-0.20186470104559293
No Gesture,0.0,0.0,0.0,-0.026763602300051762,-0.30877639771825005,-0.035266143291425696,-0.013834885785915584,-0.6062259464409198,-0.08017296992293454,-0.04658036439550129,-0.827026370799311,-0.121447805885173,-0.14296339695353869,-0.9311927514999111,-0.16848484855680068,0.2314189926002658,-0.5619617546694827,-0.10915468708282024,0.41291921481496396,-0.7731717159885687,-0.15724621056055804,0.5282763246634522,-0.9028262903322728,-0.1871445728824622,0.6215657000556071,-1.0,-0.20779136101836304,0.3224415340470436,-0.42753589369810097,-0.12835648868429123,0.551637998377848,-0.6201626361465379,-0.16213945218342996,0.6978130992895535,-0.7458019418849846,-0.1858987903100121,0.8155833814518901,-0.8369943090465022,-0.20731951700850568,0.376183937644451,-0.2882713343649464,-0.1464392097452116,0.5884230717727548,-0.45752923488291863,-0.17640835820079656,0.7276786327070143,-0.5556892605786855,-0.20457595856573502,0.8360538238467332,-0.6297376951470567,-0.22789574778357893,0.40178750906321786,-0.1568640549347677,-0.16546573321227334,0.5723306554708283,-0.24409682155198895,-0.1890443979779901,0.6836616681323381,-0.2881796727084052,-0.19546284914916986,0.775761805975608,-0.32494270765178085,-0.20192551067424291
No Gesture,0.0,0.0,0.0,-0.029818608035122044,-0.31386663390139297,-0.041073894630639124,-0.018964240529125907,-0.614112342269043,-0.08692972745227494,-0.052798842529283706,-0.8356067880249993,-0.1277040549663418,-0.1521544934631096,-0.9427825233023779,-0.17517661742800347,0.23089983088253868,-0.5634293391196474,-0.11788208399479427,0.4156467019912076,-0.7673725857570228,-0.1684526351811269,0.5303686373960089,-0.8988649202734196,-0.19993869756965924,0.6224212549744328,-1.0,-0.2218217189935952,0.3241845765997941,-0.4221771214605162,-0.13396151603081197,0.554817384015141,-0.6167108509293352,-0.17222696316297212,0.6996044466384981,-0.7450586235404146,-0.19846500090145722,0.8187231085928698,-0.8411452835313646,-0.22161601347003743,0.3790199700808976,-0.27968996899253334,-0.14894395914039027,0.5933916330671882,-0.4512785473424421,-0.18674502907418716,0.7332273399597773,-0.5536039670097769,-0.21844940751060377,0.8436826691556633,-0.6324735775406523,-0.24268439892063426,0.4026234412456376,-0.1480323527971741,-0.16467949613588745,0.5757322212267206,-0.23472851860525965,-0.19651937436383082,0.6876819462822069,-0.28035312274784224,-0.20726671808454597,0.7815283378557103,-0.31881962685633936,-0.21559670030585065
No Gesture,0.0,0.0,0.0,-0.029240206686406915,-0.30656716715767834,-0.04157322341731871,-0.016875941694751206,-0.6062371998114116,-0.08701372725207436,-0.053644210572924594,-0.8274657746967244,-0.12698805554619744,-0.1544459685486426,-0.9345034150466607,-0.17402056334792018,0.24690601044470442,-0.5639577559476443,-0.11576433841820427,0.42226804842181936,-0.7692372334879126,-0.16521778322803182,0.5333406325070533,-0.900085875077643,-0.19812381737101475,0.6253672063845657,-1.0,-0.22206404828579326,0.33809823341806505,-0.42116907973348167,-0.1308955820570874,0.5621462018519581,-0.6105490392218982,-0.16624947686916006,0.7051561919236267,-0.7327766524560148,-0.1933697595085496,0.8242340388976059,-0.8245579023780599,-0.21838767743392745,0.3874868490145258,-0.2761682004026213,-0.14505982484719798,0.593188763960157,-0.44215484080993234,-0.18057378048277337,0.7315438352670297,-0.5352151741324559,-0.2135712167032222,0.8418569830719455,-0.6100551172066964,-0.24016314076645423,0.4051022315671048,-0.14193974775053445,-0.15997198608654312,0.5700926088187531,-0.22326179363539075,-0.1913123942394993,0.6775245448683249,-0.2616815362970317,-0.20269012094471517,0.7680706779329114,-0.2951141945204591,-0.21238133315531552
No Gesture,0.0,0.0,0.0,-0.01909581765171335,-0.32945768499569333,-0.032838416397398,0.005271951896851713,-0.6461190365094264,-0.07868500009312937,-0.028339331863072668,-0.8832285845251584,-0.12166865077590586,-0.13302019982891733,-1.0,-0.1712601583840854,0.261794910972696,-0.5999117448871326,-0.10916279355412616,0.4627085964525918,-0.7920797697275095,-0.15980405757260216,0.5914530860589322,-0.911136838022921,-0.19278618854378174,0.696879295261707,-0.9992702423857761,-0.21586220323498506,0.3589687901566109,-0.4515775313600876,-0.13346862950981175,0.6084958950517434,-0.6478841387667738,-0.16813369921835772,0.7673115134107147,-0.7802061182865219,-0.19552502051384277,0.8955473765978559,-0.8790845744174316,-0.2206609927616722,0.4152072473796077,-0.29666760469932985,-0.1562496655485223,0.6511525877612888,-0.4713275322235601,-0.1901758289461369,0.8018683406739461,-0.5725756858315347,-0.2228114504596611,0.9175223405005937,-0.6497719363543467,-0.24938187667462036,0.4358723646202588,-0.1501280982010003,-0.1793420862171921,0.6221727237754767,-0.23315648868332944,-0.2066819897812941,0.7441926540365037,-0.27484609219485007,-0.21558299323501962,0.8442503668935762,-0.3086452017820099,-0.22404124088583988
No Gesture,0.0,0.0,0.0,-0.015120147769894707,-0.3278604313276011,-0.04684254266739918,0.015607690169351337,-0.6380139115407315,-0.10058629315524113,-0.020159897474450777,-0.8779710430711379,-0.1544973969686931,-0.12793817792914003,-1.0,-0.2145769841037702,0.3205471669562907,-0.6105182832893077,-0.0849822831971031,0.5360793357680926,-0.765234533869583,-0.1423552675539802,0.6883221420677925,-0.8530214362888682,-0.190261593255069,0.8118882290755173,-0.91065080512751,-0.2243794834293501,0.3998380878238757,-0.46720247118480207,-0.10896390884396441,0.6393812383859381,-0.6436237516381219,-0.14958098783122506,0.8009759748965091,-0.7500482706773095,-0.18810402663811085,0.9341737737536238,-0.8302635236635869,-0.22090380209387506,0.44682154707178434,-0.30846503354298555,-0.1364871707743533,0.6782630977861219,-0.47344821754532995,-0.1776269146419232,0.8296965143778149,-0.5631727939615779,-0.2129073450246515,0.9458614398766462,-0.6352681316303712,-0.2402546736021249,0.46502541228635946,-0.144162089510953,-0.16763810462366938,0.6567971960556352,-0.2217287886319474,-0.1989247034683227,0.7809747972289208,-0.2524097680679542,-0.20770453200813813,0.8802253864050601,-0.2774548891691555,-0.2152866443672117
No Gesture,0.0,0.0,0.0,-0.010676715104087898,-0.3215076535749042,-0.029946378160904622,0.037082745883185414,-0.646388170806842,-0.0619667520092291,0.012762824752713028,-0.890682000653355,-0.0990674743819343,-0.10065937184191007,-1.0,-0.140619429837749,0.33395062448962004,-0.6204817694899694,-0.01928758187780106,0.5133751090284013,-0.7692238894467031,-0.057713560723673306,0.6305143994738827,-0.8682459684168261,-0.09866674511690032,0.7151023283368099,-0.9479952764802327,-0.13122430807870994,0.4166786545693565,-0.500149262263324,-0.051342678890118155,0.6360811351553916,-0.6598071830254044,-0.08150748580105537,0.7809783141415308,-0.7594831319909285,-0.1202961045148524,0.9035178257251923,-0.8428708686583065,-0.15286521191278457,0.46868217643778015,-0.3606955638637348,-0.08989346183463431,0.6910595165893976,-0.512259676168696,-0.12943744180173308,0.8341308721911614,-0.59804796889165,-0.1727614789313863,0.9507510492562036,-0.6708033228062954,-0.20474336506736826,0.48809863051229657,-0.20899789659515525,-0.13127855405365002,0.6763083021919666,-0.2627263031350912,-0.16254461004682602,0.800380348399924,-0.2732915650770593,-0.17757009063440607,0.9043772639325894,-0.27732928525606415,-0.19053310835515844
No Gesture,0.0,0.0,0.0,-0.01772543752566848,-0.31242538851172824,-0.03629883978259858,0.021354180335834156,-0.6476825130887082,-0.07042574605514162,-0.007562226779202485,-0.8970871284853273,-0.1072029588997731,-0.1199815240143481,-0.9973897948862359,-0.1483271886680457,0.34419755809854286,-0.6333904453317236,-0.02611500059992554,0.5118032448505216,-0.8073335423459873,-0.06230043085152807,0.6134850933073628,-0.9165429496177835,-0.10082530586952704,0.6855427673228104,-1.0,-0.13182483869432596,0.4354530384741698,-0.5112295831403395,-0.0544753071906336,0.6492673089786304,-0.6812492596483338,-0.08226377524255292,0.7879014833987443,-0.7862247420384266,-0.12232074042669566,0.9030970107171002,-0.8708594392266154,-0.15600149892628745,0.48660530939429125,-0.3683449035077951,-0.08915689812035925,0.7017858168836355,-0.5166865512415565,-0.12934927118595776,0.845142104960764,-0.6067436372315849,-0.18179988396660868,0.9645663259334815,-0.6875027929434112,-0.22133744479957612,0.5025037186046561,-0.21292372054819006,-0.12603905692197906,0.6893571300387359,-0.2545314841860884,-0.16111485740616016,0.8131112112827111,-0.2661345237597026,-0.182173606394494,0.9194833427081656,-0.27391859004414093,-0.19993933102055877
No Gesture,0.0,0.0,0.0,-0.011283683562037513,-0.29065041448021844,-0.057576949304218625,0.04176146130229645,-0.626927648097976,-0.0972086627333996,0.019852458494254918,-0.8687717654248125,-0.13767769392028334,-0.1020511689799615,-0.9706970384283437,-0.18225055063825055,0.39369081828186625,-0.6256253388673414,-0.02378452164147309,0.5870719662286668,-0.6520259852215737,-0.07017168614055996,0.7472179453283831,-0.6372075861748604,-0.1245924407607689,0.8704049907921171,-0.6006920035019068,-0.1619279215506126,0.4845787695851748,-0.49789627321443775,-0.034415754382111224,0.7004685119059081,-0.5334745947942858,-0.05354158741055331,0.8527404939411591,-0.5216512331919289,-0.08008612547362066,0.9785536957062765,-0.4920255690666969,-0.10322758783273148,0.542667419517609,-0.35490710026841077,-0.05611359110228513,0.7465909751521772,-0.37382389475516176,-0.07478882639178062,0.8859060298560095,-0.369658878030025,-0.08641329379795572,1.0,-0.3601614206359339,-0.09504961404337028,0.5680975853982205,-0.19944569265556913,-0.08718033408530701,0.7462201775064821,-0.23294031946640184,-0.09308085810278223,0.8668186666269981,-0.2449076925590139,-0.0811759880959677,0.9663870063305735,-0.2433095118129121,-0.07252610403069307
No Gesture,0.0,0.0,0.0,-0.06032366022703739,-0.2792981543579926,-0.06306654874897373,-0.08697195572575085,-0.5957219259496745,-0.12040579311735343,-0.15120715392167244,-0.8491418937482786,-0.17415225718180438,-0.2624859670968635,-1.0,-0.22370414100924538,0.18904201398004794,-0.6089354677616011,-0.09094817250601858,0.31477241795218075,-0.7454595192441615,-0.15426751793588467,0.3502366784801748,-0.7478480479991197,-0.20358604633564925,0.3571433718284664,-0.7556492528260569,-0.2380201605891454,0.289740338203668,-0.4938876603107919,-0.0980680138166983,0.4361052027557939,-0.5987199635684939,-0.14696163442905041,0.45964072207557183,-0.5700942399038756,-0.17686145626426888,0.449699200170086,-0.5515743257912192,-0.20214251063491792,0.3678530953089604,-0.352394797625679,-0.10918069979849458,0.5129224780172024,-0.4422996438823663,-0.1647621331073317,0.5457764468990198,-0.41996262752743785,-0.17415650636564317,0.5347683268676509,-0.3852146882650385,-0.1800924890308381,0.41648452750304904,-0.20188527279929788,-0.12255152499126766,0.5253803644727371,-0.2060736752952155,-0.17083117562655137,0.5574094194805306,-0.1669772844777929,-0.17104218310231747,0.5644464917763352,-0.1288196559911627,-0.1659803560999219
No Gesture,0.0,0.0,0.0,-0.008617816263561262,-0.30601707972529113,-0.05182231243654093,0.0002926246640788295,-0.6085516472578879,-0.1063638969891437,-0.05157225042301184,-0.8552171195381706,-0.16910512322583127,-0.1570705086095352,-1.0,-0.23466863472180022,0.29126210809196773,-0.5552898178560765,-0.019066775957990122,0.40024373444809397,-0.5727785010450881,-0.08664466736836138,0.4897000895789788,-0.5343804120633024,-0.15779298029759398,0.5644568926047576,-0.482731641285956,-0.2075523612073183,0.3611341893102419,-0.4226809196775157,-0.04735800965959259,0.5223609833781229,-0.42773237782422613,-0.09022455191101092,0.6600709465512093,-0.4222116054543645,-0.13253223579674797,0.7835552105106002,-0.4001030357320593,-0.1690896360157188,0.4009250920672838,-0.2786979595899273,-0.08819776779634983,0.5662795262267344,-0.3025678510998308,-0.13469979825320264,0.709282532099134,-0.3182781725888325,-0.1523627026027597,0.8343823230815168,-0.32377696824922864,-0.16533575923658075,0.40725486214790485,-0.1270905145814671,-0.1365973895739949,0.5544301781626356,-0.15489981088882254,-0.16181566368567002,0.674163511495969,-0.1720096347168309,-0.15205338638896454,0.7832335224445108,-0.17875489200756445,-0.1467555760973352
No Gesture,0.0,0.0,0.0,-0.012369088739740183,-0.30297383446114284,-0.03354475887180489,0.010438344634803448,-0.6172987721606639,-0.0815134029899174,-0.02796503178896401,-0.8735020750463742,-0.13726211476880829,-0.14113642400432408,-1.0,-0.1948786332022934,0.30604680271129314,-0.5827940113934901,-0.010324681977083763,0.43997754120620647,-0.5959428154728498,-0.05997693698054289,0.5332288310635724,-0.5292129892924132,-0.11933628808315794,0.6089470056149322,-0.45823450536851973,-0.1619458867085775,0.3684498983222212,-0.46134993837934685,-0.04217485221791973,0.5475992956615585,-0.5051101469662512,-0.06279497057227235,0.6852786206448395,-0.5125680497789845,-0.0958275336026387,0.8003335782264394,-0.4956809442542101,-0.1282697731520416,0.40052949271129396,-0.31971741688652894,-0.0834419167209562,0.5808283215176111,-0.36616607336773055,-0.10520490203570695,0.7283258108373342,-0.3839334850688837,-0.12569211348084042,0.8547127819942558,-0.3934996658529795,-0.14615827759849165,0.40156984038937926,-0.16345255178538606,-0.13057504475859882,0.557042757183148,-0.19044081616179184,-0.13755917330106565,0.670540699512263,-0.1957073814896186,-0.12717308174906747,0.7688939160932171,-0.19335335332527515,-0.12454234112702028
No Gesture,0.0,0.0,0.0,0.0044423636685908575,-0.3165616136328183,-0.02849165941350893,0.04787677994580789,-0.6473091253998082,-0.06475065758825438,0.027996080010597026,-0.8745232191432728,-0.10550921994504553,-0.062454487245421776,-1.0,-0.1516867653287532,0.2854254050080066,-0.5565826255047537,-0.05238073401817944,0.46664877722367737,-0.6776791749803868,-0.10591819424611422,0.5958219167943535,-0.7443580125410815,-0.1517161614537784,0.700034956528274,-0.792627930076316,-0.1848043278149708,0.34385677919429947,-0.41211082396066956,-0.08403920304369696,0.5459156845501634,-0.5183712307392755,-0.11945356315514792,0.6811232849571924,-0.5793335942105006,-0.1504646721956045,0.7976902881958902,-0.6286138730732633,-0.17806268995929003,0.375819343447321,-0.25346952082987784,-0.12011211036790566,0.5717128433169456,-0.33651909647432476,-0.15485174496021803,0.7052829903658897,-0.36919589737127667,-0.17012607779722685,0.820248142009283,-0.3976674393033593,-0.18397567591101663,0.3792056859582928,-0.09075656023207188,-0.16009522420131597,0.5310836409900023,-0.13252995311422436,-0.18253682193859241,0.6344959826560964,-0.13738090204543135,-0.1765920866536398,0.7238498789805751,-0.14008451053838747,-0.17490679105463253
No Gesture,0.0,0.0,0.0,0.0094663834571067,-0.31674234422903036,-0.044397727024748465,0.05945204536511872,-0.6197864490254114,-0.09534697706994422,0.05425164040522226,-0.8548592276474084,-0.14169999990896603,-0.02261361417863737,-1.0,-0.19568804751924349,0.2352044782898588,-0.5046728324515646,-0.1462290737345525,0.4240878176628048,-0.6484316795259932,-0.21347288268940764,0.5478244828871869,-0.751469313572045,-0.25476262630693,0.6556157600651674,-0.8373864329885632,-0.2841838678051342,0.31252883924246233,-0.3426195970432356,-0.16985318991149465,0.5442998401252996,-0.47909111162847634,-0.23020235174665543,0.6998616158554314,-0.5865347517984522,-0.2705924915612928,0.8345860278517897,-0.6824211012494813,-0.30504982665425745,0.3624052059028867,-0.19227311342068257,-0.1911143951617052,0.5988383160690325,-0.3093123309580963,-0.2545097658925853,0.7584855820554154,-0.39020142679307773,-0.29780363649276065,0.8886092758279668,-0.46598924248812584,-0.3285669506695777,0.3869749691773399,-0.06131131745287389,-0.21173184182278698,0.5874217162655575,-0.10716329012154471,-0.2628484110633899,0.722321973481568,-0.1276431412146925,-0.2843902795817229,0.8396656405589579,-0.15030255916701546,-0.3012784957484136
No Gesture,0.0,0.0,0.0,0.003465645751126386,-0.3383025292866535,-0.04508655051258349,0.06326641817384906,-0.6503810297709798,-0.08847454975119451,0.08069667853962058,-0.8740206032224616,-0.12140702357044723,0.0026561365574610937,-1.0,-0.1603478752593104,0.25775375467181333,-0.5215150299648322,-0.1533078465593958,0.44768411104940614,-0.64807933685397,-0.21962570710512092,0.5854772290439721,-0.7527238401314783,-0.2616326315386359,0.70539065990906,-0.8352818145075995,-0.29175020639585264,0.3458693657062843,-0.3455940937185104,-0.16797182347266756,0.6022375402563851,-0.4690812979335208,-0.21861017254482762,0.7724809774673971,-0.5646802684429565,-0.24574362760489443,0.9186681194423634,-0.6399869119123544,-0.2731808343497401,0.40156582326631607,-0.1922333446921922,-0.18058427160342408,0.6442075077586695,-0.29116514459989895,-0.2325213329589403,0.8061920995377412,-0.3677019585801955,-0.26681972733648807,0.9422003120536593,-0.4293391094857851,-0.2946189405577121,0.4269366422562961,-0.06105361239143806,-0.19349351818189806,0.624278806441997,-0.08896226765901234,-0.23913681414885293,0.7512278464152234,-0.104728932720402,-0.2605683100191254,0.8660640045281004,-0.12372967216382603,-0.27943667125887883
No Gesture,0.0,0.0,0.0,0.023980865433751927,-0.3283546337216455,-0.034443037752249106,0.10230984464753812,-0.6332804175223098,-0.0780700971179632,0.12884514495462332,-0.8631357882011148,-0.11515159964112472,0.06091581565661345,-1.0,-0.15910013743768195,0.2901717432526426,-0.5231226223372543,-0.1427049477096582,0.489813053309328,-0.66392712995997,-0.20805585110320987,0.6276194583305732,-0.7562975532549139,-0.24664686634745853,0.7459603761320514,-0.8258997856554778,-0.2725541117719364,0.369053440336043,-0.35567291404453444,-0.16376020116140938,0.6364483795814367,-0.4734722038212944,-0.21779774383513253,0.8084259236805746,-0.5594341754123648,-0.2464425914044751,0.9494449828358774,-0.625398938687057,-0.27163036465825335,0.41814411741395463,-0.2006717784444171,-0.18205511828625914,0.6682981923257091,-0.2991451651825004,-0.23483852888377407,0.8325481107044506,-0.373665374132922,-0.2690571324978214,0.964019552727333,-0.43427847399002567,-0.2943044397356161,0.44084473418676834,-0.06864096464498301,-0.19957629693271844,0.6448748873271759,-0.11016888502995145,-0.2400856705132183,0.7737710455683205,-0.13247263322008876,-0.2570068331015822,0.8865146968539145,-0.1572883052114582,-0.2715113151732953
No Gesture,0.0,0.0,0.0,0.017087064833689356,-0.3255042812227844,-0.0420054029105843,0.08942521739700225,-0.6252195117011352,-0.08642544878912553,0.11772580814260337,-0.8575078660841614,-0.12209899490385777,0.05058769269076669,-1.0,-0.16517900394047244,0.29271431132894826,-0.5078948261955792,-0.14613607532972833,0.4908798398309194,-0.644041225310146,-0.20937879815942181,0.6274071081284259,-0.7453348551222773,-0.24799064949787727,0.7431902228237366,-0.8234637457214579,-0.2750675071863863,0.3757691844887135,-0.33936136689370394,-0.1613922037122041,0.6367901908947619,-0.4577617193038054,-0.21276661651095743,0.8083692633580465,-0.5465558405600437,-0.2410766266019431,0.9508320595499206,-0.6162449976946803,-0.26696783815165404,0.4233804384991952,-0.18608560896775292,-0.17416463128525653,0.6691934836298479,-0.2876845298160629,-0.22529038081198097,0.8316229092776308,-0.3659059012608371,-0.2600952901599031,0.9622861324599726,-0.4311169601233316,-0.28663978729642214,0.44196156787945146,-0.05581315831171972,-0.18657999865312955,0.6403541286666198,-0.09812828299555734,-0.23097637051488662,0.7667723916827404,-0.12781969779463712,-0.2515014777986244,0.8761516173574484,-0.16032917224133064,-0.2680049527552284
No Gesture,0.0,0.0,0.0,0.01644772982615847,-0.32800114469077274,-0.04582059545461372,0.08892645011307479,-0.6290283035155507,-0.09572979219620693,0.11689624990342815,-0.8578959053685723,-0.1376341202305708,0.04854851930012338,-1.0,-0.18654702209329904,0.2934232014130043,-0.5131106865081766,-0.15369827693312996,0.4964269175437118,-0.6484801228073999,-0.22147119547250332,0.6365300128564377,-0.7468033001593455,-0.2609352555803499,0.7565303907628697,-0.8224534630324462,-0.28772491682228146,0.3724365791483117,-0.3387463350314234,-0.17129337373431963,0.6446964489443077,-0.4597443554417231,-0.22696365783919417,0.8228810077789296,-0.5456950590714992,-0.2566240555765708,0.9698384571908966,-0.6115191975705493,-0.28256458925664346,0.4193285958901761,-0.17996544289490957,-0.1868425281610592,0.6764479035412119,-0.28808249209786985,-0.24226044924596762,0.8419287109992563,-0.3670100789778728,-0.27810502669248127,0.9733551203502461,-0.4312176008092074,-0.30408611293271,0.4423901835147157,-0.040268520805653844,-0.20239419688462384,0.6500695774503232,-0.08926256588410067,-0.24638071507266612,0.7799205893633663,-0.11335364377229248,-0.2647655772686286,0.8919760178749743,-0.13974812231551195,-0.2795532807114324
No Gesture,0.0,0.0,0.0,0.022799920171093092,-0.3306764076507346,-0.03979153605539042,0.09986612153254543,-0.6317440435703509,-0.08562320597103706,0.12652802249018946,-0.8592091850486151,-0.1241073883546507,0.05667549549342199,-1.0,-0.17022223833323982,0.2883496736281754,-0.5145675641462819,-0.15057413663193925,0.4948335312904482,-0.6498162360367552,-0.21645963484487407,0.6380025571900225,-0.7500743474834816,-0.2541119601192027,0.7593421928479841,-0.8286184511375013,-0.2798841897139226,0.36898232074382614,-0.33844912663662885,-0.17007024996960524,0.6393718531026976,-0.46322298006518353,-0.2260733057874548,0.8214423290658989,-0.5505138910171886,-0.2567356426848238,0.9712558395329949,-0.6201915651492915,-0.28331706362725306,0.418791803424648,-0.17926177642939473,-0.18646195839300855,0.6741383111522437,-0.2951416417983672,-0.24273123044180714,0.842066108994925,-0.3762788221420434,-0.28040360000967113,0.9750869305300749,-0.44470651974432945,-0.30736760386544365,0.4437368983380688,-0.04567615629264381,-0.20199310605165335,0.6506361782425648,-0.10076249325421509,-0.24823504517938627,0.7816620342077163,-0.1274153846899301,-0.26904709761813517,0.8926723665394533,-0.15488518992072225,-0.2854086354996165
No Gesture,0.0,0.0,0.0,0.011085420664748888,-0.3266615559925673,-0.046437225196538416,0.08327417381903372,-0.631775670869673,-0.09423868534600767,0.11170341766049706,-0.862144068851368,-0.13498272841496695,0.03819774717029867,-1.0,-0.18287884248596242,0.28057226015840175,-0.5089313168189536,-0.1441096874134414,0.4859246163597894,-0.6370439648628402,-0.20623362888628063,0.6286151004959561,-0.7363615196535819,-0.24254792113261553,0.7491304488372227,-0.8150325340890759,-0.2677360733740688,0.3584817487562838,-0.329153439062551,-0.16289683161112672,0.628346345042961,-0.4494565627317547,-0.21400766536050267,0.8104152810508979,-0.53780011871464,-0.2429831066402471,0.9622788213675733,-0.6094489794866661,-0.2689361617307424,0.4057736510654725,-0.1697767705651407,-0.1801273589824095,0.6684580573618771,-0.2820287866604847,-0.23604631523679864,0.837293481110833,-0.36159679779673626,-0.2731376909976803,0.9732921730947526,-0.43248030675288285,-0.2993650843461937,0.42944747720458726,-0.03203015308129454,-0.19717773353006565,0.6403018243982166,-0.08295611009510133,-0.24302960398837567,0.7738907747231202,-0.10657801224344278,-0.2616960639481076,0.8873511753014832,-0.13224735933322412,-0.27642986721568047
No Gesture,0.0,0.0,0.0,0.052091028279355314,-0.3198308512075869,-0.032699423072890456,0.13440517086730666,-0.6289381734273813,-0.07439780030658953,0.14962859250006272,-0.859582113415575,-0.11478658014782231,0.08029341992068384,-1.0,-0.16127060039044241,0.3120045818962803,-0.5241590515832424,-0.10129451900160702,0.5262767462018562,-0.6448042852886766,-0.16266585586625032,0.6710071751665102,-0.7312523357204577,-0.20766015919042152,0.7871876065071476,-0.8040242715602677,-0.2395819121098305,0.37458093451858143,-0.3700425410910591,-0.12641362700820097,0.630328748936018,-0.4700307407527828,-0.17314706865909027,0.7978948408724005,-0.5431099249636422,-0.208254003445813,0.939882695391282,-0.6077096907606534,-0.2389069168447447,0.41313939246219855,-0.22016005563514657,-0.15153233712284916,0.656261299657578,-0.3040420440671772,-0.19588543757646873,0.819568507784699,-0.35185607498012245,-0.2268245489677968,0.952328755453867,-0.3937200676310203,-0.25099474152551976,0.42816394391102924,-0.07897905019327317,-0.17787525654472808,0.6228336015125048,-0.0979308330409775,-0.21207795346391517,0.7535504277262628,-0.10132269135324719,-0.2240201307453158,0.8671919295084018,-0.10507727554214294,-0.2347507270519539
No Gesture,0.0,0.0,0.0,0.02813138160211247,-0.316404818137932,-0.04382804028107804,0.09752252248790709,-0.6198578128907153,-0.0917173653664504,0.1109518685707532,-0.8562928715712925,-0.1340917893460511,0.037109753527896805,-1.0,-0.18279613632415623,0.27794902541259914,-0.5111464740550867,-0.13333701492595992,0.4856724747586912,-0.6338572045756726,-0.20119933777034146,0.6290430933880397,-0.7255185086537349,-0.24588542231014837,0.747445668537156,-0.7974171047800376,-0.27505397875457616,0.3496145468137463,-0.3539016463082977,-0.1512322625530625,0.5997758855494746,-0.46563565617566566,-0.2036371318706077,0.7697886435665766,-0.5507290635806026,-0.23492447435305255,0.9133250964382217,-0.6205050121440154,-0.26142331466605045,0.39653718429440604,-0.20795905999802966,-0.1681409386040927,0.6363777621045549,-0.2958121705120282,-0.21679113778192988,0.7972339032815968,-0.35381481002757703,-0.24617703467852417,0.9291763294442462,-0.40259359222020696,-0.2683516779619991,0.41667567048751425,-0.07569142043714153,-0.1864068349842801,0.6072193685788221,-0.0934647322514711,-0.2238127732333871,0.7355251220433976,-0.10034693015304548,-0.2362241944635821,0.8464791423096022,-0.10608165960884944,-0.24647300807250253
No Gesture,0.0,0.0,0.0,0.03738254810079068,-0.30416074786843605,-0.03178324484165361,0.12805893529821502,-0.6158196491992814,-0.06686301797403776,0.13188145929683084,-0.8530804516831691,-0.10774035056206456,0.061763615466433164,-1.0,-0.15355862999370698,0.37933661504008853,-0.5435813142504268,-0.024955536676802892,0.5772882328874239,-0.6125533966413728,-0.07527257077099256,0.7275255743066482,-0.6386687595154839,-0.12772485812761106,0.8443393904227312,-0.653769740745485,-0.1652079082986269,0.42833932541950975,-0.4061286566701909,-0.05541282199251143,0.6407156838753136,-0.46821692977039203,-0.08501360920860827,0.7906958005369776,-0.5021650215116054,-0.12379174500862267,0.9187945264101078,-0.5306158800320937,-0.15744247290131383,0.4514402435581489,-0.2541328028560631,-0.09210131034418906,0.6605489952222632,-0.3123017640727195,-0.12079846017597728,0.8042903958377545,-0.34047699618838956,-0.14377889133852167,0.919509083881559,-0.3717934133892616,-0.1639798771569855,0.44602681351021856,-0.09666743778331367,-0.13392642236322097,0.6166343801401138,-0.11421751097566649,-0.15071774624941947,0.722448870505298,-0.11216417392058009,-0.14577026224053058,0.8041694707272012,-0.11002050150622661,-0.14481537806097639
No Gesture,0.0,0.0,0.0,0.05254703497832599,-0.32480746362253926,-0.04141228252561444,0.1458185438553903,-0.630231686256401,-0.08574447518730824,0.15035050034299607,-0.8627058680173926,-0.13633292825287743,0.055780534121247144,-1.0,-0.1910152015517775,0.4311237791941805,-0.5581029999794748,-0.011758454118142539,0.6374115240276098,-0.6132740567737548,-0.05495411365012111,0.7654538984421543,-0.6450365075836301,-0.1056699940268045,0.8583493284144436,-0.6755818224285751,-0.14550963242293213,0.4647839886777083,-0.4267217723661291,-0.04079766307199885,0.6785778094479854,-0.46412943384471117,-0.06899250911954163,0.8076043544264595,-0.47899609059807935,-0.10835830866415923,0.9101952154795723,-0.4895716805526459,-0.14237409349904695,0.4697991535128541,-0.2782176743834796,-0.07897813476458082,0.6677362578776298,-0.31000766534113106,-0.10433918999911852,0.7923732670383663,-0.3121906117714732,-0.12241242280282941,0.8877778816066368,-0.3172148700516395,-0.1395172794905689,0.4502579463935354,-0.11617975887474767,-0.12453129292236664,0.6075935115758256,-0.14598027727039722,-0.13583078605374121,0.6977290376822836,-0.14924421780307737,-0.12580529539526406,0.7651470596258922,-0.1424056007307319,-0.12176878010385682
No Gesture,0.0,0.0,0.0,0.0752028662527228,-0.3180343609860595,-0.02580829244717915,0.21221311223329634,-0.5949523098888018,-0.07757400817472672,0.2611739138943735,-0.8244021029375767,-0.12450412326688245,0.1914293007769835,-1.0,-0.1779197096421482,0.37327153634724564,-0.4335020856657542,-0.1417650440445121,0.6435248450195644,-0.45369147927567693,-0.2088876834585624,0.8219617202362388,-0.4524555809731616,-0.24815943150989078,0.957631108975259,-0.42929161297697876,-0.27171358814792435,0.43299857010433923,-0.19274080213325645,-0.14749001442457915,0.6198503331349352,-0.31902236514620785,-0.21400409196947037,0.527147010235108,-0.36273576348289405,-0.19861964714051733,0.41418331150539467,-0.32965401060415345,-0.17385048302838219,0.44555721974604207,0.002062522754694146,-0.1468958101461375,0.5934480537514025,-0.1459032541853105,-0.19443185148481557,0.5239513347763796,-0.17712409245271063,-0.15134245986301628,0.42561012868129017,-0.14294856103352596,-0.10892783617440116,0.444981984184478,0.15500901489725752,-0.14415966495907373,0.5629230586906467,-0.0032850633527962336,-0.15220556560384702,0.500868289617398,-0.022794145970508675,-0.10045673145186243,0.42406086795256837,0.015895202285347902,-0.056708380778882635
No Gesture,0.0,0.0,0.0,-0.047856139107622674,-0.19070071123022717,-0.020983827273405437,-0.07000322382645709,-0.40525141445793267,-0.04759925892225413,-0.06359954403554618,-0.5823870202031891,-0.07412708862859256,-0.06543632649375787,-0.7181219140988786,-0.10477932185369354,-0.040674568572809745,-0.46881660143497766,-0.11097755197622829,-0.014175888581428348,-0.7100086283808209,-0.18451511965947054,0.012819632288202914,-0.8683431976772803,-0.22850095568503037,0.03784105655452162,-1.0,-0.25632305066371697,0.026819449094020013,-0.42292072157646093,-0.14417422853385964,0.08117195707779852,-0.6742466465196528,-0.22156327463001443,0.13290611656691492,-0.8520329175825018,-0.2731575366752764,0.1861158122983275,-0.9936119340905142,-0.30379340629186924,0.10341931779399,-0.32717059844193674,-0.17494327249818176,0.16623084977001307,-0.5326927621673371,-0.25823550666207146,0.22128453185900046,-0.6818726748273917,-0.31115657376492717,0.27318350906827504,-0.8083958024410461,-0.3397796543413565,0.18297913346543743,-0.20119180528740135,-0.2026459815881011,0.27739542692556807,-0.30179266264921606,-0.28318878725590746,0.3428243213421549,-0.38344009338339774,-0.31886621294084017,0.4049860192197427,-0.46198671809577146,-0.3354719832968269
No Gesture,0.0,0.0,0.0,-0.05479277307171973,-0.2120482175858794,-0.042778027831386144,-0.08172806324283279,-0.4412813584471943,-0.08568319111996417,-0.09112685131470584,-0.6268402181341576,-0.12310294099052861,-0.10202458091051396,-0.771413262954889,-0.16764967992971527,-0.03968183326314195,-0.47001173499118615,-0.16371748509920553,-0.03918163207463883,-0.7038244195816785,-0.26187901292342725,-0.03254703911693059,-0.8624175020408078,-0.3228109561338782,-0.024964243293817044,-1.0,-0.3649844463556803,0.049321128527532516,-0.4214284999654393,-0.1917311795396406,0.10698254054656335,-0.6646325015879829,-0.2897589130171305,0.15347660560793033,-0.8306823824538205,-0.34793365961200656,0.19786921463288776,-0.9692078119995035,-0.38690296180189626,0.13947719683848406,-0.3245819892115252,-0.218579587302183,0.2111320456834613,-0.53927871892964,-0.31708955725410076,0.2665545003148591,-0.6798043340373763,-0.36683185444909927,0.3157677142753696,-0.8062254732769297,-0.39653869671252223,0.2238477880491585,-0.20519447955824108,-0.2441187788454026,0.3081133936337225,-0.3143097249669897,-0.34307482772024445,0.3633633707154727,-0.40167679789636374,-0.3856585489094463,0.41626315583305057,-0.48962962641900465,-0.409069936168946
No Gesture,0.0,0.0,0.0,-0.05674487097418317,-0.21329874106364252,-0.046169480118195425,-0.06554706574637123,-0.4510362330809574,-0.08906692966775252,-0.05157004065619257,-0.6475216696440782,-0.1245173935071088,-0.04378142012760625,-0.7937097202654019,-0.1658184884003977,-0.017011801243890724,-0.45095618422451433,-0.17292820011541465,0.01161737176262,-0.6881904213868217,-0.2732777351596876,0.04040807758928873,-0.8598103489089887,-0.33770945297770044,0.06699689674306449,-1.0,-0.3806482114161312,0.08093295388145615,-0.39365154212663045,-0.19339570002597814,0.15520189596541079,-0.6275902655516152,-0.28773219903152014,0.21303335722112995,-0.7945824557771298,-0.3407689431058116,0.2632106064481066,-0.9307146383859511,-0.3765071102737033,0.17425438010596894,-0.29254355685359024,-0.2117674675935306,0.2519776967520969,-0.5009752386432746,-0.30111466155761846,0.30289533447101663,-0.6423300382636071,-0.3377844274216907,0.3440798050943549,-0.7594729765970635,-0.35879357328897504,0.25535662114411256,-0.17375828492978154,-0.229573929756301,0.3614417170111812,-0.28112930034254824,-0.3136963817986632,0.4261883655520466,-0.3676720092618176,-0.3435429975334521,0.48230883007391134,-0.44559652636169955,-0.35814547567351757
No Gesture,0.0,0.0,0.0,-0.06487004754288347,-0.2021657898507414,-0.02991054917066716,-0.09388168001521584,-0.43206160607919836,-0.05101772916589404,-0.12909316594590778,-0.59872645556785,-0.0705116164543814,-0.16844492678589779,-0.7187372969620198,-0.09350148579707948,0.07788698925871582,-0.5310296912570499,-0.07314422557068993,0.1454839189106888,-0.7435872063178764,-0.12896754184788028,0.18171065669179107,-0.8826611812119652,-0.1667992057452778,0.2021521472491284,-0.9932315625539303,-0.19173254009182553,0.16952832281187263,-0.4802909423147302,-0.09308578567638581,0.26603443464232923,-0.7063108830350794,-0.1428347439102562,0.306069289217978,-0.8683502986174139,-0.1785745330493246,0.324334020777283,-1.0,-0.20386945828786776,0.23727131503005558,-0.396272450270721,-0.11553895424563787,0.3401505179563069,-0.587401251518032,-0.1737169271185842,0.37677155583367555,-0.725713663625812,-0.21020800923487631,0.39114058812470864,-0.8388713760652105,-0.2327075364932624,0.2847640884434857,-0.2788900192103249,-0.13825348670280505,0.4103484901398269,-0.35751975244969364,-0.196147855906902,0.4806884224725229,-0.42488496437174705,-0.22296064791501918,0.5325012888197407,-0.4809639589723054,-0.23761890060694815
No Gesture,0.0,0.0,0.0,-0.06866318376006854,-0.23202769837603668,-0.02639530075327017,-0.09442307266556492,-0.4761671845639574,-0.0498793990705523,-0.11639993493639264,-0.6561568445894024,-0.0722950564120088,-0.17009043061394144,-0.7588162507142142,-0.09721687999855297,0.11107973469373475,-0.5353157621062531,-0.05222816504150562,0.1833715738797147,-0.7467231606597349,-0.09174970735298203,0.22161863962229153,-0.8849820644916625,-0.12308385801538164,0.24234404263639298,-1.0,-0.14659981528951474,0.20943217549095666,-0.46396649637177473,-0.07264048457516749,0.3199494001977374,-0.6642947280468541,-0.10685142286648841,0.36736599529481834,-0.8047664483770404,-0.1362287112626487,0.39592355049077027,-0.9292787724360184,-0.1586904247366083,0.2808120401627829,-0.36919134952268523,-0.09485691903212898,0.3917062311595718,-0.5494284393807808,-0.13305784977896215,0.4559324542940203,-0.6715019105552053,-0.15991400942247966,0.5009732870990177,-0.7799957626063894,-0.17923310879165402,0.328206238099537,-0.2574838347563321,-0.1181362794151141,0.44338568552459773,-0.3526434900889841,-0.152033951406665,0.5193853588300389,-0.41872331483020087,-0.16285711386734955,0.5842497719848633,-0.4832812797708733,-0.16926488121402192
No Gesture,0.0,0.0,0.0,-0.05518575388919585,-0.2399655317476783,-0.024258872865071193,-0.06433189398796699,-0.502617295185384,-0.04896907992582027,-0.0877151821524484,-0.6956971409257888,-0.0737616535236451,-0.15614967052779785,-0.793373312615413,-0.10126669653964382,0.1447270069738641,-0.5581245241288361,-0.04282897222524488,0.23955081212822874,-0.7645895734747499,-0.0771625753689897,0.2991803559051673,-0.8965951219577163,-0.1063946179126058,0.3431487477380512,-1.0,-0.12868250567212036,0.23545410511884665,-0.48270167266311503,-0.06113942535115201,0.35894762497722993,-0.6759562933164971,-0.08495203050290137,0.4263656401359721,-0.799156382623027,-0.10643578415466487,0.47563351970945833,-0.8976454059775442,-0.12414532744003004,0.3056980617177619,-0.38051652615760534,-0.08150626469607844,0.429061181450564,-0.5600000096861746,-0.10695083135448563,0.5014379731582783,-0.6682232147456995,-0.12382341348098719,0.5567181823844928,-0.7568896095133733,-0.1374438170808782,0.3553077421775211,-0.25776920497513406,-0.10388798727205119,0.4760928865399646,-0.358386159812558,-0.12700457267272192,0.5591027974943561,-0.41549875111913154,-0.1306557610543492,0.6323174433051553,-0.4666791658678095,-0.13218965761048432
No Gesture,0.0,0.0,0.0,-0.05770402093757866,-0.2648009982084263,-0.035457261102504405,-0.06238694943579384,-0.5349966539026634,-0.064956018390379,-0.08823595330461036,-0.744101048409533,-0.09291169938581949,-0.1746785643589635,-0.8396755050883445,-0.12378561312609263,0.18098161363566498,-0.5861772159518357,-0.04032224176613911,0.2830785806167649,-0.774422233881078,-0.07034972327063914,0.34890711303249283,-0.8973798315028086,-0.10257752664487893,0.40238730507519943,-1.0,-0.1306929760708332,0.28439058776196574,-0.5029668558222415,-0.05720276181384752,0.4191535486317272,-0.6925700561395773,-0.07661284350286846,0.5000638285913246,-0.8184580452900674,-0.10549159927686393,0.5670978692633531,-0.9273879513999781,-0.13225623795430205,0.3546813978982419,-0.3902799698870533,-0.07720462457973942,0.49049802893451333,-0.5605791533055364,-0.10267114727139852,0.5767882391784974,-0.6719701741372593,-0.13244804528289192,0.6461678921541831,-0.7727190877006774,-0.15831090815566856,0.39375755090627595,-0.2554329546406055,-0.09969801309527483,0.5233369870512529,-0.34340039376292086,-0.12290848448276627,0.6086441405224542,-0.39693306351899854,-0.1320461020125863,0.6833920835054187,-0.45099526941710766,-0.1408093013472512
No Gesture,0.0,0.0,0.0,-0.04709210557132807,-0.2677847111987768,-0.03573879457389757,-0.04898936113709526,-0.5404207551446384,-0.07480098761409212,-0.07530001191523977,-0.7510432233961556,-0.11105597624086137,-0.16048538540169396,-0.8513745336130706,-0.1519476537210454,0.16752871911940362,-0.549370623213114,-0.09621488759237336,0.30451436567090157,-0.7601276658429239,-0.14703895248601992,0.3925081554120977,-0.8932151348373839,-0.18216800054795051,0.46482777359201477,-1.0,-0.2077779110838253,0.2572861499223846,-0.4515380578005594,-0.11623397821257118,0.41519996805538295,-0.6704613271119827,-0.16007494150147428,0.5164155144868711,-0.8173731618886897,-0.19241451482838456,0.5995925269561503,-0.9378288129439178,-0.21851452118915166,0.3226893937600235,-0.3347744672921549,-0.1361277732394752,0.477398671508358,-0.5323391253855655,-0.182658208358179,0.57672928076106,-0.6622345643572048,-0.2163428695539034,0.654452031433196,-0.7713432852248595,-0.2399147429585123,0.3652523323985864,-0.20788932214060163,-0.15669933551682436,0.5136584355098206,-0.3262241629032128,-0.1958171732706775,0.608385807528819,-0.39280181295940386,-0.21119208801784084,0.6897599200770255,-0.45240936770775486,-0.22167295561111472
No Gesture,0.0,0.0,0.0,-0.04890820221192225,-0.2841105854719982,-0.04194024864610827,-0.05146328098025973,-0.5679806704738405,-0.08437190910064188,-0.07858951385210408,-0.7916547018933239,-0.12259468770092914,-0.1645282405255706,-0.9028810537603811,-0.16457734943135663,0.16809700558498566,-0.5599007823017845,-0.10735422372191093,0.32111389504766835,-0.7748196007746762,-0.16567042952483396,0.42818298552618245,-0.9038524683082995,-0.20401882971925328,0.5178945718511866,-1.0,-0.23017635930060648,0.2648331700212822,-0.4545999091200152,-0.12304265052007483,0.43388133245718224,-0.6794664845611113,-0.17256865280885356,0.5533231694715278,-0.8183404321669311,-0.20329601530990565,0.6554787112066808,-0.9240902486540227,-0.22744822045912577,0.33630437128361634,-0.3353049915647495,-0.13943240629136994,0.49652290613510836,-0.5436828929682873,-0.19072321549019233,0.6024414685561664,-0.6750855018049813,-0.22321715830237265,0.6874698436555963,-0.7769550485113866,-0.2448290175538037,0.38534641412162013,-0.2059042797215542,-0.1570274694565062,0.5389744448811256,-0.3269099836615194,-0.2005614137856265,0.6391842927956126,-0.39770892949734854,-0.21848942447841654,0.7266877219394405,-0.4593814076903129,-0.23001760579967404
No Gesture,0.0,0.0,0.0,-0.04824054380228649,-0.2770112602299579,-0.03791383645883365,-0.04738607456908033,-0.5491456447720284,-0.07778031855773171,-0.07132393809488938,-0.7694137502115803,-0.11260134811083924,-0.15455756714438884,-0.8847210586982105,-0.15169329876454526,0.18279575841512874,-0.5453956772970512,-0.10543273249115641,0.33623815317957917,-0.760392113627542,-0.15884385796692707,0.4328281493141311,-0.8956099669009273,-0.19360393663322142,0.5140798811877683,-1.0,-0.21753269650573942,0.27602400842941294,-0.44467688099919017,-0.11785388781215626,0.4444410578183583,-0.6630266807121116,-0.15963255623906375,0.5567088526271768,-0.8000741168148601,-0.18602255500244225,0.6524432059452254,-0.9049766369743386,-0.2081829260318076,0.34117169617524506,-0.33057883274198147,-0.1297953074294796,0.5013895561548207,-0.5246323733556086,-0.17185100019368804,0.6043621018165997,-0.6467664494129267,-0.19982666088084722,0.6858967678577129,-0.7447381889906352,-0.22029125434220442,0.3823305365837433,-0.20733971065203216,-0.14255638276977178,0.532048246210533,-0.31755192401940074,-0.17983658067749408,0.6268155668916996,-0.37953589944362764,-0.1941101366402495,0.708660997789908,-0.4359798910861051,-0.203569653917944
No Gesture,0.0,0.0,0.0,-0.04976006185066305,-0.27580131889504333,-0.048661874636558584,-0.0478866589564466,-0.5456617613962703,-0.09716517376084396,-0.06777241998939687,-0.7681551560052795,-0.1390056982759208,-0.14924059902534265,-0.8900444635867293,-0.18507184025321763,0.18391816053303478,-0.535649436004859,-0.12477570641827976,0.3379264597556969,-0.751889304886197,-0.18565876525807581,0.4357367824125047,-0.8910636060812451,-0.22598284785463932,0.5181539768321453,-1.0,-0.2535450765269011,0.27747517200430055,-0.4321236948574845,-0.13503955786187066,0.44611263003584417,-0.6490628470980347,-0.18523638544142307,0.5613175083357433,-0.7885338956349571,-0.21591006457210699,0.6589968417026775,-0.8958620321613745,-0.24055488414783646,0.3418341047596279,-0.3165579895785352,-0.14511655247702496,0.5027648914742953,-0.5112501202756596,-0.19389026969163203,0.6081949635426619,-0.6344508031449289,-0.22479730718556434,0.6916505715148965,-0.731983110467365,-0.2463180423050058,0.3818898075508588,-0.19460278306421683,-0.15676627768251777,0.5329232887906858,-0.305664046970711,-0.19860544614849032,0.6292349160846493,-0.3684092644466228,-0.21492243969093397,0.7139309468126883,-0.42356491934321,-0.22519401471855358
No Gesture,0.0,0.0,0.0,-0.04490424534166527,-0.2793996734976296,-0.04282578010361533,-0.038232839705715414,-0.5508968003848835,-0.08895720085516541,-0.05846608753939381,-0.7757972009449108,-0.12878565027973202,-0.13990883340270607,-0.8977171862414929,-0.1734018664064625,0.19197200809769124,-0.5343597796649566,-0.12036423552171675,0.3491351944148634,-0.7575288797833408,-0.17495140124869807,0.44719962727916496,-0.8948804266153488,-0.210001687478839,0.5283438451059781,-1.0,-0.23340549496136517,0.2834736892605586,-0.4268180614192042,-0.1307393855290144,0.4553451586833954,-0.6534719256612483,-0.17460128286456045,0.5708414530977183,-0.7975368396300361,-0.20254652749808316,0.6669649131579374,-0.9059091388229698,-0.22554683562118105,0.34689008519333375,-0.30790565486969634,-0.13971255010188552,0.5122041410122654,-0.5084209502083885,-0.18086738162071617,0.6212221472936521,-0.6321707542529096,-0.21032107801675706,0.7049458149315372,-0.7276163434977918,-0.23202921179083255,0.38699467136239063,-0.18760655923801697,-0.1495256372926137,0.5372330613381191,-0.3008482845111384,-0.18418764449836966,0.6335607205215389,-0.3668962273840349,-0.19783413608444683,0.7161308185263067,-0.4237926439664632,-0.2070150219113249
No Gesture,0.0,0.0,0.0,-0.03921157007955235,-0.2877416637347939,-0.04029954213011036,-0.030472425795868393,-0.5638305008055543,-0.08598240305305191,-0.04796464599751283,-0.7865796634973444,-0.1271155957289811,-0.12562912372127136,-0.9139262858881447,-0.17271137969024491,0.1945386906288964,-0.5469418261844454,-0.11290375721062196,0.35999322582778204,-0.7611773331902566,-0.1695324186055129,0.46344838665898547,-0.8947637646755325,-0.20654166914271332,0.5480497648849828,-1.0,-0.2317357724867609,0.2841604861746199,-0.43794343797259244,-0.12893690206366804,0.4602539648581661,-0.6586108747075121,-0.1766771722952383,0.5783442735172613,-0.8030058078604727,-0.20881403762179954,0.676809462746572,-0.9163742439285089,-0.2349200004088413,0.34727072148807797,-0.3172037402292522,-0.14446653726620307,0.5205795043369178,-0.514954522048782,-0.19037701475903626,0.6330188023374972,-0.639253922247753,-0.22311785041108056,0.7203105490402701,-0.7387096166945288,-0.24672531050901114,0.3875746676132929,-0.19348742989414744,-0.1608193536616027,0.5464507530659959,-0.30923389399439866,-0.19894943815594518,0.6479590869356405,-0.37634712957024713,-0.21457852314047735,0.7347539839886785,-0.4352851462342487,-0.22518955238719116
No Gesture,0.0,0.0,0.0,-0.03736784937106672,-0.29142121780573493,-0.03662509513859344,-0.023086900958729954,-0.5765985327433076,-0.07880405146495063,-0.04044203406847372,-0.8010956658456286,-0.11635956569139685,-0.12155081205514219,-0.9237614016451277,-0.1589093585624554,0.20943676213278548,-0.5646032398631081,-0.10799699327324395,0.37612665924117283,-0.7727739772866762,-0.15912341539896133,0.4822484029758608,-0.9001882765445254,-0.19358110211157478,0.5701548686950828,-1.0,-0.21779394065574362,0.2978760159709974,-0.45175264060705955,-0.12453035809825894,0.4747994724902772,-0.6731603311478849,-0.16595914469806042,0.5938264826210866,-0.818367086890237,-0.19682712678505307,0.6919101498748375,-0.931227995513913,-0.22291271350559785,0.35867180018191225,-0.32494920574569924,-0.13968158896115163,0.5330665750095156,-0.5242354676061113,-0.18052605778610503,0.6461432243330767,-0.646557764005379,-0.2137650054223526,0.7341363574694874,-0.7445055537937991,-0.23882520525638554,0.39568469802556366,-0.19416044427601228,-0.15517186915189418,0.5550332257172811,-0.30974976140686855,-0.1910108736683594,0.6580517123378525,-0.37652655961144404,-0.2069827989235197,0.7463834051071507,-0.43330272138439135,-0.21822714028345175
No Gesture,0.0,0.0,0.0,-0.04120393235526218,-0.2906749006108694,-0.044901459898012155,-0.032330547078745386,-0.570301542219629,-0.09288531556596061,-0.04758721576768246,-0.7952472636801479,-0.1348834262014304,-0.12500160689634296,-0.9239883429864607,-0.18100484149214455,0.19893141738762748,-0.5503725718759551,-0.11900792963590352,0.368640474463618,-0.7611369665916229,-0.17512085360254476,0.4750269647573421,-0.8949156832115479,-0.2115636557643698,0.5621747244397391,-1.0,-0.23647597451510155,0.2884251075030932,-0.4397879698547628,-0.1327533036750659,0.46878875125562536,-0.6678841757409658,-0.178592803689096,0.5882640861224562,-0.8179626268394126,-0.20952967056329766,0.6875618482307484,-0.9354128576311956,-0.23509857061545095,0.35057515830866315,-0.31665077739917225,-0.14581927157335467,0.5280725827821161,-0.5253866814625535,-0.19052746472658016,0.6424249938799711,-0.649971946699974,-0.22231318755278806,0.7326027725976969,-0.7485474693767026,-0.24553441204788742,0.38999989356471537,-0.18888060905310886,-0.16003010991985903,0.5507837991121085,-0.3040767616802012,-0.19834021202447166,0.6549539473875183,-0.36958256496042613,-0.21385726703478827,0.7447873319341931,-0.4261715794844192,-0.22409881223736985
No Gesture,0.0,0.0,0.0,-0.031837702135453144,-0.29123043907818347,-0.03380240849387598,-0.014100949322024324,-0.5801112954417598,-0.07392531269192325,-0.03075710955607928,-0.8047330466025664,-0.11037054535668928,-0.10986816452852476,-0.9297058194264676,-0.15138108657286733,0.2214831846203506,-0.5590236144734074,-0.09982844002228983,0.389895958692869,-0.7688374420529035,-0.14942606483187224,0.49641702793463377,-0.8986347945147583,-0.18344178566868335,0.5830863953345914,-1.0,-0.20737896240423714,0.3072592520257917,-0.4460360477452445,-0.11816648697775632,0.48759583724274375,-0.6681080092579995,-0.15858515220317249,0.6075826356016961,-0.8129845556821822,-0.18940748957871995,0.7059245023037954,-0.9267381435575563,-0.21527955686482414,0.3665434324736337,-0.32052915956319944,-0.13544612709975065,0.5451611662361193,-0.5205086071025602,-0.17551242743169773,0.6609944476588357,-0.6425811072886788,-0.20834710691897462,0.7507493775214921,-0.7406934162650903,-0.23284635132599124,0.40297363580625384,-0.19170929207408444,-0.15305263145630602,0.566326057053244,-0.3082080422828204,-0.18801791948288166,0.6715945726034318,-0.3731605858501005,-0.20299336702721482,0.760529821164587,-0.4286696328692409,-0.2134318726975807
No Gesture,0.0,0.0,0.0,-0.03465812585724062,-0.29120060576595214,-0.03980486588738801,-0.01971784059598942,-0.572987815983264,-0.08166559395892391,-0.03716374534252628,-0.798037837797917,-0.11993755119802352,-0.11896845047962278,-0.9229302450863383,-0.16230164577008357,0.23141528814920193,-0.5681074928003285,-0.08979007167181743,0.38541454599115516,-0.7691690602866157,-0.13892033169607204,0.4857239782402494,-0.8976525593931973,-0.17635690825728287,0.5703569590694124,-1.0,-0.20407888367409882,0.3180680229793089,-0.45935751074115616,-0.10703795670950153,0.48815696350062265,-0.6715690065547075,-0.1459728101151723,0.6034507840942962,-0.812965860590502,-0.17837371856901574,0.7006357253926045,-0.9261547169606246,-0.20594206476191634,0.37342679842689247,-0.33055894979759265,-0.12527182957752156,0.5460643815834999,-0.5202658893376302,-0.166827698569208,0.6599895434585373,-0.6350456616709648,-0.20098205295092947,0.7513415907125177,-0.7299738906959773,-0.22612328384359956,0.403321094553527,-0.19374770165803903,-0.14487430890933964,0.5630055394308737,-0.30149857121338103,-0.18178029855396355,0.665597811372297,-0.36054514476610666,-0.19763479962546643,0.7548205088116289,-0.41196167588372334,-0.20851000685073592
No Gesture,0.0,0.0,0.0,-0.03792000212855771,-0.29558388329872665,-0.04909786754404456,-0.02916620298036089,-0.5732621195634232,-0.10281545974265532,-0.04796869147830092,-0.7987571165729546,-0.15118580738526008,-0.12448891562725266,-0.9315231583066226,-0.20369989165882957,0.20627638744621152,-0.5494072100528177,-0.12618956966731606,0.377346648644315,-0.7594555932112242,-0.18902822344466486,0.48740976418128695,-0.8941433199291917,-0.2302890370140513,0.579269488005148,-1.0,-0.25832674894684854,0.2956562781929193,-0.4347552366285363,-0.14262701164493763,0.48070276613253526,-0.6577940160076831,-0.19489557094008658,0.6067938367273763,-0.805505995965454,-0.22933885842707433,0.7120387676242149,-0.9232697180357889,-0.2573492067088095,0.3573620680176955,-0.308224306341124,-0.1593470207138323,0.5419201279837554,-0.5099568143515469,-0.2096134494099999,0.6616242584626534,-0.6339651503578955,-0.24314071448152938,0.7545500912485378,-0.7345427398409058,-0.26701100394778016,0.396267795083806,-0.17848195684841972,-0.17779256754094042,0.5636003751160623,-0.2939521298352627,-0.21849408919926144,0.671076701774495,-0.3600600360264023,-0.23431480199439206,0.7620417133960399,-0.41817515172132674,-0.2449775105573249
No Gesture,0.0,0.0,0.0,-0.03467672931230883,-0.29442107232047665,-0.036866018200618335,-0.02073742236063456,-0.5750033361339361,-0.0787139374960158,-0.03794462100551491,-0.7999890315099577,-0.11684509363012313,-0.11906879591673783,-0.9229968484240324,-0.1593002471489225,0.21459384537854967,-0.5541637576223408,-0.09915057250141301,0.37591833475665837,-0.7612241221685341,-0.15018268980126362,0.478151776273747,-0.8942880690180494,-0.18592036841566428,0.5626300781415123,-1.0,-0.21148207874309166,0.3035842511270331,-0.44378469268473547,-0.11612779893221387,0.4791839056610394,-0.6609426988950559,-0.15716698634944942,0.5970729327228185,-0.8068004776404429,-0.18860492016773553,0.6952714480257961,-0.9228547001084969,-0.21535380722516592,0.36396723930289027,-0.32030587996714427,-0.13269005485222843,0.5392726509680038,-0.5147995874521579,-0.17396164060578995,0.6531684707576464,-0.6341900819984423,-0.206876159046253,0.7415258053758863,-0.7320020754482921,-0.23134958518535279,0.39960391870718803,-0.19309639921325258,-0.15005031504580985,0.5607372538271603,-0.3000016024494268,-0.1852341298092869,0.6639600006520312,-0.3623180978151707,-0.20044413771378314,0.7521340896526248,-0.416869620570367,-0.2111508655700733
No Gesture,0.0,0.0,0.0,-0.034696331298957155,-0.29029989067910184,-0.04189349024986369,-0.021476397101462888,-0.5663525636261717,-0.08891317916601757,-0.03888893416682806,-0.790821147198089,-0.1310801517120231,-0.11678052303294904,-0.921264019776667,-0.17740425205241805,0.21676856735474093,-0.5546661126488727,-0.11012749757908813,0.3789760400196816,-0.7648416863763838,-0.1642946195192702,0.4839756269927857,-0.8965065798361651,-0.2019434197106716,0.572427477864383,-1.0,-0.22858557113600117,0.3050237815084958,-0.44556084493975745,-0.12613115017346338,0.48240736801304224,-0.663727867491026,-0.16759747059282243,0.601208407569968,-0.8059667329627787,-0.19831643231227414,0.6993478802603258,-0.9172679500245744,-0.22488965383089252,0.36346425549208355,-0.3201537233614919,-0.141742323614646,0.5411468375538973,-0.5125757710963502,-0.18164756813071248,0.6564488900627387,-0.6267097448654126,-0.2115792577643452,0.7462061269431949,-0.7188063163553954,-0.23487818784510783,0.3968845547003704,-0.18996253473086533,-0.15880971903665037,0.557126350867315,-0.29720531359792285,-0.19301670325239242,0.6612248070860497,-0.357519948922801,-0.20618464648067142,0.7502635981853338,-0.40968856114414254,-0.21554638800650602
No Gesture,0.0,0.0,0.0,-0.03425877124257489,-0.2942804848039984,-0.03811236859634114,-0.020728434961682855,-0.5725808050888053,-0.08329599800528481,-0.03984741572588067,-0.7935415701301389,-0.12444425653520352,-0.11569230760636615,-0.9259716008737935,-0.16995382765186545,0.2152056517825147,-0.5550899922938364,-0.10889204734651815,0.38280067514819494,-0.7645962531677248,-0.16362602409842744,0.49008498286851954,-0.8964715043721795,-0.19998911707710407,0.5781298573759214,-1.0,-0.22498696289852832,0.3019647225850925,-0.44151415640970426,-0.12773823822810718,0.4846996062566563,-0.662388754308008,-0.17188050821141282,0.6070008080439053,-0.8066756353116025,-0.20252572344911543,0.7076737776206193,-0.9201617428498728,-0.2279481903376101,0.36001204943452286,-0.3136302454772026,-0.1460947724487526,0.5436385605366775,-0.515028694915524,-0.18990829453142222,0.6606041727242029,-0.6339675626094372,-0.22066050296597053,0.7515486344393173,-0.7303898525550303,-0.24319310612703382,0.39470340207991006,-0.18125488967114317,-0.1652219492165267,0.5608432900374862,-0.29416429183317033,-0.2032552637802263,0.6675501941065026,-0.35751250401159024,-0.2175416573878253,0.7582927845003046,-0.41236201037301573,-0.22687974220366644
No Gesture,0.0,0.0,0.0,-0.03838885799985469,-0.2909889939606232,-0.04066775007133118,-0.025644052447052573,-0.5684540135654712,-0.08633763758040776,-0.04252599722370923,-0.7896972839416987,-0.12753918225576247,-0.1176446320242893,-0.9205069288017489,-0.17319843275100186,0.21689871584488893,-0.5567372889709512,-0.10784048383679237,0.3748837640205234,-0.7673426149328268,-0.16251089202101854,0.4782600633647216,-0.898281782346138,-0.2003957563283941,0.565755753413874,-1.0,-0.2264441790139074,0.3011239441912892,-0.4435181716902438,-0.1247197919781844,0.47727992436268907,-0.6641934453454116,-0.16791747634378515,0.5956889738187977,-0.8072598252748339,-0.1990854519993354,0.6936622043539155,-0.9181008009443083,-0.22490795123178156,0.35635011373031433,-0.31563632934600555,-0.14150431049687653,0.5356067080412757,-0.511386197376379,-0.18419759619660783,0.6510866452803953,-0.6272619400975769,-0.2156809168763896,0.740903470473752,-0.7208253378374186,-0.23875945427931836,0.3884194567552526,-0.18348982424223792,-0.15938704791847197,0.551968873779686,-0.2988991754810705,-0.19666317690501278,0.6556535732852944,-0.36101733727273067,-0.21092197978574878,0.7441846165808444,-0.4147722987999139,-0.22021494725566665
No Gesture,0.0,0.0,0.0,-0.034729367974686245,-0.3010727332588587,-0.037461375350218915,-0.02147945209682001,-0.5777866528817461,-0.08444028387790936,-0.03970634437767819,-0.7983270676927638,-0.12814675250394425,-0.1148260850709394,-0.9296606485931558,-0.1765995850527187,0.21336657127944153,-0.5559684462164284,-0.10864573934296147,0.381497816031831,-0.7677615535981055,-0.16505967030298851,0.4881327480041126,-0.8976485684734646,-0.20328728841178906,0.5765496775190379,-1.0,-0.22965558564174796,0.2986026173592664,-0.44179578060389724,-0.12947985126214398,0.4803360590345638,-0.6653385154148145,-0.17645424515397762,0.6010847536947153,-0.81146322869186,-0.21006361738462329,0.7015421996086805,-0.9285043440209697,-0.2374594561942041,0.35635258420545407,-0.31338782318691877,-0.14980909093053055,0.5404001689554534,-0.5156693074904188,-0.19563503292760465,0.6589834420587799,-0.6376746397111414,-0.2287175872451235,0.7513862895354855,-0.7383509495935154,-0.2529599267621948,0.3910537836413582,-0.18115745083648707,-0.17075424720386634,0.5573056151193098,-0.29795146393429983,-0.20983239481844432,0.6648895618969475,-0.363414171926537,-0.22449901737299333,0.75713155586135,-0.4212533856282721,-0.23425275740889565
No Gesture,0.0,0.0,0.0,-0.03578296121779479,-0.2907000328817402,-0.03735589366261703,-0.021527297053137464,-0.5731539713528239,-0.0824796016839508,-0.038795209683494196,-0.7986505551966119,-0.12357866563456568,-0.11647438807487025,-0.9300607553599229,-0.16922413880895965,0.20881233433717145,-0.5540063530346672,-0.11170828226619602,0.3762708638766572,-0.7645399622213066,-0.1670373247992828,0.4839000778240804,-0.8965908074736008,-0.20333576305296105,0.5725845711995249,-1.0,-0.228220608793692,0.29878336162971497,-0.4437727486512928,-0.12998909302657244,0.4823963831903622,-0.6670900345114943,-0.1748658602627954,0.6061422643206691,-0.8156980210338263,-0.2070639916598513,0.7068294668214992,-0.9319823410442634,-0.2337032526813694,0.3617239624405648,-0.31802718508182787,-0.14703010032508823,0.5424372661773023,-0.5179431314393553,-0.1902758811601446,0.6596456029394584,-0.6407141665066161,-0.22328015005321436,0.7493796132231999,-0.7399261303980886,-0.24776664641115786,0.40028467211004076,-0.1884096445367125,-0.1645816642842679,0.5651704833979374,-0.29975827760928286,-0.2007594790587616,0.6710563987915349,-0.3633407820065077,-0.21581233140464617,0.7606005857186695,-0.41836047014945565,-0.22624011843975986
No Gesture,0.0,0.0,0.0,-0.03615833604650614,-0.2964590249842275,-0.03202609750545567,-0.019701104115612527,-0.5785596063942613,-0.0727897668308929,-0.03746360809516395,-0.8004872886119185,-0.11033920243543638,-0.11387588740180188,-0.9308261673651526,-0.15258687667039797,0.2128779324818273,-0.5578366561720309,-0.09879734969785196,0.38145107143263574,-0.7688894421633439,-0.14655310301201682,0.487478325843311,-0.8986461337079316,-0.17840125873453544,0.5743233097210969,-1.0,-0.2004866068241981,0.3009832926843146,-0.4426389470613494,-0.11745226895077601,0.4830282367041348,-0.6657573721276798,-0.15478543137503964,0.6028922560913158,-0.8108639602663822,-0.18358694037097695,0.6999209363402227,-0.9254556117989571,-0.20834320238769563,0.36145401637007735,-0.31571214332880077,-0.13467369965745274,0.5443501749892375,-0.5130755499969052,-0.17085419732967538,0.6608295286462476,-0.6330037556973159,-0.20107049410276226,0.7500719580614262,-0.7321844468999468,-0.22456610223234394,0.3977303164517084,-0.1899873237235667,-0.15211221021023777,0.5625828350393709,-0.304535536734972,-0.1833488611918512,0.6682161589633376,-0.36761548609648126,-0.19552096280856912,0.7570044962338941,-0.42306690947828535,-0.20429288989402752
No Gesture,0.0,0.0,0.0,-0.03724423471184346,-0.29212268661245044,-0.038945253950122355,-0.02413752068600283,-0.5767477497665213,-0.08260306727434387,-0.04202621572456335,-0.8042721380245268,-0.12140011792704032,-0.12053074472393842,-0.9304307977524806,-0.1647270639423142,0.20626116069875194,-0.5564930735816257,-0.11193488850552466,0.3784782756955299,-0.7720532623688031,-0.16643231084515506,0.49026731395819795,-0.9017102748715693,-0.20217589696643037,0.584020523855189,-1.0,-0.2262441221526218,0.2962456905610587,-0.4464219652294215,-0.12661983668091134,0.47832601001279085,-0.6702711693141503,-0.16932384520723284,0.6008944564991976,-0.8152759780704013,-0.19937497042835908,0.7024914367951275,-0.9264051519803586,-0.22444113432135,0.3593805542526525,-0.32371725905069165,-0.14027022374751436,0.5407039295402384,-0.5204023488442979,-0.18138406322274056,0.6585107330604428,-0.6381585595165356,-0.213584740763274,0.7493014429052404,-0.7311820354330874,-0.2374944892465324,0.3979819925648695,-0.19816473922066136,-0.15468848950541192,0.5605590822861009,-0.30620740144833336,-0.19047059439057937,0.6658073769522089,-0.36676126438973333,-0.20604964240994245,0.7548338091055992,-0.4184998629052125,-0.2165449269059834
No Gesture,0.0,0.0,0.0,-0.029843494094281997,-0.29330550212425893,-0.0379115920047397,-0.013490752751096471,-0.5746357542432806,-0.08093078880785966,-0.028945659426911997,-0.7971952432809644,-0.11959269628282651,-0.10700344352829946,-0.9228900361592794,-0.16288518257757015,0.20627321771567728,-0.5489156508996548,-0.109670006532466,0.37936297302151667,-0.7564776761352534,-0.16373049030234477,0.48589997592586676,-0.8913508610881302,-0.19892519028404018,0.5723388209306902,-1.0,-0.22329005042912375,0.29555243267227344,-0.43521527117399006,-0.12711195644796613,0.47947043088577357,-0.6545556948718662,-0.1723149621773351,0.6010140327126603,-0.8038425888244508,-0.20367358124933738,0.7001816034471686,-0.9232204115680847,-0.22978208175365783,0.3573171799677111,-0.3111059368323592,-0.1437067441405549,0.540820732190207,-0.5074894594103588,-0.18817368582242675,0.6578778909136116,-0.6297345423287483,-0.22063830697764858,0.7474771441690286,-0.7284343674220999,-0.24405599937066894,0.39493594941203825,-0.18640659734277892,-0.1608858962159272,0.5607714231453044,-0.30204911741342844,-0.19813330240837124,0.6660973700812441,-0.3676782954002608,-0.2134407077971994,0.7542289597742183,-0.4243472252415055,-0.22389738139762852
No Gesture,0.0,0.0,0.0,-0.029859009943904044,-0.28899155087672507,-0.03462822091495012,-0.009154316665694226,-0.5760209936124517,-0.07539570306023836,-0.02640519464101645,-0.7976282163486784,-0.11327666551290132,-0.10543004120371528,-0.9221808240187376,-0.15653605165256052,0.2262743839586129,-0.5614545217118296,-0.09945346848801516,0.3906696367793865,-0.7716308391610335,-0.15042915676787813,0.4962147733239979,-0.8997825899716325,-0.18566600867066738,0.583491910679903,-1.0,-0.21025681938085494,0.30728927897665864,-0.4480083018679203,-0.11964288089747396,0.48909289312317494,-0.6673826610987472,-0.16183722705591516,0.6113831862168988,-0.8103046796640355,-0.19374390258568713,0.7117620214548274,-0.9223417630077879,-0.21986861745208763,0.3623545158771835,-0.31621489835212924,-0.13935917470246897,0.5474033740925042,-0.5151236806059141,-0.18238396812821198,0.6662645623042962,-0.6319574682081246,-0.21638078407846748,0.7588271249920121,-0.7260748946290693,-0.24072789412267184,0.3955702533069941,-0.17954900963827972,-0.15947775520252594,0.5645004153712363,-0.3005844370538927,-0.19751930066136528,0.6726390521200604,-0.36326867989742134,-0.21337239885845963,0.7640693461584412,-0.41595178359575347,-0.22380135995804037
No Gesture,0.0,0.0,0.0,-0.02935597675231483,-0.29137697300335147,-0.033895222951739266,-0.012287690103970338,-0.5698899984236534,-0.07639367016468998,-0.029257609299074068,-0.7926307853632794,-0.11519943342484885,-0.10624541660098556,-0.9188329552386109,-0.158501519685275,0.2156828322150411,-0.5522661695463549,-0.10377808283851646,0.38258904644739455,-0.7674657144619518,-0.15485685219159753,0.4880596544374156,-0.8985331752417636,-0.18884410091852633,0.5745228124764404,-1.0,-0.21195017190895174,0.3029448210161267,-0.4404051896070785,-0.12140863689006985,0.4855439423742521,-0.6589014920463034,-0.16132945117588204,0.6054464830337133,-0.799859773691461,-0.1898909663876265,0.7032364451328587,-0.9111386019861967,-0.21399669812085384,0.3635842694318984,-0.31551029080167503,-0.1378134529715464,0.5453397026873282,-0.5116260357625062,-0.1756353960585813,0.6609314152165421,-0.6268357241256417,-0.20461517427347162,0.7488877161479572,-0.7198936308744611,-0.22641409413338237,0.40015448196453907,-0.18947466536903645,-0.15469238098733729,0.56298779359455,-0.3092149108678816,-0.18607528242455415,0.6653679398520975,-0.37262050484212544,-0.19725077434749136,0.7511656054884276,-0.427109871356412,-0.2048660018554245
No Gesture,0.0,0.0,0.0,-0.03309619421222454,-0.29457397265160407,-0.0371951557321202,-0.020380237335519674,-0.5735346064679391,-0.08206559999677553,-0.04051811676123639,-0.795637023252896,-0.12350671193465751,-0.1189536481345537,-0.9204609411835575,-0.1695363935177604,0.2048155262294793,-0.5558164024585491,-0.10633741762176309,0.3737798478972931,-0.76508427719152,-0.16096756928448167,0.4818397951236804,-0.8967308591555806,-0.19785939128992058,0.571686378003805,-1.0,-0.2233894522761856,0.2969304778231322,-0.44312942998474475,-0.12464728965456595,0.47803236953687556,-0.6589570167516178,-0.16799520263181966,0.6010878676071035,-0.8005712769251674,-0.19987991958956566,0.7020853085962749,-0.913361445393496,-0.2270539857629735,0.3617335372547256,-0.31816497951278444,-0.14229145383432712,0.5424939869422021,-0.5126484145083992,-0.18337343573040465,0.6597970196552629,-0.629041698538059,-0.2146943743017918,0.7492898769240293,-0.7244322728227276,-0.23828663034111702,0.4009446146334002,-0.192445747846174,-0.16093691237084276,0.5634695617619352,-0.3104991896303779,-0.194338600038276,0.6668486996818899,-0.37532945338601537,-0.2076235575599732,0.7529163798761842,-0.4313405194388081,-0.2171659600099169
No Gesture,0.0,0.0,0.0,-0.0380599249101521,-0.27924033786349106,-0.040911413499052626,-0.027320702235685234,-0.5531582506977586,-0.08569042032082515,-0.04447401385038913,-0.7719072385905753,-0.1261022696975032,-0.12195837126608995,-0.8940735085792669,-0.17080188989365128,0.20826199253456135,-0.5469676248174805,-0.1049575730711031,0.36366559026090933,-0.7628188222678549,-0.15851560610628154,0.46390563827051123,-0.8972555055228733,-0.19568103238881698,0.5476136043535238,-1.0,-0.22125825667721208,0.2945817054567376,-0.4376318801175201,-0.12021135512002988,0.46843423106389986,-0.6519079326069296,-0.163191609334138,0.5871204853215541,-0.7894276814546582,-0.194861327631539,0.6861979878968991,-0.8951476689895802,-0.22069368798115993,0.3539113945238027,-0.31320577040578185,-0.13531784580592215,0.5245907004530158,-0.5050596513860596,-0.17713664323887815,0.6359484822134495,-0.6200912291301798,-0.20867363090852092,0.7228811068336116,-0.7114780779285109,-0.2314197787775505,0.39106651262225234,-0.18391270090752845,-0.15158025645131654,0.5485997199439888,-0.3012030977624096,-0.18612248802688336,0.6476999481528959,-0.3645637971131641,-0.19918787321276407,0.7323039437819536,-0.4185574529871961,-0.20773618151388007
No Gesture,0.0,0.0,0.0,-0.03003592389968935,-0.2872634495078026,-0.033799362559196654,-0.014026060053838973,-0.560223438953416,-0.07267089659355223,-0.03223519284924123,-0.776102866958005,-0.10854252347116634,-0.10668098469566735,-0.8994039752832562,-0.14883120294055752,0.2129836154075428,-0.5546054943918692,-0.0894099577320352,0.3688788453144978,-0.7610546373639449,-0.13995629123945386,0.4697052750956205,-0.8945684366780311,-0.1766049956190319,0.5537820795716301,-1.0,-0.202496562382238,0.30168231444854915,-0.443557268035351,-0.10823246138657922,0.47491771753566675,-0.6532266860055835,-0.14842613923618772,0.5935004458027732,-0.7911130554348784,-0.18091386035271068,0.6912532342537597,-0.9036214131829873,-0.20757597894751229,0.36180515353266746,-0.3194663343869509,-0.1269838824482596,0.5347493801962125,-0.511332239718663,-0.16774723277261744,0.6463065751170759,-0.6253615676663454,-0.19932665476751926,0.7311715186965009,-0.7207270062187109,-0.22162416220425415,0.39720079430392274,-0.19306878704076733,-0.1463751733121929,0.5537281205401596,-0.3128088690841257,-0.18023679254313776,0.6540740451460377,-0.3804571719410608,-0.19321780105497263,0.7374746080601439,-0.4390626156114405,-0.20155025586782485
No Gesture,0.0,0.0,0.0,-0.03276029397093006,-0.28559721429504215,-0.037740208175006514,-0.02029342139735689,-0.5604779325782182,-0.07996048707400524,-0.039238290897872896,-0.7759054311675482,-0.11840548729976652,-0.11763115851767576,-0.8937951336682531,-0.1614118455215463,0.19181922226184686,-0.541771109423384,-0.10688848504188334,0.35054555822113087,-0.7548885428717971,-0.16271666461916628,0.4532545719363315,-0.8921293668923649,-0.1992083566039919,0.5391493720456703,-1.0,-0.22374298081419916,0.28133019088048794,-0.4316746322997612,-0.12452649919968425,0.4606719791315464,-0.6490144776519312,-0.17068243853289627,0.5836989674733419,-0.7920992744005362,-0.202463611231625,0.6854430882845576,-0.9073820424339283,-0.2280149554305199,0.3444753510587934,-0.31036349729370355,-0.14168807425098073,0.5195707318207418,-0.5070123887517348,-0.18730009111845777,0.6349644202923432,-0.6252230237573869,-0.21973335229830515,0.7231401528741844,-0.7218330356078264,-0.24172229837704798,0.385099809468293,-0.18801548262760176,-0.15957978257984165,0.5448223339823182,-0.31352361449490174,-0.19603306472980284,0.64628100871763,-0.3791664785322651,-0.21007798500632932,0.7307855519268522,-0.4360557530328392,-0.21904667299801914
No Gesture,0.0,0.0,0.0,-0.043513978002942474,-0.2862704629218916,-0.04538242995954476,-0.035572551714274765,-0.5656554172377274,-0.09195007853940688,-0.05262356315042655,-0.7860876128480254,-0.13235278715481275,-0.13454926557756072,-0.8999007879289076,-0.17736709185357555,0.19702372085515743,-0.5518756862928973,-0.12034532398105274,0.3599690703982466,-0.7654314328129022,-0.17594500721612144,0.46530011824396983,-0.8972536112543805,-0.21274588403893405,0.5537234817254353,-1.0,-0.23833576570782689,0.2902565807008524,-0.43896465917479294,-0.13387719763967387,0.46741126204310474,-0.6597563999946334,-0.18085348397680376,0.5888943199879059,-0.8022871335374007,-0.2134029928473145,0.6895232716829828,-0.9145003013153449,-0.2397765399188295,0.35476323750855293,-0.3154885769188158,-0.14642678811498308,0.5235454739973225,-0.5138066328656825,-0.19438919582721745,0.6391966242722823,-0.6340933506335507,-0.2293762504016021,0.7298082411717786,-0.7280049825953563,-0.2535641892953758,0.3953101722317681,-0.1899743110860672,-0.15973967737160072,0.5520492002245654,-0.3068150933468991,-0.20060016815945633,0.6538984202832461,-0.3705026592790811,-0.217982629932795,0.7400522713312523,-0.42406293140757073,-0.22927116693441615
No Gesture,0.0,0.0,0.0,-0.03675873261055143,-0.2888632451776692,-0.03813373698230763,-0.026408013536172,-0.567180761284546,-0.0815168397771323,-0.047096591209274,-0.7840612130834833,-0.12123541954962005,-0.12142836784575214,-0.9095368421345331,-0.16495976811439098,0.19854422891368606,-0.5612923318197365,-0.10405768221475552,0.36535738914269983,-0.7716387582758899,-0.16065032699590498,0.47305636503174103,-0.9004745863097804,-0.19859755872638277,0.5620099116033468,-1.0,-0.22369230914973573,0.2896331705730072,-0.44534937393814183,-0.12160391562474192,0.47576519830158304,-0.6560181464787322,-0.167886621204659,0.6019570515725928,-0.7895351876517188,-0.19956402347199562,0.7067526186709081,-0.8990801631681539,-0.22455743682297677,0.35631272088735894,-0.3205062717411555,-0.13925258098543308,0.5347021166257448,-0.5137210847845974,-0.1843890271563481,0.6523410584240982,-0.6290172650147792,-0.21440124113241787,0.7437630516448897,-0.7231323113542011,-0.23456045382104979,0.4012284534895684,-0.19624891207327552,-0.15792128192445634,0.5592670849681199,-0.32319668324857004,-0.1943248221005823,0.6617583328930648,-0.3900551679647637,-0.2066061244983311,0.7483750267636926,-0.4471622143931663,-0.21381568977254423
No Gesture,0.0,0.0,0.0,-0.03824333233567209,-0.28085345551695173,-0.03778032654549573,-0.022894825586286895,-0.5571629548611159,-0.07632819842372406,-0.04197359691819224,-0.7710498476612659,-0.11166930202095947,-0.11979412202822232,-0.8862938585904839,-0.15115799833517587,0.2175161786631983,-0.5729514267705154,-0.07882745190186079,0.3634920292843459,-0.773449199963036,-0.1249246424969956,0.45975707523423204,-0.9005900453637027,-0.162130231859628,0.5390693510190627,-1.0,-0.18915292681389878,0.3097184560893426,-0.4622510272002913,-0.09639302514100019,0.48107870512765694,-0.6709066809741403,-0.13097007309356484,0.5977275564149848,-0.8033033161432164,-0.16382942251269153,0.6938448151729103,-0.9101785583749064,-0.1912623079558945,0.3736517608261187,-0.33660653573857047,-0.11500829777147428,0.5404295724722735,-0.5256894551804134,-0.1525181163442486,0.652221859401486,-0.6346553034430347,-0.18507571059220282,0.739210035046874,-0.7232376911820079,-0.20888624092961003,0.41212532533181434,-0.20569425498842114,-0.13499848954311375,0.5603140874365026,-0.3176806720834615,-0.16600895602100638,0.6577819818241754,-0.37528126461148453,-0.17722636939343697,0.7398247690782024,-0.42481155926176745,-0.18488609748707185
No Gesture,0.0,0.0,0.0,-0.043006005307265574,-0.2779314217150056,-0.03363368460482117,-0.03378162038406147,-0.5635052549619202,-0.06087375498645122,-0.05922139159941171,-0.7749968335087155,-0.08834572623753759,-0.14654866232706576,-0.8755768244502886,-0.11923385035438337,0.219017172702131,-0.5912124777850846,-0.03085056494368097,0.3438350287726623,-0.7831332318171306,-0.06060317636247263,0.4252104621154763,-0.9037133612926974,-0.09193547951414925,0.48789059164758763,-1.0,-0.11849374486216079,0.3197290183198484,-0.4985872359867211,-0.05218424557207682,0.47934664894750917,-0.6954726666775985,-0.07295171046784554,0.5787590669085263,-0.8204272897266017,-0.10297393527854873,0.6577929930354155,-0.9229201099903366,-0.12971836451566748,0.38682431811589246,-0.37804343634419535,-0.07823244430502795,0.5468152483801418,-0.5563122307422199,-0.10745794845567604,0.651003837815709,-0.6703115714334988,-0.14314243219602601,0.7356329823145807,-0.7682914348107088,-0.17171709162857945,0.4243916272598711,-0.24045896594834434,-0.10660277493195365,0.5620419013027285,-0.3338698933966782,-0.13351613082465255,0.6552011351023088,-0.39290318622531056,-0.1463627644344696,0.7374603587804259,-0.4462044230228796,-0.157595123614665
No Gesture,0.0,0.0,0.0,-0.042958770165477056,-0.24341931864403873,-0.028631659196682733,-0.03401245445441882,-0.5198376675388476,-0.05137624852667237,-0.049247175300467336,-0.714988591767218,-0.07485141922165493,-0.11341790785997902,-0.8136751122529232,-0.1007113712154422,0.214810134176112,-0.583114628841832,-0.025491510985247073,0.3360794838376227,-0.7725652602995476,-0.05994672048667994,0.40767100647576254,-0.8979054471427338,-0.09387205160890592,0.45720455775545576,-1.0,-0.11982470991502893,0.2993551266508316,-0.4937048046426662,-0.046599421874456357,0.4479563408480658,-0.6728458349237616,-0.07165792161768048,0.5423170282295253,-0.7836832934819798,-0.10022377721536177,0.6174415431076936,-0.8694768957740425,-0.12347700075805151,0.35594665258519587,-0.3787045442409355,-0.0731184704258646,0.5069736572335316,-0.5333140833826119,-0.10003944410419396,0.6048061259671946,-0.6223467535815127,-0.12522379369648398,0.6853526663489107,-0.6946537217340514,-0.14505336900433485,0.38794554241680496,-0.24896053562328638,-0.102820402738555,0.5203691178050837,-0.3396885858999385,-0.12580640136600715,0.6068663980902994,-0.4001464842140515,-0.13395264100020535,0.6853272854207334,-0.4534493340637767,-0.14037690002543265
No Gesture,0.0,0.0,0.0,-0.045290448559066325,-0.2199644626589641,-0.02601989630514253,-0.04248353081112893,-0.4780417358420065,-0.03994176774816011,-0.05995005354032643,-0.6552141323279563,-0.05592553611469189,-0.1192721307442121,-0.7467261194969733,-0.07295914107463931,0.19215458948999312,-0.5679815075707074,-0.0071781582913612,0.2866287280135838,-0.7597798262742134,-0.040697955140985204,0.32930880912392224,-0.8908213565298415,-0.0754431280519668,0.34465973647179,-1.0,-0.1003152005415119,0.26622052532273915,-0.4940866963802028,-0.02472655296024904,0.37478602408968825,-0.6810715892400364,-0.04762550021341499,0.419619060094475,-0.8142292445781811,-0.07427192756897903,0.4399423236420658,-0.9261699369898627,-0.09414877765164045,0.3205276721197015,-0.3858840740851297,-0.04902432809686053,0.43049955869659356,-0.5433125131685272,-0.07082115023871913,0.483101254625304,-0.6497232498252142,-0.090463755550949,0.5156243466369552,-0.7428526951476816,-0.10585638128783345,0.3544534440329878,-0.252219775141223,-0.07787907580548226,0.4693328251525555,-0.3196275540088004,-0.09373290769191082,0.5338799683400717,-0.36875216671154587,-0.09785840748834979,0.584603842402555,-0.4123089344449912,-0.10088393603198373
No Gesture,0.0,0.0,0.0,-0.049056570702874995,-0.20903165075575642,-0.024869660267151355,-0.06405363033985519,-0.41959076951549157,-0.051435236838637814,-0.0978957394829343,-0.5700018403850065,-0.0815542232710824,-0.12579468095224716,-0.683193830946976,-0.11213833221671965,0.14726471167430444,-0.5668811119018523,-0.02563843664052578,0.23486826232858193,-0.7684847213247267,-0.06620667452085591,0.2757669205229477,-0.8956233634041246,-0.10155931622727944,0.2972581195389346,-1.0,-0.1253074436226475,0.21738038399607384,-0.49473537763849734,-0.045055324086805994,0.303937763411548,-0.6980302596412074,-0.0782812328928936,0.33721061621193604,-0.8274887147539851,-0.10926856239630153,0.35348384688409157,-0.9307213613281496,-0.1315942899863277,0.2764661186151335,-0.38637774855958945,-0.07005994438109747,0.37711249585333423,-0.5476487019486171,-0.10320157470187864,0.4208140037060302,-0.6390048723806411,-0.12269703373230506,0.4483765400658775,-0.7185084736326184,-0.13479890226437635,0.3264741026383234,-0.2489248310982794,-0.09803708288141053,0.4548006178693136,-0.33211332647527864,-0.12372246358721621,0.5302537611257588,-0.3949525508019723,-0.1306111483898375,0.5925552399034648,-0.45814477334524517,-0.1325545475938323
No Gesture,0.0,0.0,0.0,-0.008571437895303145,-0.23402578863828608,0.036405753763186416,0.041869175117482484,-0.42504820276656674,0.03331112441150938,0.11785220952850697,-0.5286110750180967,0.01633829174282401,0.18895158158553418,-0.5763552401540384,-0.004509096256130653,0.10666059638032538,-0.5356661845113527,-0.0005733448692001474,0.19039783108029673,-0.7490806826168414,-0.04501272490415485,0.24855052044868883,-0.8877438800917762,-0.07598659877490876,0.29218691944312225,-0.986619773793479,-0.09560934215584026,0.18373509020881948,-0.49483387419575753,-0.050295919446065235,0.28466987856385956,-0.7334846376179578,-0.09096919942596829,0.349493716940621,-0.8878410481846516,-0.11973535045795138,0.3916003678135321,-1.0,-0.13815354914265904,0.2511379955414564,-0.40569390372446834,-0.09876276811032364,0.3535946899735115,-0.6282819622253878,-0.14201374976446823,0.4123119898966495,-0.7665357084083434,-0.1639550244060535,0.44870287255921776,-0.8741819049301784,-0.17748661372640764,0.31122007760527204,-0.27199926581147643,-0.143158987958495,0.44042939905563805,-0.36802478445699455,-0.17844239411905863,0.5177269166339721,-0.4447374953022657,-0.18862806109942928,0.5777100657286538,-0.5163865430649454,-0.19326520686961696
hello,0.0,0.0,0.0,-0.12511698571278568,-0.13600113219343496,-0.10839651146976004,-0.18382068670222954,-0.32799466004522526,-0.19939848103461283,-0.2217298243346141,-0.4764112351456678,-0.28537644735378037,-0.2837713574763812,-0.6362316796469248,-0.3738458489371692,0.01801610011742422,-0.6173365197498314,-0.1639861248684716,0.09901274270255438,-0.8440924948213924,-0.2961952079816095,0.07729046312045677,-0.9609004013375837,-0.40212920989855333,0.01777978597411285,-1.0,-0.4633194054205745,0.1532192666068052,-0.54890164982593,-0.17890513711619996,0.3205152633467032,-0.7779389514187619,-0.315321546063892,0.28342763873514387,-0.8924279277904712,-0.4152045483371692,0.18247212225959092,-0.9017424533853232,-0.4722136534598399,0.24846227611727814,-0.4284403050290581,-0.2055310402939584,0.4098184622016309,-0.5920364896909607,-0.3198608920684049,0.38043081017426694,-0.6774504166793814,-0.4010212245469066,0.2891245275819573,-0.6795953850142473,-0.4451482654445111,0.31667945350041676,-0.26176326633000413,-0.23909780042104664,0.4663191675398797,-0.3716249546774222,-0.33024955374704507,0.47408665845073555,-0.45904532930562086,-0.3861912205558767,0.41190300043274203,-0.5031786474853749,-0.42106110240841615
hello,0.0,0.0,0.0,-0.12190950353155443,-0.12852547891097243,-0.08301956297572663,-0.18720044390935492,-0.3201492594298921,-0.15756567523568027,-0.2317134956855681,-0.4638944876528014,-0.23071429844882815,-0.29498421457655105,-0.6111619979460223,-0.3047035089449378,0.0037021535979214417,-0.5946567247649277,-0.11763210528159478,0.08242879408625083,-0.8341435430545652,-0.22860092920664118,0.04682235250383227,-0.9457697040834594,-0.3197081457274774,-0.01830168551984508,-1.0,-0.3729940252186446,0.11992206860014014,-0.5438671384536843,-0.1362345513889216,0.24605079576787992,-0.8010408791984518,-0.24717137660555225,0.17679698504290675,-0.9161191433121548,-0.32983891863082565,0.0633378070921501,-0.9383971531815746,-0.37706389124708245,0.21440940626275326,-0.44903108759367655,-0.16536057272648458,0.36510271767212304,-0.6788899308670329,-0.2575735627960975,0.310914965492908,-0.7887805255860582,-0.3178780377791073,0.2093922754390641,-0.7997989899316791,-0.34863855374858393,0.295117057699368,-0.3126984086581717,-0.20065810253528138,0.419798812969125,-0.5027790999466325,-0.27744488192951916,0.398834931874871,-0.6110237004979072,-0.3181546629771448,0.32048694276946155,-0.6464579066081333,-0.3394556819784384
hello,0.0,0.0,0.0,-0.1559203964561027,-0.11323513750419845,-0.10974009597400435,-0.2562745634641064,-0.29638437072475404,-0.20543853292359843,-0.3245165772022381,-0.44041459133768607,-0.2953926521102879,-0.39236479470627267,-0.5977040905143812,-0.38601449047629405,-0.058352627407449884,-0.5810223111518895,-0.17462039356696407,0.016231854524899853,-0.8242150699604323,-0.30747969407016307,-0.025305360083231615,-0.939243250743432,-0.41044537715718765,-0.09620301837485357,-1.0,-0.472222329382978,0.07116121312536353,-0.5363219265333541,-0.18932624768430753,0.18393272964470914,-0.7877094614521295,-0.3289166605604268,0.1147751220621124,-0.915101935176007,-0.4259926803217913,0.0016677299314322228,-0.9654194041894338,-0.4835366910349944,0.1742805298642571,-0.4434676801644971,-0.21524326234404914,0.31167554313543977,-0.6510336879142125,-0.3400512122791269,0.25353936605526384,-0.7425915363441987,-0.41344163337293444,0.14733086410145083,-0.7549563412905815,-0.449913129514461,0.2638558929785613,-0.30452705027484456,-0.24751632934406553,0.3829517014966945,-0.4830679779468989,-0.35173786593402695,0.36444129447279816,-0.5914774635656883,-0.40613470680886005,0.28481407032088407,-0.6377659612596155,-0.4359863877741338
hello,0.0,0.0,0.0,-0.14160576579279327,-0.10990463838038482,-0.10912206898951465,-0.21958220373338574,-0.3013137519485801,-0.20338038492490748,-0.27957538895631107,-0.44363539261585927,-0.2920706028749268,-0.3519137950096952,-0.6047016789308947,-0.3833042068381012,-0.023679345988301084,-0.5663884073788389,-0.19703184463851872,0.06248348838998628,-0.831203402991907,-0.3396590834447301,0.016299084660350606,-0.9482225651881273,-0.4454404907414555,-0.06165265456257084,-1.0,-0.5080805121039066,0.10877923031812854,-0.5099222249018679,-0.21830313031022364,0.24353077867556683,-0.781435228259471,-0.3704534058431696,0.1717813917792064,-0.9048571774020958,-0.46824636205337766,0.05277818547185219,-0.9339092057034641,-0.523921732970573,0.2108398921791058,-0.40170964265093534,-0.2504988624752602,0.36223320374049794,-0.6188502940893124,-0.38827905875894375,0.31842401491233574,-0.7128631826819316,-0.4642669266453736,0.22501695612227546,-0.7302239242641625,-0.5028183597852336,0.2907791669549261,-0.24516154060514445,-0.28820767817174786,0.46637179070229057,-0.39360445456244153,-0.40577855282316944,0.5036796563386802,-0.4830726497909338,-0.46492318838453833,0.47564363759093103,-0.518412247460461,-0.4987579746533444
hello,0.0,0.0,0.0,-0.12309577149597462,-0.12815447525527537,-0.10008425234539427,-0.18360275498073764,-0.32041577403745186,-0.18543866989604071,-0.22789314931227334,-0.47234239809719014,-0.266669999859815,-0.2873405574662442,-0.6339037187535315,-0.34898836911414843,0.011309573754494267,-0.5635862814550249,-0.16424704202651164,0.1053095533838751,-0.8308232203717832,-0.2979820059632405,0.05701384668587002,-0.954595102418138,-0.396805305634934,-0.02563727299491268,-1.0,-0.45154285688280416,0.1360654294587284,-0.49753430630524015,-0.18445392324591628,0.28079334346367457,-0.7664480624388579,-0.32227948636015713,0.21760598663396374,-0.8982936211346144,-0.4163752867145089,0.10581214991029653,-0.9325300842519109,-0.4679148932608499,0.23439622697331886,-0.38407735403117577,-0.21624291103470014,0.40011218390982994,-0.601723233127671,-0.33734571148556985,0.37048869600391504,-0.7198392370136091,-0.4142731721957381,0.29444614469056785,-0.7616425363748931,-0.4545902348203566,0.3071519546336611,-0.22965787545112434,-0.2531486982548527,0.48178466509489554,-0.3527713499851828,-0.35114210738952334,0.5567907399045394,-0.43573057528083564,-0.4079303009666671,0.5853309473841457,-0.47722298019248294,-0.4414279653781769
hello,0.0,0.0,0.0,-0.12810602915606253,-0.134256128868334,-0.07611732566567309,-0.1972120828410199,-0.33174705433427887,-0.14545674372689998,-0.24665093809138355,-0.4842035074468336,-0.21359717465792888,-0.30643340844728856,-0.6398093780906986,-0.2829169305537727,-0.009440269132885057,-0.5687662937811847,-0.12534478552043427,0.05501241023234417,-0.8270475726344542,-0.2374046943377389,0.018163183795008787,-0.9471718184287901,-0.32180922880477,-0.04983878036781309,-1.0,-0.3696491645760903,0.11260347838240732,-0.5072348669446299,-0.14933064588530387,0.22286895970180268,-0.774409837104998,-0.261349234506581,0.1718244453114406,-0.9037456085179133,-0.3417968359277759,0.07733833259978054,-0.9517953993975148,-0.3870687005449377,0.2126298816550247,-0.3900899562506335,-0.18268978373167616,0.3412052573289329,-0.617061026501851,-0.28120566410842146,0.3073212503071897,-0.7295640752583518,-0.3452816455997505,0.2372402309048339,-0.7814336629924233,-0.3800035399986931,0.28703030059003565,-0.22906354696149472,-0.2194386528570637,0.4320874737413553,-0.33939081332724275,-0.2978081101946049,0.49911233169359986,-0.42963412145135155,-0.34540605453437734,0.533257478883167,-0.500298280617036,-0.37466037728927765
hello,0.0,0.0,0.0,-0.12842144632345753,-0.1329454655571494,-0.07720033290523096,-0.18898407305232318,-0.3294143170214557,-0.14664421316866316,-0.23403709225720176,-0.4782959956927016,-0.21445119716149036,-0.29618331780619306,-0.6321714060696524,-0.2840048714440828,-0.013254320998814137,-0.5692749060885787,-0.13229561013106864,0.05893044085967439,-0.8246276452399663,-0.24672561059999015,0.02452233563594515,-0.9424052510170795,-0.32967022870860935,-0.04295773096221001,-1.0,-0.3754842284453353,0.10885758853436037,-0.5063477849672801,-0.15763583246766502,0.2320349103597193,-0.7822878737459881,-0.276266140955879,0.18249634608442056,-0.9101053717502467,-0.3585412182290608,0.08580597157431644,-0.9557310966718436,-0.40187928409163065,0.20542005481297093,-0.3900876770249359,-0.19185151037846712,0.3402250484316835,-0.6150374656995208,-0.3002729736508953,0.3049657659042078,-0.7265757034246525,-0.3700753034563945,0.23433262580797154,-0.7820363510222207,-0.4049358049538361,0.27569918740985266,-0.2307496134222288,-0.22841319417960146,0.424548211064401,-0.3444657938700093,-0.3145693456107443,0.49312600599202605,-0.43889088196228404,-0.3658981449061191,0.5307727205188193,-0.5147930050468384,-0.3958596311952493
hello,0.0,0.0,0.0,-0.12275313358609047,-0.136964784283858,-0.0715371947491023,-0.17700909796526382,-0.3363789776438331,-0.1357687452277205,-0.21769320383078444,-0.4812365754469323,-0.19937525322227684,-0.2703273579625777,-0.6395156888098978,-0.2646372713818667,-0.0024984185803969207,-0.568495144201715,-0.11438462872271309,0.05641139086223518,-0.8150568221932689,-0.22355021684606852,0.022100359476734277,-0.9363755406079766,-0.3056447213212753,-0.04439544783208963,-1.0,-0.35101277367893413,0.11296091991717401,-0.5063309872097388,-0.1416651772670682,0.2336403934464702,-0.7727900379376516,-0.2531421925276169,0.18635663143777886,-0.910332331813193,-0.33450337147032116,0.09207994195131033,-0.9706918260610289,-0.377486706553186,0.20319755983589358,-0.3907626268104778,-0.17822631781129547,0.3383741003367091,-0.6102956299621521,-0.27869387235699977,0.305121982482282,-0.733983495003546,-0.34697146532416767,0.23591277766241936,-0.8051415210459886,-0.3817853273932917,0.2656348188807982,-0.231662346473136,-0.217341783498458,0.4091020590581274,-0.34587537636363574,-0.29658224837835495,0.4772993085756562,-0.4500333250180417,-0.34403813582922255,0.5149584945082406,-0.5381928568981365,-0.3715771119800248
hello,0.0,0.0,0.0,-0.11898342365765799,-0.12270372228865406,-0.08173524399193192,-0.1721087383781554,-0.3160319336031555,-0.15040183481416547,-0.21531840588818138,-0.4631051923989475,-0.2166879223980488,-0.2676659074527133,-0.6241611667999946,-0.28513094484946694,0.00453967138452391,-0.5589823044071205,-0.12466287933219068,0.059208793219232815,-0.8074957241990762,-0.23507936367169874,0.025443709174292155,-0.9316360012542643,-0.31837642397885274,-0.04164117751313525,-1.0,-0.3661153180009994,0.11996584636670166,-0.503234831956296,-0.14759507770736435,0.2181195007746797,-0.7696037061485775,-0.2628916675554761,0.17499943927527098,-0.9063175206027857,-0.35123145728590166,0.0848320442528354,-0.9718184149037554,-0.4005667401088582,0.2127361035920246,-0.39205081441418776,-0.1801347858138607,0.33175201630015794,-0.6026295570978295,-0.28867961773497397,0.3148420977173886,-0.7290856272838538,-0.36717404325159936,0.2594875723609765,-0.8091595373998997,-0.40893874512415607,0.28128239284770323,-0.2369853591474873,-0.21513707873821827,0.4212806249156164,-0.3527543458365419,-0.3029540201453427,0.491011582593873,-0.4569474453601238,-0.35901214509064455,0.5286397301836583,-0.5467355265952838,-0.39291881212966173
hello,0.0,0.0,0.0,-0.10670488906076055,-0.142652629493494,-0.06993264658167614,-0.15479656862044738,-0.3353775900736074,-0.1262648392544614,-0.18919090252834428,-0.48244596652460797,-0.18084915854797576,-0.2363882991383875,-0.6327628654773021,-0.23695965900670585,0.008823450660081358,-0.5644711861504463,-0.09437919391395602,0.05508645387812416,-0.7985961556839725,-0.19022923419902169,0.036631628766531935,-0.9193232955628432,-0.2655574783744616,-0.018571663972705425,-1.0,-0.3083155538817872,0.12529496785396751,-0.5086998914478081,-0.11459225074135126,0.21769238804344754,-0.7526823990616485,-0.2085106398551867,0.2016531852189104,-0.8819112594033323,-0.28237973439952097,0.1391510619583569,-0.9624357769905971,-0.3229684064697733,0.21866498689637356,-0.3980560299488481,-0.14415466539421443,0.319501792322946,-0.5988298545726592,-0.23194667391244472,0.3173377334171102,-0.7184002473935885,-0.29068767591786104,0.2814639697632881,-0.8096067366916674,-0.3196757518982571,0.29029451118758554,-0.2494949947142057,-0.17692464544800052,0.4147854710452877,-0.3777489278923254,-0.24625594193285472,0.48244120407102997,-0.4818139360186587,-0.2837355784750975,0.5238661894476517,-0.5785212708639123,-0.30370105386162616
hello,0.0,0.0,0.0,-0.11244486058289936,-0.14078506385622253,-0.07021103930743082,-0.16365712050647133,-0.3364116228946191,-0.12564851794569817,-0.19544672955046283,-0.49247376530454545,-0.17803029148076818,-0.23515863479057836,-0.6505016440537771,-0.23044832792147246,0.0027808076547452543,-0.5766000508924559,-0.08551939890101415,0.04412595253273232,-0.8110913060616651,-0.17694495553471173,0.024026783322627504,-0.923618262715143,-0.24992530334992055,-0.03207037049748493,-1.0,-0.29099171759867093,0.11321032901586865,-0.5236357481119934,-0.1020420771662597,0.20210234988705572,-0.7554084403899264,-0.1868645800799848,0.19133146727661796,-0.8830919461774709,-0.2565950379150977,0.13803502318896677,-0.9764976770416739,-0.296006178082791,0.2032667229746539,-0.41405500974897186,-0.12842913521066937,0.296564210905973,-0.6106816481925968,-0.20900501959909373,0.2907716908784919,-0.7246258155536363,-0.2626366385376672,0.256732334722891,-0.8219679946158788,-0.28856577109748666,0.27263541485373294,-0.26690392109516664,-0.15839978573851105,0.3873288548242941,-0.40286466038830576,-0.22368164688333947,0.44954884223724534,-0.5084074093404513,-0.2571266315496009,0.49211491865838064,-0.6119764001974773,-0.27331593097412626
hello,0.0,0.0,0.0,-0.10598250154931319,-0.13989853726666002,-0.07697907635310178,-0.15899266204196516,-0.32894249352329813,-0.13466650375064665,-0.19374274962901405,-0.489124295403171,-0.18679425188070758,-0.2345803346042507,-0.6381937002891657,-0.2394260698955565,-0.002737811180886709,-0.5500746119212392,-0.09811377817400393,0.039463939612136505,-0.7869344809376219,-0.18277338177299232,0.02603507747750879,-0.9096912354098936,-0.248496859190148,-0.012886948127533063,-1.0,-0.287966896322317,0.10833263882497876,-0.4991490133175762,-0.11040908788259876,0.18925072883879124,-0.7262348786440458,-0.18751080922978436,0.1902400576356355,-0.861690669007061,-0.251594226562422,0.1606532117686975,-0.9752199748239075,-0.29173427499499893,0.1995059181986336,-0.39758328866755904,-0.1318472894430109,0.284522035400572,-0.5923621723484033,-0.20756672521652406,0.2960944865779513,-0.721960591160245,-0.25803123281141727,0.2862514599487236,-0.8437554680189765,-0.2868013319161137,0.272039942854141,-0.26189544693488775,-0.15742290520860072,0.38192149988525803,-0.3969306812198753,-0.22311811679402702,0.44553872848488824,-0.5021000155227554,-0.2546418016354836,0.4941561565499511,-0.6079917701747436,-0.27168854211357657
hello,0.0,0.0,0.0,-0.09387261829538313,-0.13551446364336492,-0.09484671299839337,-0.13555020634227113,-0.3187893670038661,-0.16519567899837473,-0.16173321668373117,-0.47608455545265466,-0.2244977493530035,-0.2048725351312115,-0.6124667331540516,-0.2863453097089537,0.01838163652208753,-0.5180537361103825,-0.15908979942329748,0.05997850917249954,-0.7490309678699038,-0.2509370569787813,0.05859881273962089,-0.8811990860794384,-0.31332859860800605,0.04059475850979976,-1.0,-0.35415551983929167,0.1272813048354927,-0.4612948953492391,-0.16878420594050536,0.207582481575557,-0.6895935438231389,-0.25656106940424317,0.22420533243394217,-0.8400495858132283,-0.31893337402094724,0.2210274815675514,-0.9825700893605146,-0.36095247201838604,0.20913745379938298,-0.3545885761060011,-0.18578593411647962,0.2979476532869673,-0.5559384539921769,-0.27813793367796047,0.321893189513629,-0.691071662180542,-0.3346856617655905,0.33180347675212923,-0.8265996882709227,-0.36879552210723415,0.2710556754461221,-0.21617975441233964,-0.20654332991191385,0.38449527871440814,-0.3516988330550363,-0.2890230217957217,0.4532700707969153,-0.44811502235967177,-0.32782970352361135,0.5087911499005467,-0.5481426841005644,-0.3510134116718071
hello,0.0,0.0,0.0,-0.10228853267186785,-0.14792605863939787,-0.07761363329822799,-0.1451127444447799,-0.3274492304925309,-0.1360574457867666,-0.15575657426829254,-0.47513881149970294,-0.18696481073648438,-0.18875761881042588,-0.595369133933427,-0.24129708141697329,0.03402318497805389,-0.5128388983990483,-0.1260207294504822,0.07019565019506656,-0.7334296499430131,-0.20249468440786103,0.07726863112297602,-0.8711066800441603,-0.2581712172737853,0.07718250598764388,-1.0,-0.2968859544709518,0.13581301646735494,-0.4515746996053774,-0.14009784846208814,0.22228814968988309,-0.6764037240325272,-0.21130024651569673,0.25116609081171704,-0.8312184191612301,-0.26736919848228863,0.2687774898948417,-0.9758369061139364,-0.30669295033323457,0.21249315637305616,-0.3462564862419906,-0.16041901687965288,0.30297045133648115,-0.5454987408092913,-0.2340488266764145,0.33516576775083706,-0.6851985663096887,-0.2834738658095229,0.35906567605047357,-0.8162997132720162,-0.31553797882622386,0.268088580434669,-0.21031941293076367,-0.1847604653844037,0.3743068014622765,-0.3296795050076956,-0.2539249961400789,0.4439649941638768,-0.41479697625644546,-0.28583195369041986,0.5059535603191816,-0.4986868894592592,-0.3048093523934028
hello,0.0,0.0,0.0,-0.1465529717921679,-0.05869149022318898,-0.07241563755984319,-0.26661730204532386,-0.18955987810715202,-0.11726471074331843,-0.36257390296302905,-0.31005714207145163,-0.15470031866162154,-0.4537160470911167,-0.40323458355553665,-0.19330859302570494,-0.18858405855756558,-0.4469637454399777,-0.0948099239241098,-0.24011397343774454,-0.653365628813225,-0.16022051364875092,-0.2824432657290692,-0.7815190071648788,-0.20951360807481645,-0.3223184783232707,-0.8874943762812681,-0.244618536688967,-0.0860834534414123,-0.47273816688777626,-0.10571714816725482,-0.10731782968161024,-0.7140152758012733,-0.16464471404500716,-0.1328853375646376,-0.8680234303831611,-0.20994808191929012,-0.16137066152253207,-1.0,-0.24222003571636164,0.013865887332416752,-0.4439544588377716,-0.12428882360643165,0.00905589469737898,-0.6579742434351705,-0.1881182097789271,-0.00034918617122764873,-0.8053921898187097,-0.2213526576241645,-0.017043472562279196,-0.9386172049053202,-0.24218787148261456,0.10899621787895696,-0.3770642808796063,-0.1477708905171447,0.14142401531240734,-0.5380658907430309,-0.20650126352672327,0.15398186071141304,-0.6509660564435206,-0.22496255158352946,0.15631911348318428,-0.7564374225078567,-0.23466853879158378
hello,0.0,0.0,0.0,-0.1465633519746989,-0.07248798085681095,-0.047054234502131274,-0.2663646157484394,-0.22281810017936252,-0.07961486788608121,-0.3551309315434914,-0.3428069626129738,-0.11007616716136656,-0.43688247946428393,-0.42879922063532266,-0.1421629902765421,-0.19768928618665757,-0.4659363361336967,-0.061855163751425295,-0.2641272985859221,-0.6656814792913911,-0.11533963883619909,-0.31366964043811,-0.7824848740852192,-0.15634565652249552,-0.35934209750581664,-0.8821270102103926,-0.18563889137830888,-0.09888184927763696,-0.4931414097765487,-0.08096001497416183,-0.13489138554284705,-0.7291628696853947,-0.12847388559423767,-0.16976693913664428,-0.8754185474926455,-0.1701560401171517,-0.204125271566504,-1.0,-0.19873692558900893,0.0022391719515272974,-0.46472878016488633,-0.10569874365319655,-0.0153939980352485,-0.6923880563069782,-0.15878689007200747,-0.03774182087728429,-0.8311709658394234,-0.19350858450125907,-0.06328986134789726,-0.9597511668058126,-0.2163024841002051,0.10254130383276693,-0.3947140279680102,-0.13285626624684518,0.1340175149492682,-0.5557083891886115,-0.18426680016773445,0.14572741623253932,-0.669877277001919,-0.203283521311468,0.1498675702727666,-0.7803786286794101,-0.2131453240736463
hello,0.0,0.0,0.0,-0.12055864314719028,-0.10714827745915037,-0.04961271579140181,-0.2289027022525102,-0.27284972867973045,-0.08522175676560449,-0.27565954803555637,-0.41781832358368537,-0.12157412628585261,-0.2226931089270584,-0.48849044560655913,-0.16037853368197164,-0.11557706674494682,-0.5494945704736276,-0.0585056785762872,-0.08029566748959509,-0.7619138997979567,-0.11241970887584253,-0.05963294407861591,-0.8947544064241563,-0.1584142215667329,-0.038842840050071235,-1.0,-0.19211793139680705,-0.016453545265195123,-0.5356677321399177,-0.0783430585143705,0.010912376937482824,-0.7576413657342305,-0.11879790206315081,0.018523290812491273,-0.8968301264211388,-0.153979262725341,0.025876946667425214,-0.9963921903420435,-0.17862234062984644,0.07956174647253332,-0.4646499837441466,-0.10485404922793558,0.09147756344464297,-0.6605278453049118,-0.1515418433023872,0.07450976965197137,-0.7635069823482655,-0.17924479803335774,0.058692904547376586,-0.8358184220283489,-0.1965516195530045,0.17227290002106216,-0.3474789873254279,-0.13606281326410258,0.18586575393720692,-0.4619210869717583,-0.18241783272029927,0.15653914218673062,-0.4944870988446841,-0.19194433796506355,0.1195822664779335,-0.49562545443715245,-0.19421132952289863
hello,0.0,0.0,0.0,-0.08163504810405495,-0.13524301730326513,-0.06499078135720167,-0.13534696563438195,-0.3082875784458477,-0.11349171658835769,-0.16553297764855668,-0.4430963299230908,-0.15732067361998225,-0.13688601668496295,-0.5276987666485952,-0.20492328725209694,0.017682802113205567,-0.5123011264053432,-0.10592459406005232,0.0460830579573521,-0.7271340104234331,-0.1760728857121709,0.04960053012838672,-0.8789399749430239,-0.23270680055256138,0.047486562976788535,-1.0,-0.2746883555166998,0.0997348993477546,-0.45894071303288864,-0.12252173160820286,0.1610864520769634,-0.6658638015168598,-0.18844650453315456,0.17864424072570032,-0.8076031844162088,-0.2356551900441224,0.18529620473948485,-0.9231974960362103,-0.26768515065920967,0.1696533177321715,-0.3621439136692501,-0.14454367775024723,0.23890137875753872,-0.5343288553315914,-0.20991503518865573,0.2764208118494292,-0.6600359298257212,-0.24255173240908304,0.3008453478523955,-0.7698156975024165,-0.26375190541864363,0.2239878314826601,-0.2296058215278452,-0.17132695167787904,0.316393360739882,-0.32083899509429503,-0.23180652941593824,0.3730490091265095,-0.4002463648365238,-0.24879422263840575,0.4160962572888906,-0.47558524713108075,-0.25701602520536243
hello,0.0,0.0,0.0,-0.08838078703319491,-0.15561081374333888,-0.06263439970100505,-0.11421894287772438,-0.3545380766957511,-0.10359788392918431,-0.1256271477622489,-0.5214586928580044,-0.13735855466884364,-0.17587421303714904,-0.64171891481919,-0.17477439289740324,0.04160092670620786,-0.5154129086014188,-0.10203875811613888,0.09284845656720667,-0.7339114735061834,-0.16018205810961034,0.12327584258197953,-0.876419346889004,-0.2032544573482519,0.15114207719463976,-1.0,-0.23525414878341194,0.14002346800007145,-0.45769089169389926,-0.11686632024366185,0.2251664187240686,-0.6802337979352396,-0.16878020077690362,0.2746159102797143,-0.8345239636481533,-0.2151353497392674,0.3141235122456138,-0.9738833533220751,-0.24947563668876094,0.21076598850374664,-0.3545149185251296,-0.13618433464472438,0.31710965164578714,-0.538796970184132,-0.19873043363112364,0.3811057939529828,-0.6720711355770992,-0.2483058131603441,0.433665909955658,-0.7989787800022795,-0.28262719023843424,0.2561098446568884,-0.2193145149880787,-0.15776136733536708,0.3767662847386391,-0.3046915766382904,-0.2242874311055394,0.458776717454985,-0.36695362248324825,-0.2566733423384535,0.5286824613294118,-0.43104484765480444,-0.27615762331519406
hello,0.0,0.0,0.0,-0.09899600071143634,-0.12224281322255254,-0.09341429037947109,-0.171117310770638,-0.29427153492390173,-0.16373838012208358,-0.2037683360012196,-0.4379050842289809,-0.2273564709318506,-0.1679077978504459,-0.5645836826993927,-0.2926845396362742,-0.00425272251441929,-0.5287411133978708,-0.12084423676766125,0.04234001575323323,-0.7371428513352135,-0.20601354337131497,0.06187622024036385,-0.8864842340625556,-0.2742465082822584,0.07351263561755216,-1.0,-0.32176145098622466,0.0959941865487715,-0.4899443351881495,-0.12800720142452027,0.1568718347435018,-0.7091158370810783,-0.2070384588882497,0.1879764006402927,-0.8667319968493533,-0.27054413259305443,0.20602598775313158,-0.981834916279188,-0.31491129472431445,0.17830728968163223,-0.4019500673323678,-0.1451604905471668,0.25493556927611355,-0.578920913687527,-0.22357441437266162,0.3055637370734558,-0.7138738420103158,-0.2709454030150886,0.33724932286505577,-0.818574179942577,-0.30204397251987813,0.24238274258708742,-0.270492161496049,-0.16864673187653642,0.32671648753715987,-0.35400177859084786,-0.23981150561437212,0.3733997205071525,-0.42547137230988136,-0.26776548584660526,0.39983742663312755,-0.4828172065960312,-0.28380737928360505
hello,0.0,0.0,0.0,-0.1327203880348149,-0.09344150548438844,-0.041914129747544805,-0.24642579496125977,-0.24810848829891916,-0.07123769583098497,-0.31883644430667135,-0.3743112354912561,-0.10217847164510731,-0.3778063020161541,-0.46920732513867275,-0.13551505712946274,-0.19280480847693474,-0.5047035970297143,-0.032324390367878326,-0.2316227556177928,-0.6950798270081027,-0.07576457507538108,-0.2539416836909959,-0.8163102423142087,-0.11439181539895098,-0.2640251076541261,-0.9125476673684735,-0.1441214614114843,-0.09026421158877156,-0.5253031566213788,-0.05036878226863861,-0.10476905410322729,-0.7547635331772274,-0.08305018281730348,-0.1110698674069726,-0.8942061645452932,-0.11536863014344374,-0.1059038215775084,-1.0,-0.14218449886891332,0.00935911935314323,-0.49128238119405543,-0.07710104601378874,0.016141151425772753,-0.7050516924949959,-0.11632981962567286,0.01986157550679015,-0.8438980874403827,-0.14881599775452747,0.02546056885467378,-0.9517476570852821,-0.17486058781112943,0.10385362993317537,-0.40773027125887684,-0.10788137790064863,0.1063881064355915,-0.5273549992368189,-0.14782673193626863,0.104562211008809,-0.6132205127814055,-0.16559653687757014,0.09933036218807603,-0.6872029652384496,-0.1787155070741218
hello,0.0,0.0,0.0,-0.1446567115316142,-0.07721112938549386,-0.05682714400889888,-0.2731030196377074,-0.22739670560114605,-0.08734381355770368,-0.3670692745398129,-0.3513651915887713,-0.11412141813827432,-0.45517137669351837,-0.4388405244999289,-0.14050331866574392,-0.215186322667244,-0.4659074521846426,-0.050562255062784056,-0.28741084885200346,-0.6578861692987708,-0.09497808115961107,-0.33306315053074703,-0.7749538202408225,-0.13025311236798368,-0.36979385310324797,-0.8826521624728834,-0.15755942492011277,-0.1206634863512708,-0.5021997228548876,-0.06172410646119385,-0.15415143056308026,-0.7316025498834782,-0.10050044136814637,-0.17821464188294098,-0.8750723206915776,-0.13611438096135464,-0.2003061399465435,-1.0,-0.16332560715764669,-0.02773968205639689,-0.4815417506853297,-0.08120852502542275,-0.02959857039494328,-0.6864042908481969,-0.1285555148529878,-0.03222371620108135,-0.8233434472380948,-0.16257111825270873,-0.040313468523965695,-0.9465902894009561,-0.18674342324076812,0.062358658755772296,-0.4215426937838553,-0.10501567682632747,0.0979537303277937,-0.5774818970866524,-0.14874707074894086,0.12652170943828236,-0.68408026696223,-0.1672780895135762,0.1488230449069392,-0.7847920562544959,-0.18018606483956942
hello,0.0,0.0,0.0,-0.16022105912680457,-0.08688320244195316,-0.04284705459987491,-0.2888443232548802,-0.25791488648622846,-0.06601948915008073,-0.3797753907199567,-0.3930892651389053,-0.08691350267997822,-0.4642875167831453,-0.483736370856904,-0.11006155728734596,-0.24912044890370183,-0.4719038456527734,-0.050596316903372095,-0.3112523820101267,-0.6536989679678437,-0.10092859445127107,-0.35393120961432345,-0.7677813364899979,-0.13966919968883731,-0.3901669342330535,-0.8747659662290936,-0.16871856849693168,-0.15161549441103425,-0.5043481379437844,-0.07133627402961018,-0.16392173818937386,-0.7337197755532003,-0.11214840883558783,-0.17871944533086026,-0.8761798818953171,-0.1463552023573032,-0.1889274618328009,-1.0,-0.1717166674349122,-0.05578438202814269,-0.47235138216254674,-0.09878689526643827,-0.031607560656203355,-0.6882368151732724,-0.15099999319354698,-0.02252667781887913,-0.8316337932326604,-0.181598755118646,-0.01576008742957414,-0.9636884652557901,-0.20318414141837987,0.034506361378744146,-0.386675080285701,-0.1288387698496352,0.08934153833771925,-0.5272299152732399,-0.18167789061886927,0.12336433129807771,-0.6233614479035217,-0.1974189308070333,0.1469933497977267,-0.713788531674889,-0.20659307146390257
hello,0.0,0.0,0.0,-0.1208810476736297,-0.11067018181601049,-0.04824764384043754,-0.2225081784007494,-0.2748653653749248,-0.08484042878405781,-0.29442776542487686,-0.4019851585658909,-0.1209473953496064,-0.3070567497000683,-0.48898387896010387,-0.16192816559407203,-0.12221391929068105,-0.5069586251041343,-0.07702353476087544,-0.14032362926397024,-0.7069663599195468,-0.14287994688924,-0.17112741301229262,-0.8326107252073561,-0.19252570737008293,-0.19706676502061807,-0.9292179765493526,-0.22838033349160647,-0.03641943373163283,-0.5023345025321436,-0.10317256413051526,-0.027564730934203967,-0.7334670001178808,-0.1631069142915406,-0.041735656198052716,-0.8822138275484942,-0.21103269660227875,-0.056113713175249685,-1.0,-0.24293262153581607,0.045382487215311046,-0.4389462666406783,-0.13492912212500258,0.062180481636199755,-0.6485284454361564,-0.2078147603087651,0.05782185778956612,-0.781820312882774,-0.2578575726702497,0.048762475009645784,-0.8971446707457932,-0.2904824586005058,0.12075138274654516,-0.31871947520938276,-0.16817400926767911,0.2055053458211849,-0.4172487649109229,-0.24316488349044585,0.25010399095516944,-0.4835296477728773,-0.27485846759155647,0.2809235923219224,-0.5403233603644569,-0.29275374997499637
hello,0.0,0.0,0.0,-0.10278151881584476,-0.14529411891793795,-0.05747800712444825,-0.14928785191263666,-0.3548581566621696,-0.08986775267122718,-0.1854224365781931,-0.5159705520672299,-0.11848357098699601,-0.23942560700565874,-0.6278998795426115,-0.15051721302880472,-0.0021875203160135657,-0.5340965509276673,-0.08401799777932752,0.009156175665486316,-0.7503213539151204,-0.14270931359314554,-0.005329822071493905,-0.884527186582465,-0.18768093942613892,-0.028855800151902405,-1.0,-0.22182091629313513,0.093911196212771,-0.49781831301912016,-0.10421203178983184,0.15260813913270288,-0.7160755520996372,-0.16004751759764171,0.15994250727742929,-0.8649527136498274,-0.2087814285424515,0.1526726397137777,-0.9939722596435144,-0.2440565881391618,0.16632327243423112,-0.40870003635523006,-0.1304102469464078,0.24912717004486168,-0.596487075234507,-0.19765501938446886,0.2760595801530691,-0.7393945155258045,-0.24616271673532944,0.2907722334033268,-0.8726705892080943,-0.27926292616580933,0.217209988476708,-0.2769346982682851,-0.15953126743830526,0.33281317791652515,-0.3725730330612616,-0.22913770586902418,0.3961914803060124,-0.45290226099676967,-0.2607247442376387,0.4482275794192866,-0.5304266956984751,-0.2798742282624514
hello,0.0,0.0,0.0,-0.10130924135047717,-0.13485515953607333,-0.06120294476531632,-0.16074233103813684,-0.32778884320610063,-0.10258935992046053,-0.20104767498467915,-0.4858921726075366,-0.13891460607933157,-0.25180623824171205,-0.601571061892281,-0.17691308133138847,-0.000828074617910882,-0.5218114399921837,-0.08060989899773001,0.019197297539087166,-0.7384782690490763,-0.13331046803233756,0.027110797901230207,-0.8711658464163051,-0.1736406807903633,0.03705993997826179,-0.9866791746935899,-0.2041064479230103,0.09082948760543443,-0.48539183099113353,-0.09331283109896184,0.15484987652630283,-0.7109620989299998,-0.14227561199088778,0.19161951669664853,-0.8659666762162389,-0.18412028048934187,0.22005495670362066,-1.0,-0.21525589767624584,0.15929972815876173,-0.40617140882712444,-0.11273073222981014,0.252367736145588,-0.589607921572376,-0.16832705436462364,0.3050477929839643,-0.7232878636849459,-0.2086608775772782,0.3441732596135624,-0.8476018050963753,-0.2370863431015957,0.20936916634775923,-0.29546836146092514,-0.13581836684055634,0.31729499424618696,-0.3907249018813222,-0.1876786868042446,0.38386276590709506,-0.4668731063646866,-0.21155524907684614,0.4348987661256864,-0.5459064780952851,-0.2277716204840635
hello,0.0,0.0,0.0,-0.12648403472859526,-0.11046044694309161,-0.05800522444731722,-0.2353361136225327,-0.3002428123265484,-0.09517759920296856,-0.2953838824105928,-0.46555875369692973,-0.1313698486951852,-0.28304870177456404,-0.5758740332916615,-0.16620804700549924,-0.11324685879551995,-0.5360868038004895,-0.04469965054269954,-0.11985014012938754,-0.7332585311422701,-0.09318928651620402,-0.13189351209666172,-0.8589011168097138,-0.1329279127243792,-0.14018180802549807,-0.9561698541878834,-0.1627989764537144,-0.03207748648310953,-0.5274072249876205,-0.05688829851652845,-0.03341524838431878,-0.751437066042791,-0.10298801639072214,-0.05050833516068071,-0.8939639257816531,-0.1436823717354468,-0.06516626895877632,-1.0,-0.17289377628793412,0.047981795916250874,-0.46779427794985456,-0.07887162766604885,0.06297798739927764,-0.6756164736859331,-0.13556522663635467,0.05110245927320782,-0.8031412460536288,-0.17641997092526104,0.03449427150217176,-0.9030318017403302,-0.20369319673724767,0.1238947571872955,-0.3603826854697122,-0.10556068340101325,0.20805659508378171,-0.46584931515857786,-0.16020215897854384,0.25948907291618717,-0.5314374424725722,-0.19042667364301605,0.2960624008706564,-0.5884851112572989,-0.21024959442215915
hello,0.0,0.0,0.0,-0.1268527499394907,-0.0919043786501249,-0.0474043811961613,-0.23272166549292655,-0.25401908037453697,-0.08094654678437566,-0.3138301499482596,-0.38280852882092314,-0.11219248876156046,-0.39765130249799086,-0.46336904921876215,-0.146716511363702,-0.1637412820959423,-0.4730936891706594,-0.07161899398894075,-0.1975645685529277,-0.6712178844680381,-0.12594005413010081,-0.21742251629687384,-0.7955227746581912,-0.16580118651650416,-0.23007489157983524,-0.9061031606209666,-0.19477961058207965,-0.07484941193270003,-0.48649491829394864,-0.08985565512785826,-0.07067344108416922,-0.7214454326020427,-0.1383960406984758,-0.07393305275095269,-0.8700723097525102,-0.1777511764774819,-0.07575651385667527,-1.0,-0.20678902557769283,0.011128463002549282,-0.4449038085269622,-0.11361433430815068,0.04392670861370706,-0.6526383494440597,-0.16893469538056535,0.05393599101914791,-0.7881818421367122,-0.2083452106996687,0.056804064417247786,-0.9089373757809945,-0.23641799067713856,0.0901645244315251,-0.3598183842651984,-0.13989785765398896,0.1625868947625825,-0.49689832662674166,-0.1919872717574066,0.20688797562760836,-0.5877934455043275,-0.21624137823504153,0.2400099336936156,-0.673565802027857,-0.23304016674427716
hello,0.0,0.0,0.0,-0.13693637221686292,-0.08810309386445092,-0.0461256971959131,-0.2555807338524062,-0.25550862462339013,-0.07241126658722982,-0.3461151578709495,-0.3817623836245051,-0.09632229420809274,-0.43247602841292887,-0.46597899823436484,-0.12199554552616806,-0.18410973775519995,-0.4721339846254039,-0.05664795254548104,-0.23350596017791486,-0.6680304206314913,-0.1018355273871956,-0.26589946989307206,-0.7859775371234777,-0.1355681774051472,-0.2922016613133608,-0.8968577977614343,-0.16268293195649816,-0.0871303195460866,-0.4912922522702578,-0.07347874341338659,-0.10072258746840017,-0.7194680345087138,-0.11408996092188592,-0.11287797017630423,-0.8663822799802636,-0.14997262993238641,-0.12474601369394005,-1.0,-0.17788626389496268,0.0052973218708048655,-0.45423636042577376,-0.09640087623404411,0.020665634425892247,-0.6590646505607581,-0.14844310990920548,0.03056992219963052,-0.794771721296505,-0.18484677283092382,0.03380215687977878,-0.9222941484969389,-0.21060543857171554,0.09240716315290318,-0.3761257509248813,-0.12170608658953504,0.15045861280391154,-0.5123439833554487,-0.17428032928648834,0.1915035644859965,-0.6063844489350262,-0.1979006630291977,0.22293281672086215,-0.7001708856243533,-0.213567045990525
hello,0.0,0.0,0.0,-0.12675827927555758,-0.09642593983190019,-0.04047186056108634,-0.23531627705540564,-0.2713095574218177,-0.06707522184597448,-0.3121433108142315,-0.4062716832403654,-0.09252118194211498,-0.3906433097926196,-0.49003137559441734,-0.12128628354217873,-0.14073971968936036,-0.47738987382789894,-0.07286769530544233,-0.18060752007789072,-0.6779863287134024,-0.12903726275721902,-0.2103634812024539,-0.7996147160853405,-0.16948460089434825,-0.23650573604831876,-0.9065012053885716,-0.19889711122114223,-0.05262421457906826,-0.4826447429249779,-0.09639951409025234,-0.06324129770142611,-0.7180559163779604,-0.14845219354755088,-0.07955193765352084,-0.8695967606880095,-0.19047846130931492,-0.09442028857737209,-1.0,-0.2200744077347742,0.03404843394079388,-0.4337309472211815,-0.12429924416524395,0.06061064696716335,-0.6452230069126804,-0.1855934914078944,0.06504149144445409,-0.7813759160359096,-0.2265550976421791,0.06341039339551342,-0.905636316291358,-0.2536542055782044,0.11676108757325619,-0.3399930575793352,-0.15369969379557558,0.1959223910925731,-0.4761252696014979,-0.2148944568463086,0.24136179811570868,-0.5701200757264172,-0.2418418743286315,0.27692562309436264,-0.6600787579559921,-0.2580380559064559
hello,0.0,0.0,0.0,-0.12477089106986515,-0.10748982143623446,-0.050947134698544845,-0.20842483066695197,-0.28421194122601096,-0.08215222628829132,-0.25875955938531486,-0.4312310439964354,-0.10954075278441006,-0.3209829936251348,-0.5392125215099534,-0.1389312127984224,-0.08468562103580167,-0.4989222350207479,-0.07276262195345967,-0.10132601885546771,-0.7087319682479244,-0.12138403836831359,-0.11542876199849494,-0.8375378972603962,-0.1584131493777378,-0.12988741754179925,-0.9481879435725111,-0.18627699072766551,0.013897837288382538,-0.49361628676378966,-0.0902680723459661,0.024088935776945635,-0.7247765243218605,-0.1363553917335107,0.01458031609032256,-0.8737431543822203,-0.17844942486617538,-0.003098141130068692,-1.0,-0.20876562947591562,0.10040504851453946,-0.43043870203385465,-0.11253017362564334,0.155850773679972,-0.6337170334941071,-0.16909216196009275,0.17656484588263105,-0.7716874671793025,-0.2102391967681338,0.18453014623007882,-0.8933248986936312,-0.23799693537432862,0.17008749089204905,-0.3209560071037962,-0.13688823727932634,0.25775416399812245,-0.4417493724896452,-0.19371247782626497,0.30685481236773104,-0.5269548158627068,-0.21736610847929602,0.34325181388502235,-0.6063326821667611,-0.231200590116148
hello,0.0,0.0,0.0,-0.12849953432127556,-0.10175928575375855,-0.05965106544868936,-0.21875027219860246,-0.2754846833823806,-0.0962879672772387,-0.27451259327624905,-0.4209805062610287,-0.1278237633858206,-0.33055527213770225,-0.5390013386117364,-0.16010858679890863,-0.08436669410247867,-0.500672956266029,-0.07661477149451082,-0.09041254808721502,-0.7110374333120201,-0.12591968333613762,-0.09952032687903235,-0.8448722951681347,-0.16232748655670654,-0.10550640108106714,-0.9606982264162522,-0.19110073566054292,0.010464931657865774,-0.490404061815765,-0.09028442718645512,0.03674302539986585,-0.7160498994206963,-0.1380636534372829,0.047108709607127916,-0.8681549664006177,-0.17934412337143155,0.053141985983411945,-1.0,-0.21029740091728857,0.08900696420011452,-0.42870901294434693,-0.11056315530254586,0.14918402584452767,-0.6271950953688126,-0.17024592235616554,0.1819709596755006,-0.7647424841289917,-0.21316536671356667,0.20569204007616393,-0.8940009759212167,-0.24289229129276887,0.15072022891825665,-0.3276503144384042,-0.13386803613386217,0.243509439007219,-0.43774920516200955,-0.19670518064519804,0.3033820357849586,-0.5220253260266102,-0.22784845959230188,0.3527919417431199,-0.6080348437342384,-0.24744300014401144
hello,0.0,0.0,0.0,-0.12476443377036761,-0.09370045906884729,-0.04568910480378597,-0.23141778208251804,-0.26013598734504956,-0.08076461942729604,-0.31470337772715695,-0.38028253414847796,-0.1158515643734809,-0.4012314145607266,-0.4584070782854289,-0.1527403637883948,-0.1403489145805855,-0.49934458218628963,-0.05866917423791709,-0.15067500768458122,-0.6961687718166789,-0.11461210191382702,-0.16651459792224738,-0.8152550532367507,-0.1580518672614741,-0.18411905194469416,-0.9087579480094381,-0.1880774488544119,-0.05622569317631517,-0.49979359527813644,-0.078829042080325,-0.04319486908281297,-0.7269316229495109,-0.12743027990831257,-0.046618731181836064,-0.8772123073807597,-0.16736674744771532,-0.05612718557561732,-1.0,-0.1956276665906194,0.02586851325527573,-0.4475743903519804,-0.10613447227246167,0.051296798934931866,-0.6557086875101331,-0.16077947719948898,0.04975391586015933,-0.7843269977925292,-0.19766295954676955,0.03662476719754735,-0.8966355462938318,-0.22316259093945434,0.1031956985819701,-0.3471685324479681,-0.1366867638663809,0.18762934155960265,-0.4644960267319831,-0.1868487944100334,0.22927795978642262,-0.5494143373548179,-0.21060929625921984,0.25248870795768996,-0.6308568049076186,-0.2267034834358877
hello,0.0,0.0,0.0,-0.14407123063085037,-0.07418473920045916,-0.047585291502305865,-0.2753966897874165,-0.22459169151404582,-0.0744505828122729,-0.3692717498387289,-0.34287627608915633,-0.0991045093228408,-0.45412612335949004,-0.4208227908603096,-0.12424442389995982,-0.22758043897218427,-0.4747103541304355,-0.04432175393329346,-0.29256664073204824,-0.6673561874382892,-0.08680390759261342,-0.3249783909960728,-0.7824200451073778,-0.11974087629112941,-0.34886292393603,-0.8828178701343544,-0.14463810012442962,-0.1306314934272687,-0.509778387429586,-0.058392491016032756,-0.15428771598203864,-0.7409210917568273,-0.09416762765607005,-0.16671617271153952,-0.8816690589875998,-0.1266632633454453,-0.1754176507875288,-1.0,-0.15142386390867404,-0.03419897831990305,-0.48671521165382686,-0.08025086791817053,-0.023580158545327898,-0.6991271931082536,-0.12653940289023613,-0.013103288099576626,-0.8370806759423465,-0.16088403905394624,-0.00751637082514419,-0.9579589327730267,-0.18550036260341485,0.05722798841507262,-0.4180767538721335,-0.10531403300235993,0.10980849741506643,-0.5626024748498574,-0.1498530710995793,0.14838541712488854,-0.6585236883169903,-0.16923580219440826,0.17708995433121608,-0.7474927775684396,-0.18259582605199529
hello,0.0,0.0,0.0,-0.14852908274242754,-0.08161333235331415,-0.04184006134568142,-0.28068366030704217,-0.2395993444640897,-0.06221214875020022,-0.3772194001797958,-0.35999502451798,-0.08189894377245663,-0.47094294269068576,-0.42193864487577853,-0.10312271648016079,-0.22804822986726933,-0.46241895658649623,-0.036440769826858996,-0.2949735112122003,-0.6369199343171756,-0.07831498130180671,-0.3359586808834065,-0.741570798443708,-0.11174460690486179,-0.36817621929598543,-0.8447556723322006,-0.13840470959687218,-0.1322338541166056,-0.4999761726104561,-0.05367925766398627,-0.16279514664344774,-0.7215053094693277,-0.08778366282330266,-0.18116392355527267,-0.8678933195269092,-0.12002532141961902,-0.1931942513797674,-1.0,-0.14570921798128633,-0.037400762961090274,-0.47799197299670215,-0.07837045065695679,-0.03435150326596778,-0.6860012874867435,-0.12547155592474837,-0.032574303089241245,-0.8149417925143226,-0.15742692237788394,-0.033325148557716,-0.9352563382875457,-0.18000731154781038,0.05371695161262965,-0.4095944416758005,-0.10594571693813129,0.10125808616791768,-0.5467250262707066,-0.15412140718529804,0.1326100845589631,-0.6421676139736736,-0.17439115544690825,0.1568289702286864,-0.7357920506982233,-0.18760178714735193
hello,0.0,0.0,0.0,-0.15315860738432463,-0.10595262937383006,-0.03694551795676018,-0.2745435822224783,-0.26523083099191286,-0.06400750747587043,-0.35356456853676255,-0.39260422010501067,-0.0934276747467742,-0.378802412890566,-0.4861465158320832,-0.12447131155276746,-0.18627652461759267,-0.5085275521939367,-0.03806067850880512,-0.2284938600170923,-0.6879683998635284,-0.09258694115117212,-0.26409021932656507,-0.7854896072902033,-0.13633154638070885,-0.29587983796090694,-0.8673824900700319,-0.16760047375950074,-0.09209529828629989,-0.5223035423034209,-0.06459338799003432,-0.09865989563221601,-0.7434205492700213,-0.11341773302418685,-0.11404932657107555,-0.8826805780398509,-0.15500185476944708,-0.1269638204049336,-1.0,-0.18335066027098668,-0.0008770976718357013,-0.48000161741597963,-0.09864690813092392,0.015831783950839444,-0.694072563675282,-0.15961422589870863,0.009537881515046883,-0.8326824202869101,-0.19955604423160583,-0.002176416143008296,-0.9533895678891978,-0.2250664000964613,0.08726155830506774,-0.38332980983992454,-0.13462247754127918,0.16345253683404157,-0.5238547912657143,-0.1910158185747208,0.20076911036393483,-0.6299212467165473,-0.21331784348207203,0.22587564652827047,-0.7259367698065708,-0.22688481762589946
hello,0.0,0.0,0.0,-0.11171928526627584,-0.14840667268094085,-0.05554956578061929,-0.1844729265431003,-0.3395139250961167,-0.09034152835599782,-0.24825034783930852,-0.4867922126885519,-0.12431762406060398,-0.30208996095925633,-0.6022726857228967,-0.16123345337742567,-0.05399429053414076,-0.5369058872360156,-0.06256714962409708,-0.046508807512729254,-0.7409520183266237,-0.12892795591206058,-0.06593472958218077,-0.8702551470706953,-0.18481446681316188,-0.09143534519007265,-0.9772182148287285,-0.2257623850585276,0.0234274863449423,-0.5138681140254783,-0.08572259475590997,0.05447824802131023,-0.7349482340091388,-0.14884002313728867,0.035887953735307544,-0.8773124222068125,-0.2046660290817492,0.008695705403163495,-1.0,-0.24334713236185115,0.09384387588980082,-0.43946182777103354,-0.1166336588991341,0.16140688824332922,-0.6491509935445905,-0.1877335151456839,0.18082837335109872,-0.790127480893231,-0.23532040163969992,0.18633390330488322,-0.921683107184546,-0.2664825187293932,0.15504568201256966,-0.31477276942946547,-0.15119094523036292,0.2601471978471205,-0.4264423853746897,-0.22032688104165993,0.3039401739806625,-0.5161877822426303,-0.25049372189330843,0.3323722244391054,-0.6047332274734531,-0.2686841555492075
hello,0.0,0.0,0.0,-0.11719587365393805,-0.14173699068502668,-0.04603995748506451,-0.17357182314627423,-0.34967885774690116,-0.0687755401842704,-0.2029582080008698,-0.5144404212463531,-0.08922804037528347,-0.2600001756822895,-0.6270007270926454,-0.11130963642899518,-0.035930342966634124,-0.5293051732301957,-0.05292201077679539,-0.03409877222940328,-0.737964561567444,-0.09441857154737106,-0.037783459645032276,-0.8673093627555867,-0.1260305588969203,-0.04172255490444458,-0.9793054135503086,-0.151379514059651,0.06171412215454771,-0.5072803320859338,-0.06961026930786936,0.10629325451275594,-0.7286673636502404,-0.10838152230710581,0.12887572118822882,-0.8732740665262424,-0.14533195164313117,0.1451709993620744,-1.0,-0.17339293999854438,0.14080570881257168,-0.43592427695550545,-0.09272299920513334,0.20578147211482858,-0.6265422957598085,-0.14613471404824824,0.24249260684176446,-0.7534594908959283,-0.1869974823138613,0.2723489003863187,-0.872851268865336,-0.21529795173362412,0.20143101511712955,-0.3291192234710213,-0.11831988807067159,0.2999464334754979,-0.433431908776474,-0.1756342358112233,0.3659936101368018,-0.5085574677486265,-0.20459017833924836,0.4233940691316439,-0.5847233642031424,-0.22290511917326525
hello,0.0,0.0,0.0,-0.10817585327187787,-0.12851926762819982,-0.04820120149117819,-0.17612551300817733,-0.3235993755340747,-0.07785633521009637,-0.21870638071277396,-0.4773384714848472,-0.10564966874260667,-0.27034554091278845,-0.5955102296165582,-0.13494121368399395,-0.03221655526932827,-0.5236106221893575,-0.05728875770821735,-0.027249505999885272,-0.7367281610926654,-0.10474851163190259,-0.03198525296991943,-0.868086957764242,-0.14124854873664644,-0.03835947503261383,-0.9814748647520563,-0.1687055458889045,0.05678312220643286,-0.4997383811763842,-0.07262804947817565,0.1091270001730158,-0.7244756760281105,-0.11420275218034381,0.13192871380459473,-0.8737635855007483,-0.15058556678824053,0.14514780782617195,-1.0,-0.17756740951583433,0.12730761232209364,-0.4336646585129533,-0.09473780468198503,0.1939396031983912,-0.6224938217773043,-0.1402858995744238,0.227202047125916,-0.7588929553490605,-0.17589497237359605,0.24666529756936062,-0.882483263162557,-0.20271147795483252,0.181814585814054,-0.3323237462860163,-0.12062355944799615,0.268179428400897,-0.42574121387530534,-0.16481949964847406,0.31366628265736,-0.5096454106418249,-0.18755950123993445,0.34307226357332804,-0.5915169965496988,-0.2038940947657412
hello,0.0,0.0,0.0,-0.12534316240911927,-0.10807166975158825,-0.0594938291059525,-0.22906685300659835,-0.2749954072896608,-0.1025122426205761,-0.29570956574616875,-0.41861134788847343,-0.14306995021268368,-0.33026296333832966,-0.534582308730417,-0.18229386217773427,-0.13811689274607805,-0.5326124680617269,-0.06202693555975069,-0.15136830763158035,-0.7367088883080584,-0.12050986358595207,-0.1700424705687813,-0.8611143056792784,-0.16745652733661218,-0.1918966880210806,-0.9679698300003734,-0.20074283828603903,-0.04984391185836743,-0.5325262680627937,-0.07274156342219341,-0.03425664769484347,-0.7526299854377477,-0.1219643285431988,-0.04193382443151207,-0.8888835926623317,-0.1590664189998561,-0.05988800401128708,-1.0,-0.18579868158980334,0.032454726331005865,-0.48299975996287425,-0.09263986769325401,0.06389758415968337,-0.6875812045596386,-0.14116592238971373,0.06359153149020381,-0.816692843159742,-0.1706757665789483,0.047147217436296816,-0.9277577865376512,-0.19171667423933314,0.10963880280149997,-0.3890904939964048,-0.11827514995024309,0.18314871100063476,-0.5235431613422876,-0.16240081205264825,0.21637522603496007,-0.6263833872972353,-0.18393164082083108,0.23124404307866284,-0.7242378821257688,-0.19825086886143467
hello,0.0,0.0,0.0,-0.14162975087858304,-0.09158057224783898,-0.05302121330804334,-0.2621337772402469,-0.24448456195859336,-0.0841299656926165,-0.34224908732310033,-0.367670239834389,-0.1136029614836218,-0.4189889711659979,-0.45910245047909876,-0.1426260003270157,-0.18098774911387014,-0.4944549517882501,-0.043226123455604094,-0.22260397786668623,-0.6897418827735575,-0.08945596745306765,-0.2484853976135357,-0.8092396516671991,-0.1267115326113351,-0.26914228703450993,-0.9150467787419753,-0.15483765409098774,-0.08986540202087859,-0.5134594871607283,-0.0554083057775422,-0.09657590121017255,-0.7408393590991832,-0.09489585960634588,-0.09716259987772376,-0.8813492506718001,-0.12780804116827482,-0.0965723941585127,-1.0,-0.15285824527868141,-0.0026613638861754866,-0.4831958065961338,-0.07698882608550218,0.0075099737885622525,-0.6874565280969885,-0.12393697752301158,0.012901422016222644,-0.8135717039352316,-0.15359709005764038,0.012028832048805374,-0.924414824014372,-0.17473021711714537,0.08364886439891532,-0.41465336745324655,-0.103542107034434,0.13701429332198764,-0.5545828197796293,-0.14530230247753978,0.1705279453418452,-0.6490133820212728,-0.1632203399278795,0.1947062697737783,-0.737355391830008,-0.17606466137198212
hello,0.0,0.0,0.0,-0.14517367178800314,-0.09383957752904919,-0.04784652619905023,-0.27145745548717304,-0.24632330211107928,-0.07466073038824121,-0.3630617966128281,-0.3717704665036191,-0.10110153906210685,-0.44592894357262974,-0.46362132229912334,-0.126669296204852,-0.19745532855025302,-0.49083032680517036,-0.02891354732273691,-0.2520348823591644,-0.6798744727821135,-0.07215585841887008,-0.2901397425106733,-0.7937605397776117,-0.10727435451890596,-0.3221805736885686,-0.8961311482161683,-0.1342828542426843,-0.1071771575007967,-0.5140361928061036,-0.04397753875098354,-0.1288569052144833,-0.7408997242792553,-0.0799531719237971,-0.14481561096933232,-0.8816218003010401,-0.11047529996643862,-0.15978937118722625,-1.0,-0.13315201747449487,-0.018457756916870013,-0.4873872844718531,-0.06896594003864817,-0.014764072010483204,-0.6954453875389177,-0.1144236973729466,-0.01704703439605506,-0.8270048170775345,-0.14162964073727954,-0.023468845902729067,-0.9432175836803671,-0.16022198353246278,0.06860445285732765,-0.4213663424592925,-0.09857273453024425,0.11853102487998585,-0.5627494395675664,-0.140638445369325,0.14871508808458472,-0.6640908550571197,-0.15743945209534904,0.17077710746504396,-0.7606581417580406,-0.1684998788936411
hello,0.0,0.0,0.0,-0.12163925249367111,-0.11911225783300874,-0.04491784274515306,-0.22374810772785209,-0.2871731535803503,-0.0768246090500541,-0.31257333825510986,-0.4112417927096115,-0.10964505476233714,-0.38575852837189295,-0.5040658961368804,-0.14405391710084017,-0.14932382228700586,-0.5120773239866597,-0.04841979511723259,-0.192678288510045,-0.702093442945829,-0.10675515666163604,-0.22254168946420577,-0.8110509398698362,-0.1522200320423767,-0.2455588936309024,-0.9084006986214465,-0.18508727765251923,-0.06832608772413114,-0.514410136978946,-0.07200131624897037,-0.09587835068579276,-0.7444024313049435,-0.1259925652851734,-0.12465353500204503,-0.883364146155699,-0.16911054597636893,-0.15184451662235046,-1.0,-0.19793653254266483,0.01935873690325752,-0.4657630213501569,-0.10353379797579362,0.015202967095892785,-0.6863740842606448,-0.1661628047769948,-0.010591975275642759,-0.8282824706659909,-0.20533805128780178,-0.039484232801158016,-0.9581710588162168,-0.23058773341523167,0.11023575770321735,-0.3705311592697321,-0.1379493250241011,0.17376522909698988,-0.5165295382054313,-0.1973556801622491,0.2054964884384564,-0.6254895270491537,-0.22272488040130414,0.22505034735715224,-0.7305490503129405,-0.23809518225694273
hello,0.0,0.0,0.0,-0.11172533989988113,-0.13129573400015257,-0.04434331799388461,-0.1846678866132488,-0.30013464689273994,-0.07355763982367834,-0.23364300305760557,-0.42684422390606885,-0.10204269477726124,-0.27411613782383,-0.5253114083591492,-0.1333589861829175,-0.06292110860265264,-0.5357808772527738,-0.05999699618584571,-0.07442895956173695,-0.729408648269236,-0.11565003590080618,-0.091204314331231,-0.8495350109571702,-0.16275437360020398,-0.11007489741978053,-0.9537380680325809,-0.1979870609901187,0.02909380186911514,-0.517384878643438,-0.08316273105847687,0.04785350842197782,-0.7425452325763305,-0.13173999909262993,0.040782729841551214,-0.8853561757887601,-0.1757964432016924,0.026448395587735447,-1.0,-0.20769972668735454,0.11156994821755,-0.4455356495255778,-0.11242784083150309,0.15694285694829108,-0.6502236977525747,-0.16654232007764136,0.1689214532979668,-0.7920539823391869,-0.2062558180344464,0.17004036481762294,-0.9137144265592173,-0.23434926309683685,0.18447926853296037,-0.32628523889163136,-0.14483925511838802,0.26511786253439357,-0.4463191892320145,-0.19999748658371377,0.29509840246838775,-0.5388630712718119,-0.22452370991273102,0.30818567276806014,-0.6232176288390143,-0.2397954216384914
hello,0.0,0.0,0.0,-0.12164782927999507,-0.13597290478048693,-0.04463889860966558,-0.1849052487940143,-0.34887999423120963,-0.06524202356414452,-0.21739563542511398,-0.518368431181253,-0.08392338515972535,-0.2779544535179443,-0.6307714029044991,-0.10381054586441893,-0.044526719877183395,-0.5278218373868827,-0.0453658868722219,-0.04204259332461561,-0.7379175010497552,-0.08487541426569765,-0.04259459128852936,-0.8678989524343508,-0.11634362977779043,-0.041597357792666816,-0.9807102452215443,-0.14229525852464286,0.05236009665438205,-0.5094292941818003,-0.0620729832127405,0.09021145023463759,-0.7314663810982723,-0.09764228980974497,0.11471225217431193,-0.8752023623088082,-0.13351459135534832,0.13426705826161628,-1.0,-0.16185812834224286,0.13432613950574604,-0.44212422134675017,-0.08553457049686437,0.19166272263925418,-0.6375145814410521,-0.13401239381354427,0.2265473472838054,-0.7619415363493962,-0.17165407909653302,0.25446246608370154,-0.8786225149121332,-0.19906856804331893,0.20099936874450186,-0.33841754732855517,-0.11187088328618039,0.2877442970992195,-0.4495749724249829,-0.16407939764441556,0.34884724168852205,-0.5265836193676823,-0.1900698069399129,0.4022325291196795,-0.6043274342264252,-0.2075263240942381
hello,0.0,0.0,0.0,-0.11799610593192522,-0.12600074952514445,-0.0479844097051218,-0.19609289278472036,-0.31462661528439756,-0.07658385610072824,-0.2397742840014976,-0.4599323263197305,-0.1024030225191162,-0.28928893220440466,-0.5764971025334527,-0.12923253070726362,-0.05234664852609018,-0.5215008754078564,-0.05874868909693156,-0.050118542559538196,-0.7286118419201695,-0.10589567037359146,-0.052016612189630586,-0.8562227359326972,-0.14259670290038573,-0.051108200699604894,-0.9695665017807534,-0.17048367997314015,0.04216998710874463,-0.5058996249488714,-0.07476073785790663,0.07812041240474935,-0.7320972420504527,-0.11467069181693595,0.09977800998549283,-0.8761718093421564,-0.1499646063075871,0.11610110221315514,-1.0,-0.17732905966281223,0.12122784698721911,-0.4458577193515273,-0.0977327491083584,0.17637268063808467,-0.6419553011770935,-0.14347952755694957,0.20770331861455435,-0.7734605337859821,-0.17617770851569248,0.22863492642894911,-0.8944262453551444,-0.2010148139419227,0.1872591005265432,-0.3501532234270252,-0.12444995702259368,0.27318577402718636,-0.46878564121912175,-0.16641446044234723,0.32827451953562625,-0.5543929188990709,-0.18544156246721935,0.3708670613636741,-0.6387577360156571,-0.19978389563294952
hello,0.0,0.0,0.0,-0.12451700785830061,-0.10031372113252124,-0.04506764320319728,-0.21997332196627098,-0.2603100485296582,-0.07637600763325908,-0.2692861727136665,-0.3889011802451308,-0.1068200001223693,-0.31739754212956767,-0.48133289924351813,-0.1383847845377715,-0.12595468867303838,-0.5207456743363823,-0.05408922457142675,-0.13952772973775965,-0.7137592181017628,-0.10164131965449855,-0.15157426593034545,-0.8372354436630244,-0.14089468728721144,-0.160735198535817,-0.93901702766244,-0.1703768534558138,-0.03534535835839365,-0.5266476704032893,-0.07216896491876688,-0.02203162915919782,-0.7537629450867018,-0.11217776756412859,-0.02246895168669181,-0.8923113895916513,-0.14698930919900063,-0.02597260756706647,-1.0,-0.1732896367513078,0.047299988842610746,-0.4780787211365999,-0.0970902423319783,0.08502746340154266,-0.6863234607810517,-0.14000354633584958,0.10125335276827879,-0.8209411235173747,-0.17386844331308535,0.10692658156898996,-0.9361754282384549,-0.20016202975389358,0.12167581629988525,-0.3822532433696693,-0.12599544866346588,0.1870754289363582,-0.5077866069092246,-0.16828415186576348,0.21810774485053858,-0.6039519273324948,-0.1902908219180165,0.23457327789866209,-0.6940013941751539,-0.20626281496762464
hello,0.0,0.0,0.0,-0.14112756623232564,-0.07969196600377165,-0.04842707923338452,-0.2699620265709533,-0.23548627156117033,-0.07407847314067596,-0.3589786919811566,-0.35922099647239675,-0.09848629771693017,-0.4445950945599277,-0.4330417491250168,-0.12298347472137278,-0.202116627848066,-0.4935584840407034,-0.031786418887999206,-0.26111304208041725,-0.6804783520772257,-0.06898527885219141,-0.2954133628032818,-0.7914917382591968,-0.10073842596353505,-0.32542156699147423,-0.8887862384978308,-0.12586558758641891,-0.11097404523136385,-0.5258391457705514,-0.045167165596182814,-0.13753765743086085,-0.7507373840018424,-0.07637814229081073,-0.15340410751524156,-0.887609915839542,-0.10492162547646021,-0.16920853442629646,-1.0,-0.127170662446695,-0.01887339752684714,-0.5024483153555542,-0.06781833261065924,-0.015988237620471073,-0.7088452950999529,-0.10929844740717665,-0.015977414153198744,-0.8360772234625288,-0.1394349449764612,-0.0207933865038516,-0.9491076804170818,-0.16106885606647753,0.06957145940150367,-0.437744969181824,-0.0951330934388559,0.11247060134525345,-0.5831668166422762,-0.13436045646293643,0.14395456176675128,-0.6857604864574425,-0.15315013682335976,0.16835912753818544,-0.7848250471220825,-0.16691356368745025
hello,0.0,0.0,0.0,-0.14307076388190199,-0.0921289813721924,-0.03730221245572676,-0.26573420786878443,-0.2375655489067017,-0.06042965408907169,-0.35032857870271467,-0.34604264044209043,-0.08527514964593724,-0.42118762038868707,-0.4241704293721406,-0.11087341750422831,-0.1955204030608254,-0.4971112069361212,-0.031681722110745526,-0.26166516577053406,-0.6766161453395094,-0.07527583377420524,-0.3015562445675567,-0.7854571804579478,-0.11115248391422154,-0.33251641944349486,-0.8845191483632542,-0.1383967300693647,-0.10589555992235936,-0.5223988851848774,-0.053176063048440796,-0.1457147942993497,-0.7441125177073862,-0.09156362334287246,-0.1723330545711426,-0.8836768260809652,-0.1257394079474602,-0.19519194361206,-1.0,-0.15036871921501627,-0.01157980184666444,-0.49755775213217546,-0.08247532854633115,-0.02112693229729396,-0.7066674104219093,-0.1286210214368439,-0.03300160778661117,-0.8411971091090401,-0.1603341389769922,-0.04668767775227041,-0.9594604230945154,-0.18188971620918398,0.08208283398784282,-0.431425547593448,-0.11525368807245587,0.1262196454283171,-0.585627426422382,-0.15786633669147324,0.15092516970445416,-0.6954808545572507,-0.17632059328596109,0.16847136831932683,-0.7981264279747764,-0.18834520019452244
hello,0.0,0.0,0.0,-0.11396505011154215,-0.10816365008169354,-0.0427815909045377,-0.20425160383909938,-0.25807414471072904,-0.07217840339341405,-0.26022796359307726,-0.3668273451456223,-0.10179291348739435,-0.2988013602095092,-0.42937743872817735,-0.1339526426215484,-0.12082785010748875,-0.5196027633317378,-0.05258192591871436,-0.1639480919753738,-0.7079051556587533,-0.10538317856097466,-0.19092582479364667,-0.8262677128552949,-0.15051073186183103,-0.20882442508255109,-0.9273539041939761,-0.18320494319764927,-0.03294945162349712,-0.5260883405427812,-0.07379064544075231,-0.05282641391106667,-0.7516796499844501,-0.11951493887830804,-0.07387191523795936,-0.8895948025941167,-0.15892242174331153,-0.09146137267703387,-1.0,-0.18643190119632563,0.056209572781042515,-0.4846924097628054,-0.10151709697894731,0.06337219091174257,-0.7002178795797731,-0.1493226275721243,0.06136223906200217,-0.838314340807584,-0.17980353928567439,0.05632118391149818,-0.9543412947528639,-0.2003321968706712,0.14665854782120658,-0.40010316179679456,-0.1333347018411963,0.19032171646690924,-0.5550693647000255,-0.17641036586200678,0.20537028419780975,-0.658082441804144,-0.1902372294051254,0.20812573750289554,-0.7483065770307814,-0.1980436453704839
hello,0.0,0.0,0.0,-0.10960669740481166,-0.13427900749032196,-0.03656547992220481,-0.1804465434526444,-0.3353851885465862,-0.054911930889634704,-0.22547969993893455,-0.4848320046462032,-0.07330860445651072,-0.2677734079564362,-0.5925689694131181,-0.09343630618259015,-0.07937519024596118,-0.5255386178292446,-0.046759579239466914,-0.12389881435915823,-0.7196903402671567,-0.09682292355804556,-0.15802291728525783,-0.8463834592924998,-0.13671611854171475,-0.18713983988526417,-0.9527322121193447,-0.1674151522322903,0.010475806316072539,-0.5183773396751766,-0.07079029065665227,-0.0028893109314629003,-0.7429036622464243,-0.11321698410248049,-0.019021047972795063,-0.883765600168817,-0.15107901166223406,-0.034470420604641346,-1.0,-0.17872142301928767,0.09780155035285373,-0.4518119819007229,-0.1007875851956828,0.11680037572993757,-0.6590509457675292,-0.15226551619732429,0.1158879420942649,-0.7955913358020956,-0.18974651494426867,0.11080905187949004,-0.9167774061562193,-0.21701735142891548,0.1799317822335016,-0.33754283452009465,-0.13322581711741444,0.25849248633497107,-0.45345692084460804,-0.1898369809838473,0.3042018446621885,-0.5463588557043909,-0.21709678787135803,0.3414703515091757,-0.6363604617071061,-0.2345775438504501
hello,0.0,0.0,0.0,-0.11792459685395805,-0.14421940038531994,-0.05732861616963226,-0.1759042952165659,-0.3475636470744946,-0.08216168639633192,-0.20390918387173307,-0.5200984062624995,-0.10303896983067605,-0.2519838292632647,-0.6469860004252533,-0.12375143170806145,-0.03206793760716381,-0.5288817770592923,-0.047586403240429724,-0.026719316380651212,-0.7343569653200032,-0.09048804171099491,-0.027951755123659962,-0.8631417690559384,-0.12502178826090232,-0.02716289805832118,-0.9749674418268827,-0.15229552388418596,0.06633702895249835,-0.5129365338479572,-0.05755732061584432,0.10265972203387383,-0.732212555231334,-0.09405893438487138,0.12273697670761127,-0.8764660203197806,-0.13013143587543355,0.13856947315696766,-1.0,-0.157973776653725,0.14640167042936614,-0.4478207430159722,-0.0762873128096584,0.20847329868792575,-0.6361627741109367,-0.12635949897029886,0.2430598952825107,-0.761366988766331,-0.16448101433861745,0.2708391052794643,-0.8765424344839952,-0.19099282993082814,0.208639641817052,-0.34436582306848734,-0.09934717291666045,0.2973442213257816,-0.4472046624951599,-0.15437966120159616,0.3568634961623057,-0.5244878469080404,-0.1826641141543996,0.40854252038629,-0.6019941643831127,-0.20028999457192548
hello,0.0,0.0,0.0,-0.11210100858029985,-0.1371383338668226,-0.04250715657088291,-0.18078928765321642,-0.3326395728420421,-0.06763057694771471,-0.22178281013538895,-0.47918850872948027,-0.09156908113793118,-0.2668917150843196,-0.5863979323432832,-0.11763301723735642,-0.04293850994846415,-0.5248111979713879,-0.05036794828628764,-0.0359258001491479,-0.7359643293273731,-0.09860168359329442,-0.03430225292833596,-0.8656787030605876,-0.13699726118477637,-0.031595969393799085,-0.9782193817137279,-0.16559939455052927,0.05088470599664378,-0.5054595850188784,-0.06912207338579736,0.09228892156333267,-0.7353957023689942,-0.10997438529205643,0.11674624270856084,-0.8803926976317674,-0.14657969349553004,0.13493524687952896,-1.0,-0.17395162832572605,0.13015292930650404,-0.4401422027127012,-0.09456359631414121,0.18973769742256655,-0.6413535336996106,-0.13990935563638432,0.22770535362397407,-0.7703367957274174,-0.17220376796750456,0.2563220799682219,-0.885219223686979,-0.19613398887199615,0.19567937315344258,-0.3360065688603532,-0.12343897942916653,0.27608977275307717,-0.4543328468697585,-0.16511199835629448,0.32913159263053887,-0.5377180315207407,-0.1826019559026847,0.37354885773315716,-0.6183614544014815,-0.19512002646805965
hello,0.0,0.0,0.0,-0.12461350026800477,-0.10681228934133621,-0.040019769983711824,-0.2183123248566792,-0.2758856961363075,-0.06682388777259123,-0.26494176065207936,-0.4025494573827746,-0.09474008119207962,-0.3092595127741502,-0.4949961975092185,-0.12448198303102082,-0.12649844162768467,-0.5039231778245082,-0.04414196571944251,-0.16134738931528234,-0.6900947917761258,-0.09557945387808757,-0.18654667644071232,-0.8134391360286943,-0.1392287581704296,-0.20871829802103486,-0.9221596249765848,-0.17127765714595497,-0.035365373801194366,-0.5206580911649782,-0.06340648378461128,-0.03716779490096429,-0.7429308302994113,-0.10510958449500651,-0.04482320034314287,-0.8847839943815519,-0.14007564908473966,-0.054204088604431225,-1.0,-0.16697098571786,0.05175629767039352,-0.48427242458990244,-0.09016869602718493,0.06319051699873164,-0.6958797690046741,-0.13074687092557313,0.06547866332622422,-0.8328598652017134,-0.15840021708257346,0.0636465647034427,-0.9495065321018928,-0.17996868254670503,0.13495300043246383,-0.40679557596513233,-0.12178050276920181,0.18486482609273872,-0.5603484755219279,-0.1567564172264862,0.21152054463743672,-0.6676872850560043,-0.171808642922095,0.22756194357260906,-0.7658530420228609,-0.18357225717179024
hello,0.0,0.0,0.0,-0.14223845901410204,-0.09320571580760581,-0.0450841360163959,-0.2589202747693065,-0.25515247127646323,-0.06635719554540456,-0.3339651280342375,-0.38650177936756774,-0.08722174912381876,-0.41252686299739605,-0.4711766512299393,-0.10882960508357425,-0.19378469498338338,-0.5042138259300634,-0.022295358856522434,-0.2556541160370143,-0.6876604236780701,-0.05844806403007452,-0.28944768474440224,-0.8026249561209956,-0.09079258174178308,-0.3170653363967531,-0.9064371878824656,-0.11709628027336368,-0.09642693925813639,-0.5387116955304605,-0.03693257952583743,-0.12512656688184237,-0.7587343202459989,-0.06621815837726579,-0.14584859136341896,-0.8890863036764118,-0.09728137436555716,-0.1684954762995716,-1.0,-0.1223899696200534,0.0005870416787662204,-0.5157961433399699,-0.060597476625533414,0.0036340912053004545,-0.7154338078943138,-0.09831689898646294,0.0019317200440485058,-0.8429648597149334,-0.1271521774773453,-0.007355070543918721,-0.9586482075445344,-0.14947642559923444,0.0929218878663903,-0.45020638914093186,-0.08892149823184844,0.12587764222190653,-0.5919989748393241,-0.12261581414735859,0.14969274506952093,-0.6868344396326799,-0.1367118728559007,0.1659587205811842,-0.7772759397115652,-0.1481670641783013
hello,0.0,0.0,0.0,-0.13708474818600994,-0.11074096579333023,-0.031168773344469217,-0.2512111479327407,-0.2946086326012694,-0.04386088267917783,-0.3289861569963082,-0.43213741900234376,-0.05823855068708229,-0.4129639652980254,-0.5040239176057885,-0.07448774645503453,-0.16988904150858614,-0.5082542292393242,-0.018683702699704898,-0.23897783383289334,-0.6890736268056924,-0.058138002532731006,-0.28401278601300045,-0.797009124842345,-0.09142655843834735,-0.3229268940303004,-0.894893713713816,-0.11700081203441351,-0.07511067764847655,-0.5343565377682689,-0.039307100618403416,-0.11165038628669469,-0.7530699196789199,-0.06980208629541362,-0.1383722343353469,-0.8868427636987526,-0.0990581907996237,-0.1672342076910115,-1.0,-0.12145361510223963,0.02026470723400344,-0.5079046563759007,-0.06746678152976428,0.015223321197514284,-0.7102332017626724,-0.1037593994455012,0.003902899830983614,-0.8380306782612248,-0.1265407019439821,-0.014551034267944588,-0.9525208972676535,-0.14358671933581926,0.11267020358559837,-0.4404701821394104,-0.09918920402987917,0.1469394757938919,-0.5885553949928257,-0.1291796936667748,0.16580476820245202,-0.6883141764408519,-0.13717654311964167,0.17492011294992316,-0.7798145925990226,-0.14361391003838617
hello,0.0,0.0,0.0,-0.10827160220460648,-0.13786047288728567,-0.03482144457424983,-0.18057573000414673,-0.32949416036942053,-0.05279839743347467,-0.23169051367009005,-0.4682015910527439,-0.07248817209137015,-0.2915993159922541,-0.5592709419499253,-0.09335395620419318,-0.08193116442354532,-0.5194979447560077,-0.0291681239511546,-0.12565502095503425,-0.7111472327679567,-0.07660400074118959,-0.15868889121498939,-0.8339593339479606,-0.11685557563983646,-0.1859612341931406,-0.9395479469702764,-0.14722676256840417,0.004307658551707201,-0.5227734521254968,-0.051944428834824974,-0.011530804504225228,-0.7456864031821054,-0.09112638926282299,-0.028840347197339657,-0.8856461538151851,-0.1261036074568654,-0.046901130887438656,-1.0,-0.1514319734473078,0.08948574614817886,-0.47301742428207366,-0.08175708848863412,0.10125629556864435,-0.6851899641288463,-0.12640318795358627,0.1032939260595276,-0.8197457415586037,-0.15253128239416133,0.09690898147663544,-0.9353750065421577,-0.17113794623595788,0.17544798682711393,-0.37983405062220954,-0.11536371207099888,0.22951942316286147,-0.5136548921248526,-0.15756113224661053,0.24743638003293222,-0.6092024505916124,-0.17095358320055776,0.24779941945899375,-0.6950604193422414,-0.1794459454831065
hello,0.0,0.0,0.0,-0.09575950397009464,-0.14623777579395555,-0.04788868948195674,-0.13487544249458716,-0.3699235991874778,-0.07086707600082019,-0.15245873134400237,-0.5410754107601908,-0.09174996898138466,-0.20384006472600188,-0.6328567090619951,-0.11528867227136962,-0.005446149619060509,-0.5377390915547472,-0.054967446421321224,-0.0037239756405557474,-0.7399105150857513,-0.10525441838707444,-0.008197917189447755,-0.865172412569457,-0.14579045847177385,-0.011900094442779993,-0.9779642638253736,-0.1785729516293615,0.08617044412439681,-0.5109793913991675,-0.07447899272286998,0.11875791775721971,-0.732195964459504,-0.12216720405367165,0.1254821625825107,-0.8767676844485743,-0.1644297144269158,0.12658191656489862,-1.0,-0.1957148358109816,0.16424040478084256,-0.429112709321548,-0.10081895352632811,0.22586434407385497,-0.6240937573981445,-0.15724959181859177,0.2493836886216981,-0.7601157950606883,-0.19547779102340687,0.2622100624397059,-0.8858757603454892,-0.2226078990065339,0.2307220386257283,-0.3060405358753294,-0.1305724213709188,0.32007230981287355,-0.4165565341172642,-0.1868614715340772,0.3670930532595433,-0.5053376139282569,-0.2127187057851226,0.400308827383641,-0.598164018162619,-0.23052319757093268
hello,0.0,0.0,0.0,-0.11138823429693556,-0.14971820831110216,-0.05851377153607896,-0.15174729401649012,-0.36857640245118023,-0.08482927733737489,-0.1569268549761938,-0.5442272580206974,-0.10713737972212778,-0.19113456010419214,-0.6811947600735561,-0.12950345843150823,0.008913660595223073,-0.5413287975935615,-0.05318719753454209,0.03549039260019948,-0.7489395715779565,-0.09803393709732773,0.0513236286803732,-0.8805599420508219,-0.1328859707636833,0.07067980116710117,-0.9968730868932998,-0.1607670152320448,0.10435627738308985,-0.5077216373151887,-0.06488232485078818,0.16603670866632658,-0.7299213867657479,-0.10496240109937378,0.2056331349368877,-0.8758559991178163,-0.1417475389822152,0.23998948717064783,-1.0,-0.1701917820326731,0.17754526278014576,-0.42937422836602146,-0.08537232026802953,0.24962076538921874,-0.6195874399731887,-0.1375697646342146,0.29497036177015723,-0.7476058591417918,-0.17448792059201698,0.33522062445911166,-0.8643237774329025,-0.20071259088799234,0.23354473903630077,-0.3166096905472986,-0.1105187060401611,0.3305948530359801,-0.41856547530755456,-0.16358043844521963,0.39974200766154594,-0.4907306405857413,-0.1896469998781693,0.46186036807764397,-0.5613018028574612,-0.20720976084740325
hello,0.0,0.0,0.0,-0.09752605192823825,-0.13517349775193035,-0.04255517377528417,-0.15934568570347102,-0.34251716336675325,-0.07145054292475293,-0.1967128885981919,-0.4853154066600705,-0.10120563717698458,-0.24427502470277385,-0.5744058842342579,-0.13262181870018205,-0.03642704282750291,-0.5294972826066404,-0.04684724448867285,-0.029970261878899257,-0.7288281080733309,-0.10007632699863502,-0.03222551659768748,-0.8560338425354411,-0.14185978886404146,-0.035852640624041206,-0.9585830901376321,-0.17245951326997863,0.04662974095479139,-0.5117392694009362,-0.06797416040011306,0.06474398235286377,-0.7350745807713518,-0.1200845149527976,0.06790430374582138,-0.8793430658001624,-0.16178968476927277,0.0683044491010419,-1.0,-0.19021206834378998,0.1224380247401362,-0.44399697006871397,-0.09669986106163865,0.1524214970629704,-0.6578181398857942,-0.15278815382000102,0.15709648156969117,-0.7971348261437509,-0.18913318600986959,0.1566172752370279,-0.9221663333046435,-0.213482492232145,0.1921475205232062,-0.3342926031648694,-0.12894494121751987,0.26617229353424904,-0.455986506792059,-0.17699348132984796,0.3072222858374007,-0.5518414879840676,-0.20039906016082756,0.33768042655414193,-0.64840363129893,-0.21663577982003038
hello,0.0,0.0,0.0,-0.12654338425522424,-0.1033669824727471,-0.043959328272228836,-0.22310675093513568,-0.27845385821750845,-0.07283555023655357,-0.28012123857895393,-0.4175592997002482,-0.10188370600705114,-0.3426210391869375,-0.5086909705724141,-0.13312422202226937,-0.13318501654670728,-0.5027305128650816,-0.04645779385418235,-0.1691472062631425,-0.6875224541138509,-0.09613187023691581,-0.19273453569549326,-0.8113666622105767,-0.1390780161770525,-0.21030542328789664,-0.9193911849072541,-0.1718133612754925,-0.044926648951393526,-0.5214261257981984,-0.06302095419551679,-0.05060481901945644,-0.7444892934977414,-0.10423732293706449,-0.06283282386743534,-0.8856985651699041,-0.1385551073979481,-0.07782926465562194,-1.0,-0.16572540845365036,0.03865941054677253,-0.4868192872334875,-0.08730369866119198,0.05035649234298638,-0.6921578682559574,-0.12830547013705,0.051304723589150975,-0.8263087140022799,-0.15770067736015572,0.04510046733372172,-0.9410793761350551,-0.1813950095533269,0.11770355146253915,-0.40905187269496396,-0.11665908536901522,0.16826380958232234,-0.5504979448986466,-0.15336291047458492,0.18951647719022224,-0.651970060015196,-0.17206094183990103,0.1977068322973696,-0.7465499520996056,-0.18737895692659567
hello,0.0,0.0,0.0,-0.14852935460567376,-0.07708334357158908,-0.051315257759257576,-0.27376317775205433,-0.25054180849443136,-0.06808966717571274,-0.3526643329400354,-0.39521796762507166,-0.08358748011674887,-0.4336174579609773,-0.4840318951078412,-0.09798379867825234,-0.20504195748897508,-0.505037780280628,-0.009104478408896123,-0.2771708415667525,-0.6815460540570969,-0.04202648039351685,-0.317837305106425,-0.7909207818125689,-0.07381664494983702,-0.35160461762460254,-0.8905244161178589,-0.09898096057791267,-0.10798239943315059,-0.5474749780752407,-0.01720953831218593,-0.14169995402837016,-0.7663376873098198,-0.038234669078911404,-0.1648903851386096,-0.8954366567679487,-0.06173856533090563,-0.188585208572257,-1.0,-0.08071525148227604,-0.009924108836158272,-0.5294538981395562,-0.036734706439237395,-0.01641419500280789,-0.7201176029346787,-0.06525753527376947,-0.02854407088834255,-0.8381683589200375,-0.08539993061012856,-0.046406104174661816,-0.9448006488745886,-0.10111888987542239,0.08533310667696598,-0.4693008693507725,-0.06298331617718124,0.11276776017194909,-0.6063781950617803,-0.08739028941222136,0.12989353256457808,-0.7000011057316213,-0.09575969351669714,0.14125509250841137,-0.7905018323871695,-0.10282863437546863
hello,0.0,0.0,0.0,-0.13903684753795698,-0.11563032701286532,-0.03512684816330764,-0.2472229535158857,-0.3033969301714098,-0.048772770265473386,-0.3177270839171204,-0.4480764452674865,-0.06278749181436863,-0.39668758722195563,-0.5329740171596811,-0.07705526898884091,-0.16651197898575623,-0.5204134339766702,-0.021053940384119264,-0.22586006209318907,-0.7013792038390346,-0.06045570569688589,-0.27067863505737627,-0.8051851197627342,-0.0944348396142634,-0.3125231360501745,-0.8990997261731386,-0.11994139727004915,-0.07006574975155322,-0.5445118251739325,-0.037734674094206805,-0.09852896112205556,-0.7647668533146589,-0.06368694064026512,-0.12246732473490204,-0.8952777679361567,-0.08936084352601112,-0.14906592091099996,-1.0,-0.10976998297711085,0.02600640370269474,-0.5149401741509229,-0.06240209346124007,0.024948142191063557,-0.7144847962210887,-0.09375566887132912,0.014911722919018414,-0.8408039148443045,-0.11351331890467668,-0.0033553806365153676,-0.9485316367244998,-0.12881192348335294,0.12110550807373632,-0.4440111117458721,-0.09145566083039505,0.15996192338012616,-0.5927778850467389,-0.1191153368005298,0.17079994975405083,-0.6964733864577448,-0.12793302904793358,0.16943010911089815,-0.7887695217972318,-0.13462121580826159
hello,0.0,0.0,0.0,-0.10888285524283513,-0.15428290561306077,-0.0446553667877779,-0.17471750027750574,-0.3753331885347708,-0.06959413038206574,-0.23082485659967888,-0.5265044527793666,-0.09389362821126104,-0.3056596302986409,-0.5757869006337192,-0.12149531855375957,-0.07425673455841264,-0.5415439223113606,-0.05283544573802036,-0.11115778747051257,-0.7293910490119286,-0.11211767169956796,-0.1472224665961901,-0.8470476128302555,-0.16024913446724082,-0.1818532822417232,-0.9516266419368905,-0.1969009631937181,0.017539480431010845,-0.5371428993016916,-0.0764408997625578,-0.0012244905715679192,-0.7533432873961198,-0.13047862360740453,-0.025766617283873333,-0.8883932848194804,-0.17536143178884375,-0.05084944701741976,-1.0,-0.2077891788525089,0.10593240753916855,-0.472146751964422,-0.10689398251314772,0.1242689135111032,-0.6769075319584326,-0.1692303575292028,0.12044307912988063,-0.809197786527049,-0.2061464874146312,0.10694484236723964,-0.9281235548322831,-0.2311891584629635,0.19283367843160576,-0.35999687449731776,-0.14052387017726037,0.2545424587131268,-0.493496528691075,-0.19857945371006433,0.27802777203638684,-0.5878423311331479,-0.22050299380911237,0.2808896861876815,-0.6766076692636881,-0.23533212628873035
hello,0.0,0.0,0.0,-0.11386232916655367,-0.15554285858743402,-0.05776891855129194,-0.15533627454807236,-0.37055675178170383,-0.0882457370657656,-0.1736515366038241,-0.54003980111581,-0.1154253128312416,-0.20707382728894977,-0.665205562534186,-0.1458903404642234,-0.0018641564608490114,-0.5384791171656135,-0.07029684846284001,0.015229085829988685,-0.7460584906791898,-0.1266273254052492,0.016203872944022462,-0.8761388362792533,-0.1714128658366134,0.014684505801698366,-0.9931546067711788,-0.20573090157542948,0.09705229076363873,-0.5060772736786933,-0.08723616197906574,0.15392225969751977,-0.7234271256425752,-0.14069381918353377,0.1739081240036566,-0.8728382803900017,-0.18956803918261722,0.1865394851424592,-1.0,-0.22549066494037276,0.17478958636028602,-0.42224541482269995,-0.11128708928804468,0.24740448870923565,-0.6154002665992085,-0.1748474507778174,0.2778909473481876,-0.7507240603530538,-0.2229251668024968,0.30064871286171624,-0.871275703216803,-0.25627821564046716,0.23359832701451597,-0.2972191950761947,-0.13880098596250381,0.33738102555110466,-0.39825237698324156,-0.20487300706102643,0.3995563621675466,-0.47420091094095246,-0.23796465191711447,0.4519772570461723,-0.5484852461966682,-0.25878361786877946
hello,0.0,0.0,0.0,-0.11027602042955142,-0.15045318175490321,-0.059301600553115806,-0.1584736166865398,-0.3614532214339468,-0.09108021312267463,-0.17931340907322982,-0.5321186726216617,-0.11892698554632217,-0.21709828274927798,-0.663596136382029,-0.14728248197935548,0.01026073166811372,-0.5420156797233138,-0.0592761496411367,0.037935407448854944,-0.7480108357415375,-0.1088804184337034,0.054579084929518136,-0.8788614490741893,-0.1484476335566647,0.07600677727031943,-0.9916064811794674,-0.17868893538349237,0.1076472277462774,-0.5082010642502354,-0.07116162745864583,0.1675119199657998,-0.7278543299364036,-0.11315071437659965,0.20454535774244625,-0.8747495680700719,-0.15218233947106155,0.23747145406657516,-1.0,-0.18231868518358396,0.18578210197155529,-0.4291188808805968,-0.09135062468402706,0.2573531208464504,-0.6128749977862681,-0.14019222078588608,0.30021713628047747,-0.7396323927158243,-0.17495794237395348,0.3377748082011427,-0.8544949294889944,-0.20053957662598,0.2452624454889523,-0.31345827972739376,-0.11660257400111036,0.33842099375604295,-0.41505176321788523,-0.16327839066644317,0.40266495217330195,-0.48720468535527206,-0.1847861556535206,0.46094618154216077,-0.5570958459628143,-0.1996132979351732
hello,0.0,0.0,0.0,-0.10641358244742048,-0.13151711491819687,-0.04180856342732805,-0.18074068920514488,-0.33516840242926976,-0.07082803694121728,-0.22642997360372785,-0.47697456360195234,-0.10117103076974694,-0.28644290312824494,-0.5584738650523164,-0.13275319489811413,-0.07261416283988271,-0.5332075167408833,-0.03598745497857418,-0.09767535574543112,-0.7248468142828162,-0.09086015650134112,-0.12370674170343986,-0.8487509455924885,-0.13643323980358465,-0.14938164554315972,-0.947509630389425,-0.16900236526071633,0.01728177650858371,-0.528294637842997,-0.05614513714694715,0.008797374436327943,-0.7444267887748238,-0.10434025493763885,-0.004370655872843435,-0.8844709644729559,-0.14571410175628327,-0.015640958784773628,-1.0,-0.1755796252334126,0.1034338557588883,-0.46945535468375055,-0.08493288332146637,0.12135891706881274,-0.6785976476435426,-0.13755974616925318,0.11966735569521939,-0.8165108560028195,-0.17380230762358959,0.1144633125007779,-0.9392729360499165,-0.19909898776551435,0.1852949583683991,-0.36536246976258246,-0.11753886308294142,0.2541572825488333,-0.48512700433427364,-0.16227889815244162,0.2929484092397697,-0.5774806597014891,-0.18438363517321066,0.3184625716647672,-0.6699883013015374,-0.2004138945583657
hello,0.0,0.0,0.0,-0.13787244138547994,-0.10149009750261852,-0.04282687185184029,-0.24512976618060123,-0.2751795070619563,-0.06950997569424971,-0.3135663448696352,-0.41630450486031617,-0.09723877631366094,-0.3887638930353493,-0.5035585912553651,-0.12629096843671092,-0.16617974525061632,-0.5071039315175504,-0.03262943356237396,-0.22041839229074225,-0.6813560830481169,-0.08034810842025775,-0.2553949786362714,-0.7950546525279575,-0.12331692979352264,-0.2834808290501716,-0.8972719908736596,-0.15571364653211686,-0.07325950125017497,-0.5371172390263532,-0.04880934890855492,-0.09218729672551224,-0.756715825565133,-0.08475117614314837,-0.1081383100808124,-0.8906075369125208,-0.11640217472208222,-0.12394808924793563,-1.0,-0.1417787594434731,0.018222063490748366,-0.5111794212460005,-0.07379781053079802,0.02334852433044213,-0.7130540499507024,-0.11028075085101335,0.02386550510783263,-0.841075818232368,-0.13625283465720778,0.01822744070537204,-0.9500710807416759,-0.1574742316476905,0.10646083859637359,-0.4408974702893803,-0.1042991277014679,0.15205193686996396,-0.5812491368335965,-0.13518393492475714,0.17064491843067198,-0.6789266794289551,-0.14939821769568412,0.17736226662545598,-0.7688518148840093,-0.16149033881974803
hello,0.0,0.0,0.0,-0.14763801515646022,-0.08554573117987141,-0.05098059408449113,-0.2756846529618788,-0.2520315701996803,-0.07179783163347159,-0.35932173503160936,-0.39186301992923095,-0.09061710640650524,-0.44476282687165797,-0.4817750184166386,-0.10772822862123618,-0.19957965177543055,-0.5025411345108579,-0.01959796350601754,-0.2747156341276012,-0.6836367606323729,-0.05879584836497485,-0.32185074905810246,-0.7900728204853865,-0.0936375700270861,-0.3636792202113382,-0.8856015924006698,-0.11997340628597772,-0.10342109223725338,-0.5403107128298162,-0.029230083257390335,-0.1459876639230075,-0.7609292432572488,-0.05535592693000501,-0.17212442426838273,-0.8927462838684481,-0.0812946266160181,-0.19800587151253382,-1.0,-0.1016653101858509,-0.005750055132246791,-0.5209131162858189,-0.04968676925774874,-0.01841904938804641,-0.7188736421711119,-0.08233674374939842,-0.02929017562304031,-0.8442591230523049,-0.10292197240558479,-0.045786455617020244,-0.9555120939083832,-0.11876008070999927,0.0911405779879927,-0.46060572803667327,-0.07626530865902345,0.11645089992702223,-0.6035144812695582,-0.10363817501811283,0.130625139409104,-0.7013377419232263,-0.11181791630236758,0.13710187256776674,-0.7951332776864041,-0.11854051316493232
hello,0.0,0.0,0.0,-0.12785394440706221,-0.11599028260791497,-0.04123337056783799,-0.22676882213628527,-0.29843658385572436,-0.06085498037915115,-0.29491746584163137,-0.4429487059522258,-0.07979144809802388,-0.36671527385901376,-0.5352675275461831,-0.09999953425768646,-0.14402352118279413,-0.5021891220486754,-0.04449180237583615,-0.20271261740766924,-0.6884414974027552,-0.09295280503728928,-0.24407689411674258,-0.804402780922624,-0.13158655908781838,-0.2789026632683782,-0.9084470690492452,-0.16020383985794426,-0.051005574287879905,-0.5275060003103352,-0.0616242570592816,-0.07610833137617588,-0.754171639644968,-0.09809103880062402,-0.10032155829859203,-0.8925356740767767,-0.1291952021198911,-0.12381733879078187,-1.0,-0.15276678206944955,0.04361653921398871,-0.4980266289183964,-0.08577758203795519,0.04438512744677698,-0.7063913709054734,-0.12529183213924125,0.03414226739036251,-0.8381619343920361,-0.15086027467971197,0.018356984731024747,-0.94822932186588,-0.17018310888197827,0.13855382109911826,-0.4238542676682142,-0.11435391424116709,0.18468114181998388,-0.5655018868234157,-0.15243639759493186,0.19448553116915837,-0.6658874004751018,-0.1680315001884788,0.19210929194286752,-0.7523244651761697,-0.17859534530569832
hello,0.0,0.0,0.0,-0.10086120926190242,-0.14461687576413598,-0.04496573486692985,-0.15481179995986555,-0.35930121480382127,-0.07303461594291043,-0.1922939800504846,-0.5101010682546646,-0.09934212827954418,-0.24669989925682698,-0.5806490846595584,-0.13003450047734183,-0.053534893228892336,-0.5199840854599447,-0.08240560279809801,-0.07483004309125749,-0.7221328054336082,-0.15049308729981775,-0.10637752860089096,-0.8560180241966775,-0.20134981932538748,-0.13665981995833065,-0.9660792579012912,-0.2385160489884385,0.03528747740026594,-0.5012695589220636,-0.10856706939933419,0.026839210928869622,-0.7280052685717878,-0.17550039360324704,0.005836473870050786,-0.8773787259402772,-0.22516486062226934,-0.015416152958245541,-1.0,-0.25831073556930967,0.1212560918664629,-0.42680090806493254,-0.1395634759351781,0.14492192765589418,-0.6333299289913531,-0.21160010647636723,0.14238714780390754,-0.7748639383409579,-0.2556428971806178,0.13205083719767208,-0.9027300055649476,-0.28411961980934675,0.2044293256194907,-0.3087113362392168,-0.17271220271038487,0.28664048911557605,-0.43445837463574927,-0.2407525249364411,0.3234265553562876,-0.5333657736597438,-0.2708294311104375,0.3458500116188567,-0.6309639023891787,-0.2899702858759067
hello,0.0,0.0,0.0,-0.11710742257473027,-0.14795360271291108,-0.05362889501853344,-0.16588447152499455,-0.35977617982031945,-0.0779485518089812,-0.17990700892972272,-0.5326328280101373,-0.09856093266618289,-0.21745575607353687,-0.6643063145199223,-0.12025914666166665,-0.020643867121748143,-0.5292661148746511,-0.06077978690309733,-0.007846758776666754,-0.7405410218047971,-0.10771511427928393,-0.0031762144197713896,-0.8741147520864216,-0.14331678353654775,0.0029910588277372017,-0.9918823230440582,-0.17160428895259416,0.07647689254394896,-0.5028698844156948,-0.07518338307613406,0.12005595449970342,-0.7240303334583515,-0.11845514726816571,0.14608056525450633,-0.8718935392420539,-0.15875110506970147,0.1673162105847171,-1.0,-0.18961833057258348,0.15519288104009463,-0.42714838961250956,-0.0967844258248855,0.2251266279421052,-0.6160785168753565,-0.15366041672216552,0.26637390710630543,-0.7440774608996479,-0.19636350626348617,0.29971750687013937,-0.8634275233351385,-0.2260582159876605,0.2154268956816711,-0.3133609005802251,-0.12165556930951046,0.3123091775618683,-0.41460666077069325,-0.1843531865107921,0.37898449136543033,-0.48901074845658693,-0.2163704103425849,0.4371873557049922,-0.5645278415181537,-0.2362583345068672
hello,0.0,0.0,0.0,-0.10725005453297105,-0.13392278131299296,-0.04595314447119565,-0.16871419974172971,-0.33691196621075403,-0.07648641320565241,-0.20390099227201394,-0.4838568722141567,-0.10658054395545997,-0.2568349734364733,-0.585250260054525,-0.13821834682809322,-0.04515045599759384,-0.5230567548039322,-0.055726197429485244,-0.03734814948768521,-0.7272960258946426,-0.11049030979772406,-0.036656137488016834,-0.856870550666295,-0.15367050900338056,-0.03470405835309622,-0.9673075844697611,-0.18560136790371148,0.044568663651098454,-0.5028799043117402,-0.07475871745911683,0.07191977254183746,-0.7231074644301486,-0.1265783411722259,0.08195008294646003,-0.8709329471173723,-0.168137643397037,0.08668244478352222,-1.0,-0.1977012347439893,0.12620418593207647,-0.4343746872571002,-0.10096815545962286,0.17893575787951124,-0.6350687920349934,-0.15512790097779072,0.20420632324891477,-0.772326495940681,-0.190259369037568,0.21665685117905248,-0.8998536396767141,-0.21466513405130652,0.20165871455658724,-0.32368088566374476,-0.13094122033065003,0.2910488923971245,-0.4435711060306088,-0.17984011043376766,0.33322073471004154,-0.5436733033672533,-0.20298776693802847,0.3579586611907425,-0.6465275577304948,-0.2186184591941856
hello,0.0,0.0,0.0,-0.12419450848318399,-0.10612513281077722,-0.04108508000273374,-0.22281525436187344,-0.27358375933016593,-0.07030760070116808,-0.2911406825304546,-0.4044277475960414,-0.10127429610173874,-0.36277091059746475,-0.49065041530514736,-0.1348169592668785,-0.13510761849394248,-0.5005971038897687,-0.03814999189656531,-0.18851312070244372,-0.6724260636556209,-0.0891255346666473,-0.22196836597638475,-0.7905230506050825,-0.13459045591570343,-0.24837276560484867,-0.8930696229176273,-0.16851096323616663,-0.04299436681835495,-0.5223291301645852,-0.05793422032441982,-0.05474303202827951,-0.737408415692721,-0.09836217507186217,-0.06894650816243343,-0.8835435452291696,-0.13592031445134348,-0.08401921830416507,-1.0,-0.1652901999834887,0.04497339775073672,-0.48531847189089133,-0.08590981655292786,0.05857354208848706,-0.6849799196787149,-0.13009929326175987,0.062429819110050855,-0.81817490260543,-0.16616433880165654,0.05695535553194475,-0.9310730041630749,-0.19419114820232078,0.12914486565229302,-0.39968416761889486,-0.11806751222747297,0.1955255831980167,-0.5188807409337851,-0.15676804480704248,0.21970557771852803,-0.5995023020534718,-0.1763052151189056,0.22294034707883112,-0.6718243356119987,-0.19200115695613804
hello,0.0,0.0,0.0,-0.15312224539516306,-0.07833978037076383,-0.051295308673861645,-0.2828480204527371,-0.2443239451521129,-0.07284315926684899,-0.3695929018335288,-0.38507448755835305,-0.09316257385942472,-0.4588228371505882,-0.4651769831343182,-0.11257852879151706,-0.21770640061103133,-0.5069905403192262,-0.017186168349707792,-0.2925402293686348,-0.6870095263492763,-0.055018342351600594,-0.3386125704910715,-0.7942298700978723,-0.09002228448913772,-0.37950059494391875,-0.8892487184429716,-0.11624767330419204,-0.11952514634460949,-0.5486311072333876,-0.02597275812536828,-0.1589973057229112,-0.7642125797666892,-0.050806856817940976,-0.18648304808393273,-0.8944024835466484,-0.07693848942811429,-0.21387545454150186,-1.0,-0.09745075715722568,-0.018130818094991022,-0.5322137276243839,-0.04565665702983087,-0.029407534410367822,-0.7248214660983419,-0.07675402058042138,-0.03974579010146656,-0.8464134519646194,-0.09793993729407002,-0.054910729425882744,-0.9529360953417558,-0.11356596177880221,0.08178868693485762,-0.47565970657163026,-0.07174078833199715,0.10796378451000825,-0.6204188231270137,-0.09814129791124644,0.1250696468453479,-0.7211089580727585,-0.10770490183657193,0.1371580956577065,-0.8158046091124248,-0.11461331670596688
hello,0.0,0.0,0.0,-0.14040924148889092,-0.10672991802137535,-0.04130771669095634,-0.255347310938697,-0.2848746597884461,-0.05948252766322328,-0.3295129501138151,-0.43159725578810876,-0.07717470922517979,-0.4070917349453717,-0.5274683063592944,-0.0949052164495726,-0.18010755047739338,-0.5077693009765389,-0.031167238333209776,-0.24951120157131657,-0.6898162338801153,-0.07684727168107748,-0.30139757258355115,-0.7927055201568062,-0.1143556227444651,-0.34962409533416433,-0.8864440813144343,-0.14144843279932853,-0.08679525468352747,-0.5406680583313312,-0.04662319433225389,-0.12488953170044188,-0.7623049463930469,-0.07887475699038494,-0.15618355952679835,-0.8938266742134567,-0.10826779708205786,-0.188290008561929,-1.0,-0.13056138695897337,0.010114690553028301,-0.5207030512706027,-0.07036034904088759,0.002446564384293601,-0.7206739980278906,-0.1059635633595905,-0.011262985384033237,-0.8451000032029485,-0.1266876357964513,-0.030642625989956693,-0.9520501166692893,-0.1421099637424562,0.10573892225955638,-0.45796815990142126,-0.09897173308726256,0.138473870014583,-0.6067109386621407,-0.12868757487648658,0.15191776688336076,-0.7073479882663962,-0.13685252137765477,0.15726081981879914,-0.7972880617388964,-0.14249052460025116
hello,0.0,0.0,0.0,-0.11330718702522115,-0.14336118515997354,-0.045029329170735655,-0.18539788776941687,-0.3423654161147989,-0.07425251679606049,-0.2438496650727346,-0.48570197015379896,-0.10291099398820226,-0.31683671470108454,-0.5575718864863594,-0.1352739427924173,-0.09726549773337707,-0.5206767624406754,-0.06337393730639491,-0.14173765840889677,-0.7046822641374237,-0.12851321789852707,-0.1837169257226155,-0.8226332011836374,-0.18060284662916223,-0.2247754369504881,-0.9281593611135058,-0.21911109917428478,-0.009113962598762399,-0.5214965309305302,-0.08849454582943453,-0.024127414549603158,-0.7426458750149746,-0.14911827018927729,-0.049239066301379676,-0.883870030531394,-0.19769358376024124,-0.07690966760302247,-1.0,-0.23180004506307078,0.0769894948269048,-0.461849416522332,-0.11982999202778895,0.0988528615204791,-0.6706521872995223,-0.1867587935334222,0.09718567050949474,-0.8023149894925877,-0.22493801068922187,0.08403130839395015,-0.9182481898925076,-0.249858533339217,0.16213916807269316,-0.35537232738342484,-0.15405170178585537,0.22894895648016803,-0.4942403482392667,-0.2153051431453141,0.25503454514716534,-0.5908624139170312,-0.23785774738253868,0.26150178183768313,-0.6786886503153343,-0.2519278553900041
hello,0.0,0.0,0.0,-0.10667464381015554,-0.152941326032102,-0.05162676472362157,-0.1513490848916645,-0.3609720804852977,-0.08026061102493191,-0.17458334031783396,-0.5237538460223053,-0.10577343321807112,-0.21000133989910144,-0.6459506190367599,-0.13503577910576778,-0.0056032757889232536,-0.5351636887568515,-0.07413149374618487,0.0027639497165455264,-0.746702368808859,-0.13164209931195248,-0.0016858428240977984,-0.8743229206335349,-0.17604773087075015,-0.007821028180744401,-0.9899255000349318,-0.20973146956949998,0.09396022760959413,-0.5054876237086314,-0.09392316615514232,0.1448933812696956,-0.7265556189191953,-0.1479195249146455,0.1628384665569172,-0.8725202444578972,-0.19520723331480036,0.17191085474649975,-1.0,-0.22998733235933191,0.17392160341484142,-0.4232726636170368,-0.1198501997051583,0.2509215884520723,-0.6128687802271844,-0.18336408903624266,0.2859260305944753,-0.7514383102466056,-0.22913124821051828,0.30811649224540427,-0.8786283168268489,-0.2605422210278918,0.23578657871108458,-0.29954766311359027,-0.14837524248686534,0.33531655650656017,-0.4089582436364074,-0.21197896468381835,0.39163450702569513,-0.49292739153145515,-0.24126499927886563,0.434256348686072,-0.5763614798021179,-0.2597572381580125
hello,0.0,0.0,0.0,-0.11301905253638889,-0.14609436399276354,-0.05976310110841915,-0.16242005465822992,-0.35751103591549727,-0.09215877922279053,-0.18160856545538986,-0.5257704079136769,-0.1204693699330257,-0.22181116002233328,-0.6573291582094535,-0.14990964063274237,-0.002957401256659643,-0.5306462783310205,-0.06680852436765888,0.021080133296481892,-0.7402589444735221,-0.11741469165235105,0.036376327512643906,-0.8717043546801173,-0.15584052025236897,0.05640966567425755,-0.9870671544521565,-0.1851897060711986,0.0945264206812301,-0.49920361457158147,-0.07935428374372899,0.15152716222196225,-0.7224970135897463,-0.12431613705300966,0.18768242601259513,-0.871806911173103,-0.16426354792560421,0.22025731120801495,-1.0,-0.1946847186860404,0.17050258466513085,-0.4215784028381976,-0.09961126217670509,0.24174036908318258,-0.6083575903402791,-0.15201134668190736,0.28578596774435416,-0.73487349297137,-0.1887147485302045,0.32453109188797796,-0.8504171988025041,-0.21508483952971527,0.22768529939166476,-0.30925691418071544,-0.12450649279991664,0.32081344709952436,-0.41210647385896215,-0.17463506471872448,0.3867920941187783,-0.4836315961839774,-0.19791752287991576,0.4459552836841213,-0.5532536384387128,-0.21378440522599496
hello,0.0,0.0,0.0,-0.1092432657900171,-0.12691713079187175,-0.0408921995571817,-0.1807850374326651,-0.32086041112720187,-0.07399107235155016,-0.22814064232551384,-0.4536488021605964,-0.10847732264736099,-0.2926700870158251,-0.5385575614592931,-0.14488929674889925,-0.07411791175918264,-0.5248673268061352,-0.04400244626782144,-0.09600002822464271,-0.7201627706592223,-0.10341602412242465,-0.12262591598453995,-0.8422358471458125,-0.15209439854551002,-0.14966127488679806,-0.9392295645434768,-0.18612846654455445,0.009742847311578727,-0.51612116219029,-0.06751691129029931,0.0009319477670913175,-0.7347442197882863,-0.12151889166594045,-0.012104415996594226,-0.8776652575549431,-0.16785708639106475,-0.022896920664752345,-1.0,-0.20010924663198348,0.08919532345467275,-0.4538959816073688,-0.09895051011880558,0.10907049676493742,-0.6760960850228873,-0.15704318605388184,0.11374306498344448,-0.8176786439470409,-0.19700194332927798,0.11477465429222779,-0.949698234201136,-0.22398971323878325,0.1649080344385544,-0.347219875365751,-0.13321315495919925,0.23395406343178407,-0.47851129122020636,-0.1828710060043957,0.2716506396489838,-0.5748752997331434,-0.20608739167104548,0.2961262158980966,-0.6736459401390609,-0.22206102932019572
hello,0.0,0.0,0.0,-0.137049028305102,-0.09386948124006451,-0.04607627040824798,-0.2474194338538853,-0.255347431984222,-0.07803301025895039,-0.3194524866091759,-0.3873855687955757,-0.11038920083546405,-0.39461420620133636,-0.4766212205238517,-0.14431938690596582,-0.1742331576318524,-0.4890523656672614,-0.044790236444681955,-0.2342396741267715,-0.6626721089059021,-0.09800965792449928,-0.2719841074214547,-0.7784710169687808,-0.14340885163772346,-0.3010428926185434,-0.8816746003578232,-0.17710685176576146,-0.08297369017515532,-0.5220998319528847,-0.061279033230201015,-0.10889840934276289,-0.7443761073165561,-0.1037883779654538,-0.12880435099996904,-0.8854473137419038,-0.13880401523931993,-0.1464663220953363,-1.0,-0.16596283557523564,0.007776379986801729,-0.4979669836066188,-0.0862694097203093,0.004681650932060417,-0.7015158288350162,-0.12835369888519854,0.004230653067606376,-0.834231894881907,-0.1572951756040453,-0.0018821144692742417,-0.9475551629448783,-0.18010511157292655,0.09765662920031015,-0.42868773945832434,-0.11655200043142815,0.14121808650189727,-0.5688483555216276,-0.15255345865418363,0.15641174507304392,-0.6700051490667496,-0.16953197736034756,0.15728828746535564,-0.7626132026126362,-0.1832168783859848
hello,0.0,0.0,0.0,-0.1497316320786878,-0.07994352010715587,-0.05367473713050668,-0.2868591186771356,-0.23885457853305678,-0.07685066888661639,-0.3826364754785478,-0.37476726136947497,-0.09786955922347629,-0.47763925501741206,-0.4585215861075634,-0.11713316069132305,-0.2216613214458944,-0.5000716766704199,-0.02314529746460719,-0.3040173645832788,-0.6817200307448701,-0.06354416422426404,-0.3567251936909371,-0.7854494373877664,-0.09892526363670784,-0.404769918489519,-0.876878790509275,-0.12531585119952118,-0.1243823338874364,-0.5441335487663943,-0.03145120010910035,-0.167640272266675,-0.7652985776978416,-0.057957812966228685,-0.19745078898779247,-0.8963398938391209,-0.08356886034134961,-0.22762296759943793,-1.0,-0.10391695870784942,-0.02376152308503127,-0.5306702457478109,-0.050986234104536024,-0.03693330688846189,-0.7244190535178386,-0.08403998480964738,-0.051942395658709804,-0.8469770161221676,-0.10570037833893142,-0.07272580271704812,-0.9532875649368677,-0.12243581310109994,0.07724934355539506,-0.47648496886381075,-0.07687223505224418,0.10631740667489971,-0.6175599962005048,-0.10414532094074704,0.1219564560768191,-0.7122874988246891,-0.11333947815213896,0.12885498218430186,-0.8004662863682402,-0.12100993462875928
hello,0.0,0.0,0.0,-0.1332453344235494,-0.10547290657801406,-0.043131208174047544,-0.2447032745563645,-0.2766188901466105,-0.06521561268017521,-0.323450402851848,-0.4120521843441819,-0.08663183835771261,-0.40487108015405,-0.49277115595277404,-0.10998562357843573,-0.1701914204456235,-0.5006846223133752,-0.0465852102366902,-0.23991477967470903,-0.6803741681505415,-0.09737160225369682,-0.28855677965645554,-0.7961226109302275,-0.1394240466513895,-0.3289586228829772,-0.8994076747436732,-0.17097399307276065,-0.07746540674007216,-0.5314001889468658,-0.06392774812844662,-0.11463591689426955,-0.7525649057289935,-0.1019347149883271,-0.14207568686304442,-0.8903967767171781,-0.13421028091040021,-0.16710681722819112,-1.0,-0.1591413974450295,0.02010046899729217,-0.5074611078127447,-0.08871035041401568,0.00990309511066637,-0.713801194853737,-0.12898595506621796,-0.002072822471618772,-0.8424932233974912,-0.1527351152308643,-0.01853324437494603,-0.9502166898072363,-0.1713353475180317,0.12213528679836158,-0.43976131007528624,-0.11840484867630828,0.16539953228981183,-0.5863911218843015,-0.1564280067193392,0.17719350017165286,-0.6901883360764249,-0.1704365832782737,0.17680280560587613,-0.7797482494800685,-0.1803008751288695
hello,0.0,0.0,0.0,-0.10529150493645599,-0.15056021656541455,-0.04266829527179127,-0.17910978075298642,-0.36333444019644745,-0.06752421190993362,-0.2411459620445439,-0.5091128602997195,-0.09224893727058936,-0.30185015552080524,-0.5931578236149103,-0.11892492813621146,-0.0642707144997533,-0.542476454713466,-0.05126893647355696,-0.07697593399889519,-0.7381125488203665,-0.10768091575685428,-0.09445254647020102,-0.8615398381751346,-0.15271433369955448,-0.1078849869737504,-0.963923994035105,-0.1861780403857183,0.021863587961308797,-0.5246973451373719,-0.07423597656866418,0.012936483964896238,-0.7458301760446738,-0.12671281444891955,8.481971064540239e-05,-0.8852044805955299,-0.16983908933834552,-0.010284219366738996,-1.0,-0.19941449164499822,0.11016579581496591,-0.456398149179338,-0.10366708019532647,0.12571349891482503,-0.6575380305829632,-0.1645430449555792,0.12173515886726119,-0.7902970798995421,-0.19948787035915075,0.11340531752503134,-0.9077307083338378,-0.22170537595358483,0.19912700506661332,-0.3430005632097006,-0.1358946618256284,0.27744982149487235,-0.47298324509411493,-0.1926145886760184,0.31426680608480234,-0.5780114791994725,-0.214512925999346,0.3368730781613065,-0.6791830315553768,-0.22775985181069455
hello,0.0,0.0,0.0,-0.11425621638783008,-0.15051257642453175,-0.060537017994180035,-0.15713728417853493,-0.3602729647526565,-0.09104075904481831,-0.17187000813763453,-0.5307914090228465,-0.1168141048770844,-0.2120707315196325,-0.6579253879103355,-0.14446909001979258,-0.005908058228941557,-0.5335958086426156,-0.07263616032156174,0.018070481244794365,-0.746444875542948,-0.12476820547424106,0.03045287727493648,-0.877799237772431,-0.1653832863615992,0.04249261207929805,-0.9949220522605076,-0.19670429380155133,0.09455627165448356,-0.5041809966668563,-0.08543841745429494,0.1541102914619656,-0.727769895696224,-0.1331177534160267,0.18616631748371376,-0.8741665503293073,-0.17655308257442942,0.21350619498574305,-1.0,-0.20895595625814412,0.17361418567351414,-0.42391100969493184,-0.10539000402532404,0.24932614040942436,-0.6164705563386375,-0.16422368625681869,0.2923809310622686,-0.7398871507679206,-0.20807651986751055,0.32901424123065504,-0.8510307091327362,-0.23833195114192038,0.234794251470621,-0.30474931534680866,-0.12914936790118703,0.3353707892354935,-0.4036095851503748,-0.19147025179855293,0.39982288242225944,-0.4733753195859882,-0.22273890030702256,0.45702725780056946,-0.5436835250180002,-0.2420529809323155
hello,0.0,0.0,0.0,-0.11614889455066069,-0.15281505093873282,-0.05527897493811943,-0.16645670270824817,-0.35976442571739853,-0.08807856245590936,-0.18875354393074104,-0.5196287803553604,-0.11751076668500962,-0.23313860122921293,-0.6439647774653628,-0.1491077652140761,-0.0015606721631398154,-0.5396011380972239,-0.06876766147068916,0.028383118392819807,-0.7500101558445911,-0.12244646412300561,0.046095485136089465,-0.8829654239967575,-0.16376045426368874,0.06730995431132242,-1.0,-0.19452599322231187,0.094780653265236,-0.5066718734974227,-0.08392287835018485,0.16245162776959063,-0.7282359676637908,-0.12870026969584458,0.19880851860768764,-0.873671736020566,-0.16831770304653657,0.2296057443752113,-0.9980730288997468,-0.19869754942131318,0.17202658100106563,-0.4288487265718436,-0.10602213245217064,0.2503137983845666,-0.6209226579073176,-0.15438265064811624,0.2927981635478852,-0.7470208374979946,-0.1872553121931771,0.3270321959781937,-0.8579923742803982,-0.21194465810399798,0.23068823117777731,-0.31408137115148,-0.13280182515811684,0.32590552838277415,-0.42513180220683633,-0.1775720442971445,0.38963787127071076,-0.5022731878587968,-0.19649809184669412,0.4451396193382888,-0.5733793624516508,-0.2097947461327933
hello,0.0,0.0,0.0,-0.10941762100050761,-0.11939827188444778,-0.039873046774416936,-0.18577560754238062,-0.3177530803504718,-0.06870172186030578,-0.23689530933715985,-0.4533926379983787,-0.09876222726741972,-0.30096642781929484,-0.5373230094501149,-0.1306670331393911,-0.08603024231663836,-0.5229721428732433,-0.041036602514343275,-0.11282088952821384,-0.7123444083763752,-0.09538398907192516,-0.1386796052692517,-0.8341286197139753,-0.1390932870077821,-0.16096607766234794,-0.9311692634587828,-0.17104410451984844,-0.0028734285970822716,-0.5209463724998513,-0.06356052508703952,-0.016571418444565365,-0.7366259187135812,-0.11600066390981294,-0.0315054516063557,-0.880880943479154,-0.15960994090585612,-0.042889514400311524,-1.0,-0.1908200345921141,0.07699865596485667,-0.46329533345194407,-0.0941007696047409,0.09303916366244677,-0.6776390898082431,-0.15441649498724855,0.09072812781306802,-0.8192112377464477,-0.19734699488340612,0.08531590072868517,-0.946011367036814,-0.22668433785287304,0.15248403426205415,-0.3591752551045949,-0.12710069266658605,0.22803762356082952,-0.483328701160267,-0.18115555562110008,0.2701088201054765,-0.5800885768577633,-0.21048453283782242,0.2976055636191001,-0.6781164597376532,-0.23170935774462528
hello,0.0,0.0,0.0,-0.13891920806966784,-0.09100824524411072,-0.0514676120450228,-0.2518603304417575,-0.25373886749336944,-0.0830677707398371,-0.32737942269133674,-0.39054735468435403,-0.11384496164624991,-0.40525172634338447,-0.4851882008482978,-0.1457050423488178,-0.17594324113445697,-0.48437102703741025,-0.04810638305185455,-0.23490909889909756,-0.6595323183464524,-0.10112316379817492,-0.2707865968997683,-0.7770086704236653,-0.14507707004189252,-0.29855838760677483,-0.8854681352614633,-0.1781280130989788,-0.08163096340091996,-0.5195965981558262,-0.06225404089466746,-0.10128288926383117,-0.7440142726230011,-0.10352350568602878,-0.11380665837525006,-0.8835949780790152,-0.13613268361823586,-0.12606868269429738,-1.0,-0.16175698628808938,0.010990336509117293,-0.49476198949147326,-0.08551287880215433,0.013548209460618849,-0.7004845619840776,-0.12914794285261139,0.01654938363122141,-0.8346745252775135,-0.1563530492885092,0.011121378795908264,-0.9534279450338201,-0.17766816170342375,0.10325781091877859,-0.42352946373124395,-0.1144321177352821,0.15508860304731645,-0.5654092421168777,-0.15236819435639806,0.17498188682997834,-0.664465714999902,-0.16837418288697006,0.17733589105527095,-0.7566852802589042,-0.1811378233753444
hello,0.0,0.0,0.0,-0.14636066996430278,-0.08463643163283513,-0.05243661953299225,-0.2760599520688794,-0.24956653010353544,-0.0763139731346716,-0.3684599127928513,-0.3877246463102966,-0.09786191493870139,-0.46036825354928496,-0.47454293070149045,-0.11886127375084625,-0.20678366158624872,-0.49378891496806876,-0.02918173687499618,-0.28928377435568775,-0.671135096083519,-0.07192797244545401,-0.34052474648486547,-0.7805666206234576,-0.1086482204736933,-0.3812257176656233,-0.8791299714506131,-0.13680219906168356,-0.10859213031849438,-0.534880089713948,-0.039425449818973723,-0.14865830543418426,-0.7555616943795407,-0.06993425137477195,-0.17450268677373665,-0.8889434998021284,-0.09855465562444793,-0.19771937277911927,-1.0,-0.12171913440166562,-0.00992602385671725,-0.5177743202589977,-0.05988192879001483,-0.022221636477227604,-0.7176425519848851,-0.09780896200169516,-0.03461623053250977,-0.8461950252028282,-0.12194627122730665,-0.050568799310758056,-0.9606871429995015,-0.1407319172513119,0.08804928228415548,-0.45908575609063024,-0.08592008028919702,0.1141927993989039,-0.6080171431462082,-0.11841260052514782,0.13002897672371816,-0.7084876215071683,-0.12934273655522405,0.13771884804359177,-0.8037762452226695,-0.138508259142197
hello,0.0,0.0,0.0,-0.1310543713584992,-0.11627893881140455,-0.04254238387458767,-0.23525529893404293,-0.30383933845245126,-0.06460706690302238,-0.309367889975307,-0.4510675745133583,-0.0853013722337662,-0.383960922495564,-0.5474704935847284,-0.10713531829971727,-0.1548532377083061,-0.5051435992854482,-0.050438925564567534,-0.2184944809135337,-0.6901520279782279,-0.1037158195044153,-0.2677299080212161,-0.8001449112141751,-0.14515202502314234,-0.3137275669173509,-0.895613605240047,-0.17518667132356322,-0.05948991731853749,-0.5350244234402725,-0.06898538191927472,-0.08749821781371571,-0.7614736254401551,-0.11030226332690835,-0.11394250756904999,-0.8946419992116447,-0.14322807255929226,-0.14113741225353413,-1.0,-0.16756834913064142,0.041277710750267475,-0.5066141575680316,-0.09463750484759549,0.043903724799286885,-0.7230815588349114,-0.1408369177145611,0.03833276023813603,-0.8563493756057936,-0.1658718126224805,0.02768768668026919,-0.9708703299231174,-0.18352454748468006,0.14352871686181856,-0.43246766005829995,-0.1239731447393344,0.18783093252373154,-0.592596109262696,-0.1662689256604162,0.20364165056209257,-0.7024786467125702,-0.17942751088606196,0.20727898793385005,-0.8004910447385668,-0.18757225196884048
hello,0.0,0.0,0.0,-0.10077847563354424,-0.13772351983335224,-0.04671239384366366,-0.16815615399077447,-0.35001233652398633,-0.0743841937390991,-0.21685321676001,-0.502566315644761,-0.10125257253093005,-0.27001840008485345,-0.596298519298466,-0.13081522710734797,-0.06229432488031068,-0.5383784253770038,-0.060736259697166756,-0.07807358122007767,-0.7352113073574392,-0.12110570558694196,-0.09974193448531886,-0.863042391665062,-0.16847038962398067,-0.11749309996817996,-0.9679048940492887,-0.20367981349920605,0.027093578679937308,-0.5199149508200602,-0.08401644127623271,0.022327970359566428,-0.740093907805651,-0.14349789074041333,0.010207790765269635,-0.8832932965331636,-0.1925002796331716,-6.760050966687288e-05,-1.0,-0.22562296454332667,0.11638838928242856,-0.4474960270474874,-0.11352272653035374,0.1340509002248343,-0.6439777619360422,-0.1811040599583733,0.12981107364631686,-0.7725327065832881,-0.22096047829673002,0.12062172894335169,-0.8885078678344028,-0.2460054002010705,0.20423024414936936,-0.32994670712682356,-0.14575592131678392,0.28016416681347583,-0.4565228573938797,-0.20944555941051327,0.3187664477502687,-0.5573345073516123,-0.2357870255176207,0.34423420003104616,-0.6576698809912375,-0.25155473059184696
hello,0.0,0.0,0.0,-0.11006110658216256,-0.1562983005402526,-0.05312104768666369,-0.15296645872431527,-0.37162287030979746,-0.07726562963854526,-0.16849386248518972,-0.5385246530191858,-0.09796429088083733,-0.20854058251778423,-0.6595376234199709,-0.12023945014392023,0.00019234657837131173,-0.549510740143369,-0.055602248215860406,0.02315688067679081,-0.7549365958159167,-0.10055167429102616,0.03644863250051596,-0.8848386347940574,-0.13756449103496982,0.04984259019610186,-1.0,-0.1673343149427214,0.09997068396842314,-0.5189432956950446,-0.06977974559197697,0.15997295546782273,-0.7320257168999439,-0.11107063504640759,0.19300378184928127,-0.8733451726635372,-0.15168356226782206,0.22036954905400402,-0.9957652429732883,-0.18241597465006923,0.17738612137069096,-0.43915600920061665,-0.09107447965775091,0.25274758038329403,-0.6235546598974901,-0.14501101828014337,0.2924677288729964,-0.748492115356438,-0.18714048748131457,0.3250372947022207,-0.8628225503044888,-0.21654345495513694,0.234380570350529,-0.32134883444122103,-0.11586526214985025,0.33547644699906276,-0.41748569610841574,-0.17434407450137768,0.4003404000785628,-0.48623596655953805,-0.20422612474884697,0.4569315941088118,-0.5554687276134628,-0.22283591723148327
hello,0.0,0.0,0.0,-0.1115276782151548,-0.1513315003138951,-0.05452619906228286,-0.16473250809622392,-0.35506896233578716,-0.08698236507132688,-0.19090981852874722,-0.511316377466958,-0.11665724860124849,-0.2345629232381636,-0.6362328394542154,-0.14830510193408122,0.001306222807034394,-0.5431549762926964,-0.06438025020113859,0.03544904756042226,-0.7498058856280857,-0.1172708575336238,0.055050655425234025,-0.8824836627558565,-0.15888706377712433,0.07766786840329105,-0.9993156300560471,-0.1898487353930599,0.09617164373063986,-0.5097850000334705,-0.07960257002141072,0.1692499201801237,-0.7293928945321129,-0.12299835931556434,0.20997962373914428,-0.8758499834539291,-0.1622596973033351,0.24598748319562402,-1.0,-0.19247061095787468,0.17337884157711853,-0.4316874285659402,-0.10210473905560621,0.25291069691119633,-0.6218441898551775,-0.14961283819000076,0.2952076350003682,-0.7484429666974304,-0.18304180985096144,0.3310693884298579,-0.8586392755702282,-0.20822676349140265,0.2318269569112371,-0.31582383571395933,-0.1294192389728031,0.32987737280408025,-0.41968251917059507,-0.17378771022353182,0.39616061301664995,-0.49417103893318154,-0.19316222799360458,0.45492177943170575,-0.5629528668359983,-0.20680815255225232
hello,0.0,0.0,0.0,-0.10917728502746873,-0.12404138154058474,-0.03582989912712046,-0.18733012674146016,-0.31613476448272043,-0.06226589716230303,-0.2410408478797746,-0.44842386787942107,-0.09126884666580111,-0.30800351320374014,-0.5316702368766452,-0.12292853042974844,-0.0884075663364462,-0.5174827867006218,-0.03075353336049084,-0.12131289018050011,-0.704357008128974,-0.0818933650995473,-0.14729005826023106,-0.8283216101829554,-0.12517602487543578,-0.16892636576120734,-0.9297753993970208,-0.15747187087747477,-0.0034077946144395535,-0.5187434668302315,-0.05465921759639343,-0.02097110217495247,-0.7326031293279962,-0.10285706586212594,-0.03328011184645664,-0.8771775470320445,-0.14670268031653666,-0.04046474146080348,-1.0,-0.17904334146382822,0.07936244396480159,-0.46572777355864137,-0.08640673552055374,0.09061183165381821,-0.6794747068525583,-0.1428773565765905,0.08754238731932557,-0.8206600368086064,-0.18519623317124242,0.08249370229274608,-0.9469735706137576,-0.21466167605820316,0.15867478606122642,-0.36757691206135246,-0.12058773209876963,0.22406379724663122,-0.4911593518119579,-0.16960427688523103,0.26178334672455783,-0.5837321510738338,-0.19520462360751148,0.2872493022338818,-0.6766037179707268,-0.21423534928318996
hello,0.0,0.0,0.0,-0.1426801254251578,-0.09293114897991003,-0.05490510169124724,-0.2575118235732311,-0.25593638657742923,-0.08718762878874046,-0.33518406661623484,-0.39252576932627287,-0.11810606345736281,-0.41687418794139897,-0.480475021799262,-0.1498394945745822,-0.18245745534760438,-0.4941172598183299,-0.045614602704696375,-0.24512233572595873,-0.6736112859543457,-0.09775486435358678,-0.28116243481876296,-0.791707272002818,-0.1416915079024489,-0.3080695959485133,-0.8983366729995207,-0.17473059932075796,-0.0864448435361579,-0.5308401522194824,-0.05741591109351436,-0.11249862852325158,-0.7519986602837657,-0.09784987881905732,-0.12482817561831946,-0.8873058422022163,-0.130516599863574,-0.13473075745938984,-1.0,-0.15600234805466837,0.008476477008275057,-0.5080363340282149,-0.07893811674573095,0.003452772115423483,-0.7126285578994174,-0.12068683621954586,0.005678548948726981,-0.8413803696923849,-0.14601690014479893,0.002757274601405547,-0.9548147784559771,-0.16586219756757759,0.10225649791246802,-0.43942807975931303,-0.10677255495998161,0.14085476205600245,-0.5816314509935266,-0.14175915779763917,0.1590284747446166,-0.6793531826922522,-0.15550066186009767,0.16623430020037996,-0.7699999422536106,-0.16655818592590546
hello,0.0,0.0,0.0,-0.14464031191825344,-0.10218183909854868,-0.042352944583204793,-0.2719112712292364,-0.2767679368434263,-0.059942393642748754,-0.3655133911896739,-0.41126624906248227,-0.07713568932015699,-0.45329717395050306,-0.5010462100378393,-0.09371562988925143,-0.20389716040442996,-0.5145042585467254,-0.01555821693304259,-0.2834487156629458,-0.6943078977590214,-0.054670155858866386,-0.3360098448078201,-0.8028006132586174,-0.08965611892739059,-0.37973241027469645,-0.8988798094784662,-0.11644143969043293,-0.10581574750916602,-0.5519719745692399,-0.028068426484132204,-0.14429643090855304,-0.7682705150794686,-0.05264532608121123,-0.1683060984221813,-0.8948889471015886,-0.07804468778476936,-0.19219649077024367,-1.0,-0.09943350764291409,-0.0044098195085365164,-0.5329193231744426,-0.05028519831235903,-0.0164924684829693,-0.7243168695423519,-0.07990355326628744,-0.02933758208571676,-0.8468831830482848,-0.0991853315693629,-0.04821692342783379,-0.9545795064846845,-0.11578382328633763,0.09651029252545616,-0.4715317072733448,-0.07779500209599638,0.12274597328037085,-0.6164983450882039,-0.10200330073411801,0.13665497653840064,-0.7117952182362017,-0.10810381147585515,0.1402285003401459,-0.7989579733082598,-0.11431878840270934
hello,0.0,0.0,0.0,-0.12489901779109112,-0.1276462029637004,-0.04216683573061943,-0.21186835714778432,-0.3304059092386069,-0.06819880579736677,-0.27803486531605953,-0.47335191291711676,-0.09386989207636158,-0.35549321866842226,-0.5606882252143367,-0.12142340610688217,-0.12412273350457534,-0.532100299441981,-0.0454799550312852,-0.17280335993736803,-0.7153194483810943,-0.10566858029544167,-0.2209100123052005,-0.8249175228015467,-0.1554837587220515,-0.26931411602731764,-0.9200906498939224,-0.19141948769948458,-0.038622969823842765,-0.5449602292624656,-0.06766904198853646,-0.07228067909118448,-0.7649398791635447,-0.1184656339754279,-0.10392009732540956,-0.8937921252851152,-0.15969770803588365,-0.13510714413081748,-1.0,-0.18886879422466882,0.0525135752022997,-0.5023836702694605,-0.09700462551189647,0.04307247162289423,-0.7207313069474858,-0.14952004249497355,0.02850000141328484,-0.8507235026081721,-0.17268731425804157,0.009640767650619629,-0.9675148961725781,-0.18824434784893554,0.14722230290976104,-0.4168670674501918,-0.13039933600169948,0.17375717685587905,-0.5854346022285758,-0.17594627392764325,0.18299428629987535,-0.6995906706120768,-0.1859819945516608,0.1821760244465802,-0.8045407819578734,-0.19147749251776353
hello,0.0,0.0,0.0,-0.09060541878037728,-0.15719586607213462,-0.0673537213230272,-0.14479996248877233,-0.3556566390951009,-0.11061376541034026,-0.1916994555817038,-0.502658003990158,-0.14969807805340773,-0.24024082022227028,-0.6306682059285055,-0.1912122173633441,0.009598249290113381,-0.5530635418466041,-0.09065018517515486,0.037062905736132565,-0.751467432137419,-0.16606778373959508,0.04410369809225542,-0.8838812523288366,-0.22835392514797548,0.04561077092835698,-1.0,-0.27339639168085444,0.09407102393043178,-0.5180890283900612,-0.10748835996109073,0.15284651592103515,-0.7306870486966737,-0.17918788178009243,0.1676340507820446,-0.8708745711352847,-0.2340539060960369,0.1709448698254072,-0.992413563376631,-0.27237810943129404,0.1677127220990344,-0.438393066883925,-0.1323751798834339,0.24141833344982963,-0.6294921452732687,-0.20315170819723508,0.27169284579660724,-0.7653057400370824,-0.24046606872812584,0.2856136017012992,-0.8865619454986731,-0.2644231552096918,0.23181578454564147,-0.3199295188667937,-0.1629613851991862,0.32015693358961356,-0.4509551447409881,-0.2228184480154439,0.36091425366805013,-0.5540225300939576,-0.24461698297424053,0.3852111403930324,-0.6528665904705329,-0.25816951179516373
hello,0.0,0.0,0.0,-0.10206386821040564,-0.16356340455828972,-0.05459690802919594,-0.1437107754808003,-0.3724322277534901,-0.08066161454622746,-0.1534218250520287,-0.5432927350030418,-0.10298956438604345,-0.1805689280762649,-0.6824760530137154,-0.12544153255042853,0.021108584790271168,-0.5461807905604472,-0.05306008556910933,0.049626373621238104,-0.7539763265783946,-0.09813988855697539,0.06683740654375124,-0.8841322438414065,-0.13391850340489553,0.08449591019928337,-1.0,-0.16245535063359712,0.11853079118550419,-0.5090945797741593,-0.06616922189918804,0.18674717868534502,-0.7205535925649291,-0.10650636451698997,0.2267349392508826,-0.8579928846311795,-0.14519213713245874,0.2594911989049468,-0.9833374400164314,-0.1751296232512273,0.1911579783155449,-0.425027213347386,-0.08727563797523423,0.2742903295265608,-0.6031355197244047,-0.14174529811595502,0.3230263181722538,-0.7219059355765988,-0.18146853396259008,0.36395727226981806,-0.8361997163526251,-0.20908029678814696,0.24093681911866024,-0.3053594025342733,-0.11205960921139492,0.3426330135962171,-0.3948966605481178,-0.17064181601087042,0.41441701631889544,-0.4610473221914289,-0.19952026858931246,0.4783747208711449,-0.5307417651073071,-0.2175822845279162
hello,0.0,0.0,0.0,-0.10027252130114525,-0.14948465986478615,-0.05925162532309022,-0.1534580059805941,-0.3457062915607224,-0.09875518889056635,-0.18775048342280598,-0.49609892833312275,-0.13531961946349758,-0.22782060362687173,-0.6214421153938514,-0.17392406921480352,0.00983643592776845,-0.5485920354489852,-0.07358609290869932,0.04876450326703823,-0.7478067036183387,-0.1351826040112204,0.07008080283390446,-0.8804188933802667,-0.1848166592419554,0.09116745616787816,-0.9943254648995642,-0.2209156336208964,0.10008892088652305,-0.5141267404736448,-0.08927802691699828,0.16820677300180967,-0.7315374920206676,-0.1445960158408224,0.20590943871662962,-0.8774444500916952,-0.19080861905922694,0.23746294768775386,-1.0,-0.22458274590228366,0.17425229751147414,-0.4322673007544986,-0.11270906083096745,0.25706167994729096,-0.6284801895735481,-0.17096035052187994,0.307455389179256,-0.7479643085456842,-0.20933543089806145,0.3478477135395222,-0.8507769270116661,-0.2359108331986271,0.2320242954057231,-0.31020694739306065,-0.14099068655610164,0.3327171742275843,-0.42501677466645343,-0.19445193614402073,0.39808020412169526,-0.5022583433856989,-0.2188038062803583,0.4540557156732505,-0.5735423992226067,-0.23465280607192812
hello,0.0,0.0,0.0,-0.11261905949398877,-0.12931413865752545,-0.036756967943074266,-0.19384426905034297,-0.3161206845979952,-0.06614814812583558,-0.25612970599602186,-0.4458552432536707,-0.09860395816103133,-0.329692329900178,-0.5309783185441143,-0.13356044738270176,-0.0953840366955142,-0.5249144164620959,-0.029205093393896993,-0.1313697694402229,-0.708468612192158,-0.07969663435018716,-0.15983364243229722,-0.8291713364741977,-0.12333444773995439,-0.18290994355364426,-0.9307373707568285,-0.15605636402463247,-0.012435182046143594,-0.5289071980253992,-0.052027743221938955,-0.03008579116628045,-0.7416571293102937,-0.09923917465810553,-0.04546643989400187,-0.8821228891938988,-0.14181245319365976,-0.05652720997336864,-1.0,-0.17385656993925083,0.06915551936645442,-0.4785996663444948,-0.08304011034801727,0.07811462888020633,-0.6885141520160496,-0.1359182378740252,0.07134912964162024,-0.8255823866101888,-0.17578526178600307,0.06231707555541689,-0.9477181861145612,-0.204401903672754,0.14789775719608095,-0.38430683211608907,-0.11720297031135604,0.21313063823644632,-0.5161786447733346,-0.16196635745302956,0.25112080873559595,-0.611453704035307,-0.1866384858811773,0.2758216645819606,-0.7069985703303224,-0.20578857834721137
hello,0.0,0.0,0.0,-0.14007676430874072,-0.09119060837461886,-0.051614678755281924,-0.2596102316764418,-0.24826278154357131,-0.08435917452085202,-0.3392357441600906,-0.3787972215905732,-0.11581340446730079,-0.4194536544222021,-0.4681170341324756,-0.14819253625226336,-0.19258502906152322,-0.49351580385819005,-0.046061284487596915,-0.2526608448041522,-0.672805857988594,-0.09725284727135798,-0.28685927537187755,-0.7893758543294319,-0.14048036313347548,-0.3125640488769211,-0.8943337825151105,-0.17302319240405947,-0.09884321108554556,-0.5294714759500582,-0.05994685084569647,-0.12503731701267573,-0.7509661094543824,-0.0997687920463406,-0.1362968651657166,-0.8866298751466957,-0.13234947275311584,-0.14562017554515616,-1.0,-0.15781938493721384,-0.0050709523461249335,-0.506786152553715,-0.08296643833686851,-0.012253262363410613,-0.7138338505507869,-0.12463366555442254,-0.008540629326870922,-0.8417560284540191,-0.1505204138293177,-0.009791892917830974,-0.9535130208655472,-0.17060367900821388,0.0872637498904788,-0.43898431143477634,-0.11169168091811527,0.11916042550258756,-0.584865684691722,-0.14793400353240452,0.1359098000275563,-0.6822909490546462,-0.16220724427147204,0.14384754262376692,-0.7712053977972174,-0.17320064951379335
hello,0.0,0.0,0.0,-0.14821733953610386,-0.09233238041477246,-0.03918499909891985,-0.2777280559022501,-0.26721390165591447,-0.056182446949462006,-0.3684489164696575,-0.4063496450932599,-0.07315020293586363,-0.45980657933113406,-0.4886636285170096,-0.09069659326047039,-0.2136319782943789,-0.5114714264303458,-0.019130709572854027,-0.29368936460506867,-0.6886503021074809,-0.05796315986173391,-0.3444196339387216,-0.7950424768496862,-0.09297575356575262,-0.3872413770318529,-0.891320042617339,-0.12075941079320855,-0.1155077352767413,-0.5527522957025294,-0.03553671694906493,-0.15948624529893612,-0.7710025109598603,-0.06307626251355972,-0.1873779634664943,-0.8961993117076212,-0.0911050233198853,-0.21553460423311732,-1.0,-0.11458622792603093,-0.01452022856953715,-0.535596550423694,-0.06062477901184615,-0.02904280377281893,-0.7339896126874829,-0.09500775312804367,-0.04170091671247234,-0.8570903137196128,-0.11740451189576206,-0.060797575112195336,-0.9650285495784118,-0.13616776304318878,0.08536250767210289,-0.474251715620843,-0.09012099642351036,0.10809360771410145,-0.6249007234980603,-0.12019039070608545,0.1233247428012224,-0.7194018257675082,-0.12856676933025285,0.12894270749290654,-0.8048975357813787,-0.13628415298924645
hello,0.0,0.0,0.0,-0.12380948264756916,-0.13101126398603896,-0.04001677817176248,-0.21526419397543683,-0.3296797982391911,-0.06620476835168636,-0.28743135665223235,-0.4696096400886155,-0.09304053407355067,-0.36429821980205934,-0.5548518290546082,-0.12217994359399177,-0.129023261632467,-0.5233504136579207,-0.042826805662116905,-0.18498710661798648,-0.7079636067950086,-0.10159433769627947,-0.2302105284767921,-0.8170723288777061,-0.15021472811261705,-0.2712917885382102,-0.9154184775568472,-0.18481980848570695,-0.042883296134074364,-0.54052210063381,-0.06569626492643718,-0.07046885472984046,-0.7619414303460234,-0.11473845604142689,-0.09504029489521959,-0.8919835446853922,-0.1545693134660376,-0.11801835579635528,-1.0,-0.18292948645189613,0.04621616245073064,-0.5030739661973569,-0.09569961778202805,0.04298642398127035,-0.7170478615258336,-0.14537454746240255,0.03355616872003935,-0.8498435734243259,-0.16690832327302765,0.021932015577947543,-0.9660155925943401,-0.18143186661619715,0.13609490259100612,-0.4237980653504,-0.12989884235426058,0.14070888329349285,-0.5863862597690824,-0.1698769405927193,0.13195093995810298,-0.6943755824952546,-0.17580427063676654,0.11773358367348115,-0.7863880125823177,-0.1791171776931244
hello,0.0,0.0,0.0,-0.09500212327354104,-0.15436469402239542,-0.05672842919854332,-0.15227001028825454,-0.361134678777798,-0.09451636232611156,-0.19881736021986318,-0.5099927780168025,-0.129713617145663,-0.2527886270563335,-0.6303123689694504,-0.16834180891956618,0.003677778785117206,-0.5539577288932839,-0.08598657014605843,0.0188201283653216,-0.7533815889678981,-0.15481552583261468,0.021109292659645687,-0.8849709790168868,-0.20939934820594946,0.020050130566911416,-1.0,-0.24932486797417058,0.0863959508914459,-0.5101432384262377,-0.1051476654396114,0.1265823890399607,-0.7258158910764458,-0.17140805115278995,0.13318366482078994,-0.864478434289415,-0.22015930545050463,0.129419359654705,-0.98317160877289,-0.2541879591914343,0.1608138790178359,-0.42442237963502055,-0.13072129138350447,0.20916116400225387,-0.6103673394238356,-0.19732361933910095,0.2181589759794964,-0.729782537543919,-0.2290904612537143,0.21564761473377736,-0.8379055188982991,-0.24896653463064738,0.22804522639604288,-0.30619927747560505,-0.1607006007480986,0.30443719043600503,-0.4412624164046565,-0.21750137049516852,0.3438686480625631,-0.5421304576762264,-0.23631050837973125,0.3693895051418855,-0.6418952584766011,-0.24753174556373891
hello,0.0,0.0,0.0,-0.11326939834872164,-0.1536750080648336,-0.05303178276669738,-0.15772922490044558,-0.36914949939271363,-0.07550021092621714,-0.15953833307968526,-0.5443415423252458,-0.09357254087868604,-0.18294321475726466,-0.6815645248388061,-0.11103687198520472,0.0072410160103840975,-0.5465904703928058,-0.050901216048341344,0.03301651807198474,-0.7578066708073001,-0.09038192963774759,0.047719370819581004,-0.8875481906861602,-0.12148571596695851,0.06044482625498507,-1.0,-0.14628081924677502,0.10691953910871396,-0.5127573034486933,-0.06262322769695787,0.17350339310613908,-0.7308181237524481,-0.09542085678277298,0.21158151240456613,-0.869136513394675,-0.12957928331463597,0.24126444839182223,-0.9932341775015527,-0.15625030508939297,0.18298540456084703,-0.43076541587805617,-0.08169509755727906,0.2627538659786242,-0.6171354063530323,-0.12792255495174726,0.30901998022132604,-0.7387461636952627,-0.1641451455349596,0.34851222182200015,-0.855042416030245,-0.19036450724671392,0.23763506760064002,-0.3117154268368283,-0.10444498694125505,0.3376136201378161,-0.4065877204167506,-0.15528105605026868,0.40734572663710245,-0.4759662669603892,-0.17999025195844534,0.46998982861420596,-0.5472161487055428,-0.19560053804409533
hello,0.0,0.0,0.0,-0.11265379571110422,-0.14661326225519747,-0.06079635554932127,-0.15766878352807315,-0.36500407023791737,-0.0883362667632994,-0.1612504515369573,-0.5423789779353112,-0.11064848731912881,-0.1876268654668128,-0.6859318901152972,-0.1328391764783486,0.010228574737030706,-0.544493876030937,-0.05728348195310572,0.03485084894248911,-0.7536138123160022,-0.1022025963923167,0.046468623180548285,-0.8837944571375764,-0.13726369384107473,0.05950940513271108,-1.0,-0.16503507940589834,0.10991874661292064,-0.5089812342624682,-0.06735443473157246,0.17496492397893454,-0.7262828759103701,-0.10576885486505835,0.21209282086129308,-0.8666715985035566,-0.1420423581256956,0.24231229800844298,-0.9931190862499936,-0.17049995028709058,0.18383304208598325,-0.4285407756793846,-0.08589906419385165,0.2620533494780312,-0.6133721613396251,-0.1360177080510083,0.3082306565926045,-0.7344662304543323,-0.17124383404856408,0.3464529029504616,-0.8516245288127551,-0.19680179767033784,0.2384088040827599,-0.31483633379261067,-0.10913682139469182,0.33731255215903433,-0.41165598812071275,-0.16043975399801905,0.4069959912529789,-0.4784600158686564,-0.18434572405136357,0.4679988476935878,-0.5472010657479628,-0.20030493815294595
hello,0.0,0.0,0.0,-0.10224798997463613,-0.1474060088850233,-0.05505792348848109,-0.15386955969759267,-0.3429569902650762,-0.09336423842683247,-0.1833551612046623,-0.49099001857554453,-0.12924214840685017,-0.22641045649109834,-0.6092735773574145,-0.16763417848108925,0.007317561574656443,-0.543528989908235,-0.06825596309612475,0.03452827107338999,-0.7430099722776482,-0.12876577631774197,0.04833775014129791,-0.8752036250070699,-0.1781529344435195,0.06266616579213348,-0.9881836565427141,-0.21363525224678986,0.10090306196319314,-0.5095383542705488,-0.08629578262151312,0.16415277090078742,-0.7312302739405088,-0.13922164798039477,0.19965257184194757,-0.8782983140871194,-0.18548974483721023,0.2300353709351632,-1.0,-0.21944123156099582,0.1769989406492045,-0.4293720884713931,-0.11148399120600012,0.2549609995769891,-0.6255024448315821,-0.1657152014785362,0.30259815059662365,-0.7430457490300187,-0.20067343038340807,0.3415997893223993,-0.8442830168045953,-0.22534894016015825,0.23512701644404901,-0.30957125962014004,-0.1413149498139765,0.32546320039722615,-0.4321646434565854,-0.18889447015887828,0.38357020380070683,-0.5132861717005078,-0.20733961481650315,0.43323250425630466,-0.5870627558392378,-0.21947663202066342
hello,0.0,0.0,0.0,-0.1419759353692775,-0.10293771844382055,-0.05448139370380483,-0.26355732538818544,-0.2620496189766802,-0.08782548211267437,-0.3442635650031513,-0.398247521916003,-0.12149667760915062,-0.4194737294447946,-0.4847874863920243,-0.15650955505142417,-0.19354483469890563,-0.4894896006417235,-0.049069401496161444,-0.267454649630436,-0.6731510915028935,-0.09531312750315164,-0.30903076834928095,-0.7849686586833209,-0.1346521809610099,-0.33935793273362747,-0.8840606199507248,-0.1632918704126801,-0.09964521858706239,-0.5267830172463187,-0.05824082259855072,-0.12526098664985963,-0.7564893141580245,-0.09202500368489691,-0.1388658683320919,-0.8937822150919613,-0.11726166786870484,-0.15153772990316852,-1.0,-0.1383367194357707,-0.0058841459920930496,-0.5118234114478886,-0.07710399440282506,-0.014353406291182032,-0.7273877843350713,-0.11341641920085405,-0.017241849538761244,-0.8565471838652381,-0.13935068551610072,-0.020709333638915944,-0.9612896350197674,-0.15871980543817715,0.09013476193204607,-0.45544021085200254,-0.10284469800679,0.13077029737007964,-0.6077666876754713,-0.13238964729917527,0.15480215435741707,-0.7029743883573024,-0.1465030518714551,0.16533902480948834,-0.7862124563112359,-0.15790335554417612
hello,0.0,0.0,0.0,-0.14929586520840218,-0.0994636885386495,-0.04110767596883762,-0.2788809572049411,-0.2758494271997565,-0.05499027885075265,-0.36602137036261106,-0.4187915755126024,-0.06891970691408227,-0.4441757981580325,-0.5169207992575527,-0.08236211000604984,-0.21012324466084045,-0.5082215226598,-0.01521008502591422,-0.2872835607335959,-0.6876877354889488,-0.054727031636794155,-0.3396368944734395,-0.7975309706567524,-0.08918989122676992,-0.38289150207129063,-0.8962294131356733,-0.11557549515042478,-0.11386229669450175,-0.5481090726622786,-0.02827308174884871,-0.1529271335471878,-0.7662207441906694,-0.053919311945341664,-0.17715593553884545,-0.8935602328739455,-0.07923863735690662,-0.19912628715784755,-1.0,-0.10033672847815346,-0.013688698454385952,-0.5322802421188148,-0.05098310477077914,-0.024250861332663697,-0.727072746129134,-0.08272331604787775,-0.03447185644833706,-0.8495468340803533,-0.10253476633737213,-0.049336718857270985,-0.9576436211937375,-0.1191034543311183,0.0862008857702774,-0.4743490285335696,-0.07900500888170654,0.11721193242396624,-0.6197778035276019,-0.10698232429625389,0.1363817504325229,-0.716906022005822,-0.11538482598846228,0.14822360576347912,-0.8070371052529495,-0.12263152318183103
hello,0.0,0.0,0.0,-0.12082019126464832,-0.1343444453474881,-0.04704890008663704,-0.2122186013882379,-0.3301061274234197,-0.07848885238366468,-0.28859246789834403,-0.4681666593062423,-0.1101669205951298,-0.35043982556165293,-0.5433966292719996,-0.14384438778773898,-0.12404999497140753,-0.5366940660011111,-0.05413880182558988,-0.17608349467507314,-0.7298818262214933,-0.11891083417360361,-0.21987616426141604,-0.8463258431427998,-0.17146048363803068,-0.26021017660936296,-0.949083676644557,-0.20954862329756838,-0.03785967270481247,-0.5421049057166746,-0.07630378051190381,-0.06888874786563155,-0.7631843447360533,-0.13347637955692895,-0.09755481753384218,-0.8912522654953324,-0.17727807957992564,-0.1260738024187468,-1.0,-0.20739322506953797,0.05259697420993885,-0.4935188061317407,-0.1060623938475331,0.05156936000058389,-0.7014639698566498,-0.16662159219464157,0.04252123358733601,-0.8299439506774868,-0.19543802481836814,0.02453507786524931,-0.9464598399781884,-0.21361507221937753,0.14652106139051654,-0.4009647475256913,-0.14002282760785764,0.19259570994880731,-0.554830893940243,-0.1932751579244066,0.210009360727967,-0.6599237756923655,-0.20842730284485403,0.2095450973202736,-0.757231802525875,-0.21707703855613636
hello,0.0,0.0,0.0,-0.09302834323572617,-0.15917812840873138,-0.06172115919702795,-0.14803906207320508,-0.353160931443264,-0.10152136814081873,-0.1946357186123563,-0.5024094121658655,-0.13795461718824997,-0.2502186690871849,-0.6259048878018969,-0.17668714092067464,-0.002784556469453264,-0.5501447688411109,-0.07713528497992932,-0.000261022152664341,-0.7506023380332929,-0.14545538710754802,-0.002547907590473772,-0.882950054599735,-0.20183660732007577,-0.0026563266354856854,-1.0,-0.24316404424222357,0.08623948602408872,-0.5190048500413325,-0.09323137841241265,0.11317171331507139,-0.7316048720132985,-0.1550747257993996,0.12076680960451061,-0.8665931266167555,-0.20393644589216212,0.12561841178705924,-0.9839997262509163,-0.2389377726146952,0.16705549842444195,-0.4420065567708174,-0.11712146395299805,0.22078884160313708,-0.6298555193158194,-0.1792960267198809,0.24574407222173195,-0.7591062692742467,-0.20995710974569676,0.2618223884727623,-0.8752990078396695,-0.23025090674754395,0.24287426932707554,-0.3260876273218395,-0.14639507886367842,0.31970363059722323,-0.454069646329391,-0.19970421601977362,0.359254610060639,-0.5510390158480308,-0.21622905544732587,0.38501704028013656,-0.6459359367111329,-0.22595297109178583
hello,0.0,0.0,0.0,-0.10776827107094582,-0.16776323315047995,-0.05536101459038827,-0.14363949296172168,-0.3823135036256411,-0.07993042305255342,-0.1407768849035053,-0.5536708908618336,-0.1004911499820926,-0.15417842763419784,-0.6939196610625822,-0.11980221014406223,0.02488231807917482,-0.5467292409139828,-0.044829014734638475,0.045221717868266086,-0.7567577851163165,-0.08588764509937959,0.05495559670338906,-0.8858284886696157,-0.11939444442566609,0.06353198200508753,-1.0,-0.14544563470662167,0.1232672214640457,-0.5087493531016324,-0.05457677825436283,0.19440786011920028,-0.7142574353276225,-0.088727119542168,0.2336610149001555,-0.8455575150144238,-0.12386791671601985,0.26485265407138386,-0.963034499400001,-0.15068241094805845,0.19642832630986534,-0.42629320070983623,-0.07263710301721091,0.2784295125811949,-0.5977617858320287,-0.11775066333149815,0.32578704864314495,-0.7129141504156404,-0.15184663234491583,0.3668734333259402,-0.8221639361474887,-0.17597196795542774,0.24778176171647634,-0.31184607274593396,-0.09506974130054192,0.3482747891815715,-0.4032495309460044,-0.14218668475181123,0.41758171629813023,-0.4712998677666287,-0.16409287900988231,0.48056595690266146,-0.5415388222102937,-0.1775960320449043
hello,0.0,0.0,0.0,-0.10552408079343077,-0.15968642415878112,-0.056851927381560946,-0.15020271536159155,-0.36374286066367484,-0.09094334820998767,-0.1641772323684259,-0.521038074461658,-0.12170547010646511,-0.18618889858211218,-0.6573441014180103,-0.15305409047824842,0.028718876360577954,-0.5534533810959467,-0.0572731471539906,0.059314939432582994,-0.7581605307910628,-0.10965760869815656,0.0742806697616181,-0.8878449468250764,-0.1531486687494084,0.09058245775136772,-1.0,-0.1849252852439568,0.12315336040283889,-0.5125708488077845,-0.07091732855434986,0.1996111506848611,-0.7260201328886661,-0.11351251837965524,0.2411205948063114,-0.861964366982415,-0.15282040581893885,0.2766164333623804,-0.9780993252039972,-0.18260131830544885,0.1968883733491862,-0.43085350931734406,-0.09283620618759678,0.27935744412830316,-0.6216184482176088,-0.13910323715983142,0.32678944903591045,-0.7388736610513005,-0.1700316932178152,0.3668261459557946,-0.8420447115526403,-0.1928776765338594,0.2507582475984798,-0.3155809066860765,-0.1200103653052358,0.3467552999013804,-0.42886019156359984,-0.1635804700299826,0.41392627795848724,-0.5018006430159905,-0.18073367661119852,0.4741814015829799,-0.5684087098036994,-0.19195188635022428
hello,0.0,0.0,0.0,-0.09667230976770387,-0.14863430036912403,-0.055523164308592284,-0.16533293801977555,-0.3397326296752005,-0.09509095193626621,-0.21307475873519427,-0.4826828942882132,-0.13372978111633646,-0.24000177891101,-0.6034081563069807,-0.17221660976273342,-0.022404316824050877,-0.5489157240909024,-0.061771270509579576,0.002062943801236343,-0.7590788205820004,-0.11988500592621536,0.018757312065463924,-0.8901069422002165,-0.165110912800224,0.03466563885141646,-1.0,-0.19602608839356492,0.054379412069911204,-0.522498539810546,-0.07383288383362305,0.08766983411654831,-0.7409816623923389,-0.12932118008160323,0.09911700787168122,-0.8833137554293846,-0.17051419192618572,0.10588635723497931,-0.9984226989044873,-0.19812483277887705,0.1259559126554694,-0.45345449693879064,-0.09407017573809552,0.15776224854351661,-0.633448211453222,-0.14932669470573418,0.15019867471129758,-0.7337880427531612,-0.17589983018463184,0.13856305498317448,-0.8096878307662659,-0.1895487176240377,0.19144331944794463,-0.3516133833404984,-0.11992809263330284,0.26423718813466357,-0.4921114191262582,-0.16515636397652889,0.30800610759446756,-0.5934896600797545,-0.183294689131813,0.3410151059193264,-0.6881621773870762,-0.19260998628407297
hello,0.0,0.0,0.0,-0.13173187498641134,-0.09757025921692193,-0.03285537391059396,-0.2375393181911047,-0.26436664829976786,-0.05566215066673849,-0.30367507597839877,-0.3919803976051802,-0.08146177453293514,-0.36646259066069714,-0.4693842565658166,-0.10995159751648309,-0.16176382383095506,-0.5061855530089043,-0.026991984817314307,-0.21430457914008755,-0.6825053335993648,-0.07124561694296139,-0.24694053572239413,-0.801435695773509,-0.11213821150378295,-0.2726869525596002,-0.899949480827633,-0.14276869479687057,-0.07418338558660675,-0.5306647645764017,-0.04805075857296857,-0.09477214874005464,-0.7503287360128721,-0.08289072479909196,-0.11232521500084257,-0.8908541645500433,-0.11500203566698593,-0.12679198942075953,-1.0,-0.1405321853306898,0.014592562321114362,-0.4998883472081818,-0.0767559561780089,0.01565668832864893,-0.7091587872903858,-0.11293913303130972,0.012367550382047234,-0.8391695597009605,-0.14189499931445734,0.007273898141993789,-0.9462454322466902,-0.16547463503432758,0.10219386806714416,-0.42487072786720204,-0.10981499698522448,0.15454868111269016,-0.5636090705550633,-0.14031226051548232,0.1830947239436454,-0.6533143800460519,-0.1543738527536577,0.20054613399512458,-0.7329317679909195,-0.1664629560532119
hello,0.0,0.0,0.0,-0.1578257886679239,-0.07067948605014374,-0.056947781183130035,-0.29642687441046417,-0.236967585254837,-0.07916080784316967,-0.3887364659935483,-0.37831279750059316,-0.09923126762163602,-0.4809706998686384,-0.46367276236795524,-0.11831100179925003,-0.2370735489944054,-0.49786535789445935,-0.02349386761366302,-0.3181637152636009,-0.6777458786342251,-0.0616510192176827,-0.36504405403893525,-0.7893611891086251,-0.09464614170289246,-0.4050188747911106,-0.8885627960538794,-0.12016076990712214,-0.13791180704826045,-0.5456514037302066,-0.030654431211517768,-0.1703442985656959,-0.7676790661816854,-0.05791489722049768,-0.19311518605702366,-0.8984502160104266,-0.08323887669259508,-0.21639055868224316,-1.0,-0.10317729973610772,-0.03543934122445988,-0.5346354185085475,-0.04954164396651713,-0.04358530370377991,-0.731553982674157,-0.08564444004611596,-0.05237257828167708,-0.854865233798575,-0.10972310044068943,-0.06556866456753871,-0.9630000083587902,-0.12738402644032035,0.06510751654558208,-0.48357645624591306,-0.07494354906338586,0.09515132303573254,-0.6343811826916461,-0.10613788675464945,0.11749771258493014,-0.7348241985688465,-0.11881713457927431,0.1339849760392066,-0.8286545755695712,-0.1286551010399504
hello,0.0,0.0,0.0,-0.14641912688563755,-0.06962417537622452,-0.051075572429932464,-0.2823126101325848,-0.23334421221823473,-0.07311956064203719,-0.37643323933632783,-0.3739529825774443,-0.09216333084644841,-0.4667294460024613,-0.45842038591231704,-0.11179710855858023,-0.22257179419041748,-0.4892538976937624,-0.0415420169824491,-0.3030709415094388,-0.6670912871741816,-0.08479942763154444,-0.3540789368448482,-0.7755779783849887,-0.11979356464357484,-0.39532147749876806,-0.8755192840059752,-0.14696457942423846,-0.12330205546425319,-0.5347835789897343,-0.05270346264435399,-0.1612956364921659,-0.7562079948194148,-0.0851878586469443,-0.18514258219148041,-0.8884724884610721,-0.11400094542948613,-0.20957556869048324,-1.0,-0.13704216565337615,-0.021839081942513047,-0.5242434875039023,-0.07278713115914111,-0.030123761290605545,-0.7256710509002815,-0.11330607815618188,-0.039142184875684015,-0.8558582150200851,-0.1381550207543692,-0.052703295399134674,-0.9712300793857601,-0.15672100420126434,0.07612080464188689,-0.47174065598385967,-0.09780784350250452,0.10711827368866438,-0.6291714933656002,-0.13508477261259452,0.12909615816264663,-0.7340441588127997,-0.14883159279623698,0.14413830201676467,-0.8304041398242007,-0.15867236655585062
hello,0.0,0.0,0.0,-0.15049563048194856,-0.09541102263235765,-0.03010726588462887,-0.27676194607938115,-0.2596865576243442,-0.04325926454053042,-0.35691265230348085,-0.3864422171780628,-0.058276481434052244,-0.4305156541810521,-0.4540791098519275,-0.07510314195374591,-0.22119491644045935,-0.49788178363209695,-0.027796707706378147,-0.30527475112313823,-0.678504215566396,-0.0696567443858759,-0.35894217840727194,-0.7881308398711758,-0.10391161171755425,-0.40569409466609097,-0.8826642781640842,-0.12911453936819675,-0.12272323106519437,-0.5391855551414828,-0.048704892516521416,-0.16704187252070776,-0.7675732686412459,-0.07847123377256325,-0.19349599848830523,-0.8989812899817541,-0.10586992769277742,-0.22000164135227993,-1.0,-0.12630551236994852,-0.017771465589808227,-0.5281295233282683,-0.07641037487940576,-0.035427517357500035,-0.7344313975648749,-0.11009591893876548,-0.049412158267094074,-0.8664859093634089,-0.13327593481582034,-0.06674526432261238,-0.976415644709664,-0.1508564833802461,0.08788689338937715,-0.47458443203320616,-0.10769493371472988,0.11514904923038483,-0.6353577499017086,-0.1364836852866109,0.12847275631436408,-0.7373271263682178,-0.1446481981720583,0.1342130963804588,-0.8240866383740841,-0.15060442332006452
hello,0.0,0.0,0.0,-0.11043437597578096,-0.12325131336693547,-0.0505060821727052,-0.20080781590900829,-0.310950484734366,-0.08334283896687972,-0.2776699732620454,-0.4402774741323113,-0.11452668973283821,-0.339652824915451,-0.5086361750730949,-0.14895354151921145,-0.12877818653022624,-0.5203222648128218,-0.06843278138241911,-0.17792318453073122,-0.7132608352460923,-0.13602877021612336,-0.2233551725666295,-0.8397039950557942,-0.1899547992339505,-0.2638049817555417,-0.9452807559933805,-0.2290965328036044,-0.04038208034135339,-0.5257680874618464,-0.09099112530253492,-0.07620578513919524,-0.7464258715233563,-0.15300591160557073,-0.10750821585781324,-0.8831552878052716,-0.20036820292228424,-0.13436556745071107,-1.0,-0.23231762154980895,0.05238851258984655,-0.47393659484254785,-0.12014321179924534,0.04829378084837354,-0.6864403361143662,-0.1862746888060486,0.04089739228996712,-0.8169063280157888,-0.2187131495534464,0.029888466524270085,-0.9365253084277096,-0.238716332435777,0.14741345523197877,-0.3781798320424182,-0.15295327857192093,0.1954191394751114,-0.5311849012478542,-0.21312692027237318,0.22143573204675082,-0.6385825597221524,-0.23103972199567394,0.23393058390732702,-0.7405473437094592,-0.24055643433781218
hello,0.0,0.0,0.0,-0.11591787458092306,-0.15248080069332803,-0.06275262565074019,-0.17120524761012756,-0.3707120394828795,-0.08386692222624909,-0.1848404802731928,-0.5487230030905653,-0.10060327718795369,-0.2043153768222538,-0.6841057560822547,-0.11714987950295723,-0.0047213967883427245,-0.5465709248368834,-0.053559207822607,0.010987165489808638,-0.755014381796472,-0.09720086696959834,0.017007398729068618,-0.8847951740017047,-0.13138557053531486,0.024894162922615162,-1.0,-0.15865037409540905,0.09264069989507062,-0.5231863435653133,-0.0611527707073111,0.14956303309397875,-0.7363036566933367,-0.09635541958200702,0.18518546852647028,-0.8694062206931508,-0.12972277208434974,0.21862054971528452,-0.9854177193301374,-0.15608784057259326,0.16568762133331585,-0.4518703742764324,-0.07800396616871802,0.24276147007011362,-0.6322102818156947,-0.12804178919447992,0.28381883660149293,-0.7417636027799666,-0.1602219164139074,0.3208262037582469,-0.8386813798510102,-0.1820432886365607,0.22184444733452555,-0.3415149343726939,-0.10043839532851923,0.31808572684871994,-0.44055534244243183,-0.15644208801429466,0.3807964796383464,-0.5093147435544816,-0.18054398316676648,0.4344259418537539,-0.5725503253587738,-0.1940849997928688
hello,0.0,0.0,0.0,-0.1105194161025976,-0.14273633551933793,-0.05665126167594451,-0.17005018169148545,-0.3359719953331278,-0.09562292944257318,-0.20565166877716703,-0.4877959404196886,-0.1319582832189912,-0.25740447760471014,-0.6039112126773019,-0.17012070015693856,-0.010372489466762579,-0.5515413499970782,-0.06353839790896289,0.01389281756796407,-0.7525801687120768,-0.11953710812353734,0.02507864324678616,-0.87999617859524,-0.16602930750937775,0.03860648967978504,-0.989677546898515,-0.20043660560758503,0.08122741656788675,-0.5216788377876838,-0.07991331965815818,0.1354479502535513,-0.7453887902230905,-0.12815384084822162,0.16415189985810152,-0.8834427398491024,-0.1710584221128282,0.18931933312562518,-1.0,-0.20355972407009015,0.15748075240222076,-0.44785294017913385,-0.10393123488441422,0.22812584562837,-0.6481202422912878,-0.15492134172615749,0.2704889871247725,-0.7674475916596002,-0.18826509112638026,0.30540615333239435,-0.8725341377087845,-0.21297735289947406,0.2185898709840528,-0.3347792166843807,-0.132904329239325,0.30531822177870815,-0.45920322361736066,-0.1794131614242849,0.36379650676266617,-0.5408460155999406,-0.19829502158012488,0.41455619184997133,-0.6167329086415072,-0.21137793680423475
hello,0.0,0.0,0.0,-0.11040270009903434,-0.1190540720049673,-0.05070493627660849,-0.1932516600523577,-0.3021589579084282,-0.08677381286265264,-0.25166679888305454,-0.43338794917028206,-0.12275846329609362,-0.2981632701013305,-0.5250104745622262,-0.15950982580341883,-0.10264884870544647,-0.5156019215034795,-0.04486027886167694,-0.13237927383657916,-0.7146762400637058,-0.09969228209233204,-0.15795395566230058,-0.8406947618348595,-0.14408569850718658,-0.17374187189092777,-0.9399431291175615,-0.1760322409013051,-0.02350396381629072,-0.5151893947412929,-0.062117908920146056,-0.038946178779665226,-0.7383602081558978,-0.11394175062898045,-0.04836339763392376,-0.8833878793786404,-0.15753222147596482,-0.04948343716390963,-1.0,-0.1888479201286837,0.05449145273395961,-0.46440893807597006,-0.08852884728272713,0.062389307548268484,-0.6841446650454843,-0.1459826353287682,0.058119338589264324,-0.8250028091135787,-0.1847017731740071,0.05599022823960587,-0.9452348477111482,-0.21087593612213631,0.13244569221560312,-0.3709715392011509,-0.11902529384128964,0.18495436440868218,-0.514991535437055,-0.16873732771163863,0.21705805431604308,-0.615416589798928,-0.1922300376257042,0.23946256713665134,-0.7095976767758309,-0.208451912466492
hello,0.0,0.0,0.0,-0.14695892078258477,-0.08864579069458652,-0.04406168016103299,-0.2700125797444754,-0.248354584162063,-0.0724454937110079,-0.3551039149848602,-0.3776206708022894,-0.10245326970686687,-0.44023409741551267,-0.4466326418575103,-0.1341322946099144,-0.2151451079958135,-0.48608002746034185,-0.03400842000739548,-0.27994721778546783,-0.6602434732036203,-0.08448521852300811,-0.32090826979236237,-0.7749629109261408,-0.12887576856299823,-0.3526955140988445,-0.878275452060756,-0.16157678840791675,-0.1242320653702031,-0.5294610970371585,-0.050783500990047026,-0.15117065570684587,-0.7523169351140752,-0.08911263243557346,-0.1688251423012551,-0.8903015303919307,-0.1208027041180078,-0.18269121592579912,-1.0,-0.14600596642010727,-0.029063943849196958,-0.5203211401038281,-0.07688278591445176,-0.038544157201463404,-0.7235402855980475,-0.1147922646538592,-0.0427346573271859,-0.855273793373169,-0.14009076346602203,-0.05008689404472573,-0.9643662593041207,-0.16018723627854736,0.06853980906418618,-0.4698844964361138,-0.10899660112448828,0.10451605456943511,-0.6307904328988485,-0.13808947738669408,0.11667634931843167,-0.7366304147018753,-0.15015441852195888,0.11588991230902577,-0.8284787252925312,-0.16107161879621254
hello,0.0,0.0,0.0,-0.15876143301062698,-0.07147122992631676,-0.04964000831396693,-0.30679233420590646,-0.22814864020027467,-0.06912056999026285,-0.4098199357663853,-0.3541618425399614,-0.08723741523671204,-0.5032803609157104,-0.4343801586485043,-0.10466396782279233,-0.250459655008319,-0.48236819580964024,-0.02327315987782552,-0.34536697884026046,-0.6540734677057914,-0.06358806156336747,-0.4030021383153702,-0.7617103102525394,-0.09785607029416586,-0.4499415132605685,-0.8593116345584556,-0.12461569624235277,-0.15421374629758172,-0.5371350754572594,-0.03465972485348477,-0.20383924928489816,-0.7579852248027209,-0.06401427994435571,-0.23683125388022666,-0.8900992225023421,-0.09047357855546871,-0.2674647864765737,-1.0,-0.11154090182819608,-0.052192187235747575,-0.5337002519992584,-0.056588341374027344,-0.07690931582866439,-0.7378971540072986,-0.09420081874417904,-0.097126399494427,-0.8669233260427376,-0.11782389987284689,-0.1206253371233211,-0.9823651418490063,-0.13590062371146638,0.05205984894160583,-0.4872049907960413,-0.0841225280880227,0.07418002514291858,-0.6420017042457654,-0.11733282300289322,0.08704208574924241,-0.7478857769859499,-0.1293958741918883,0.09075230859064196,-0.849240215313726,-0.13907205154800537
hello,0.0,0.0,0.0,-0.14310852035874347,-0.09925767134162052,-0.03861623838857929,-0.2654765297442185,-0.2736685791680954,-0.06076719794133224,-0.35768222628356583,-0.41243382406363077,-0.08328605106245575,-0.45080440609015665,-0.476098379123538,-0.10764654192054522,-0.20314655233659668,-0.49824089367909385,-0.04275799426837508,-0.2810637157612334,-0.6774374339648136,-0.09604789121662119,-0.33918969313561137,-0.7874606670904357,-0.13968483381664548,-0.3910017616532248,-0.8831294156946654,-0.17172115688899445,-0.11418976686177738,-0.5382124058885491,-0.06420948938810503,-0.16956629443442514,-0.7621922971437947,-0.10553645715958287,-0.20711663935223923,-0.8943662217270207,-0.13959084133296107,-0.23949998646119497,-1.0,-0.16496819195771661,-0.011511067369898115,-0.5258670264146108,-0.09249609127940907,-0.03598252448580021,-0.7487967889707801,-0.13692232275436939,-0.051717028787252824,-0.8811384070697763,-0.15934737608519692,-0.0694122469617447,-0.9941128986206237,-0.17561889172627007,0.10073661823170338,-0.4706866104435393,-0.12492195660341948,0.12993713973038742,-0.6414199230620541,-0.16405629981990177,0.1369160586045272,-0.755859554602805,-0.17440718543201258,0.1340347059894333,-0.8555527465141598,-0.18090480648970692
hello,0.0,0.0,0.0,-0.10754640689979335,-0.14431587190050818,-0.04634363526454161,-0.19438328245976805,-0.32965627291596694,-0.0779880007221091,-0.2732498711943475,-0.46084039193371884,-0.10891253545065083,-0.3297628488740889,-0.566418750989261,-0.14185070076325224,-0.0858861724466087,-0.5343764740027759,-0.055368100079507966,-0.10094439336097599,-0.7293902886898416,-0.11602148886271747,-0.11602932155225984,-0.848422343561018,-0.16466751219665013,-0.12458121945552976,-0.951587934310478,-0.19970307685968247,-0.0011417044444895893,-0.5252402436640308,-0.07660275059422111,-0.007810296313440146,-0.7463035261769603,-0.13062918269758308,-0.017169361538496103,-0.8832257226264493,-0.17430425082803636,-0.024091102951679384,-1.0,-0.20419032657151917,0.08579465888636857,-0.4673775991892126,-0.10491922796515171,0.08732899827396312,-0.6767840413514717,-0.16615001921506303,0.07606447642946744,-0.8166675178820092,-0.19937920366152972,0.06400000202519636,-0.9438533929981494,-0.2204841862331329,0.1732775720832252,-0.36533073956310314,-0.13611466434971548,0.22822861707505068,-0.5105216228632518,-0.19121407079630787,0.25609936929689675,-0.6202425210606182,-0.20892828926322538,0.2720242476759448,-0.7239109933796964,-0.2189773135710876
hello,0.0,0.0,0.0,-0.11816490569230846,-0.14813603198220704,-0.05335101594662088,-0.17571367548277622,-0.35210136162760397,-0.08013389464322968,-0.21027604575912248,-0.5158660874648852,-0.10410061324976326,-0.26077845620996787,-0.6348116510758989,-0.12999260135391438,-0.022318501172451287,-0.5440688430644551,-0.054624555304202,-0.013829252202807046,-0.7534001533046356,-0.1024108431793385,-0.009464291410477142,-0.8805515706976125,-0.1413291251487001,-0.002474980394414027,-0.9946477084560705,-0.17169229948805856,0.07578385892815497,-0.5209109802296361,-0.068777704775967,0.11837323394530606,-0.7423011982121718,-0.1100182387177139,0.13931671771197002,-0.8808067600735338,-0.15020337071486428,0.15822925569192325,-1.0,-0.1812617100750941,0.15706791481946722,-0.44820830380371607,-0.09035696536729707,0.21871677818573979,-0.6389560589744685,-0.14158337539206278,0.24993698261356834,-0.7604824861965023,-0.18027792892621597,0.27619474693179025,-0.8692202200906496,-0.20813056317394182,0.2233015278317823,-0.3358259078721784,-0.11587497178561548,0.31011583292812683,-0.44607001039030797,-0.17023400171707537,0.36492984870797324,-0.5228433648501976,-0.19660942820263821,0.4130366115893542,-0.5974385048041884,-0.21353028887083073
hello,0.0,0.0,0.0,-0.11436040802413205,-0.14207863573752846,-0.05484422016576307,-0.17551315838076142,-0.3500353849443548,-0.08571331037839099,-0.20768527504460982,-0.5150586359905975,-0.11318223144369957,-0.26565203837601703,-0.628613057165889,-0.1421436213377288,-0.023622469931744185,-0.5471117590362616,-0.05826976812114979,-0.012427228244969389,-0.7533896885064051,-0.10865058444548933,-0.009590808938043947,-0.8791523947817145,-0.1490369273907207,-0.0025723582809652774,-0.9915056961644305,-0.18004334435483946,0.07581209949093481,-0.5199727145460687,-0.07289634128771824,0.11740222233043697,-0.7411293197335515,-0.11593411863008077,0.13861618985502078,-0.878175969705324,-0.1545600813632223,0.15678220806398405,-1.0,-0.18448341355774453,0.1571060854307716,-0.4469883430988622,-0.09534797504708963,0.2182700833044796,-0.6381034053263895,-0.14602220937555982,0.25181912612160434,-0.7609394565327561,-0.179631659667222,0.2783291404379042,-0.8751176675614833,-0.20413833781658108,0.2234325658308867,-0.3385857959963696,-0.12232471339239326,0.3093400787760759,-0.45540851557186784,-0.17077144406510086,0.3658689492991327,-0.5338658904857381,-0.19192561122544405,0.41391412444022835,-0.6116654134632012,-0.2065691275622709
hello,0.0,0.0,0.0,-0.11773226113153194,-0.1355011371308206,-0.06999659843313802,-0.17986810822299754,-0.3292519725139849,-0.10807799356183341,-0.21304564640892207,-0.49196372439720204,-0.1397766905597298,-0.2613410482454208,-0.6168225690965216,-0.17069848910323807,-0.021513916868220934,-0.5351881374391629,-0.06629264831871813,-0.0040651212020278655,-0.7422602341458316,-0.1167550609040345,0.0026713329061388404,-0.8716335241740798,-0.15737943653597544,0.014232215504938715,-0.987785641090237,-0.1883003200233264,0.07546840462546373,-0.5105845492326087,-0.07220686136221889,0.12627749727975893,-0.7302922462180098,-0.11400660296298153,0.15135647293686705,-0.872762829686845,-0.1512259363073376,0.17245350284128091,-1.0,-0.1801032942966172,0.1535643456761577,-0.44201491074542243,-0.08738427465875477,0.21764541283610486,-0.6342075001536663,-0.13564379209473965,0.250497064815384,-0.7582575614245645,-0.16597799837061128,0.2766282919460796,-0.8717910400477799,-0.18795441301903218,0.21665008416623427,-0.3396687193795389,-0.10883533663506655,0.3029684043099271,-0.4581805452497794,-0.15492118549984787,0.3608238080194512,-0.5366145522201092,-0.17385122043227447,0.4106517080438232,-0.6123011819622616,-0.18631021487264568
hello,0.0,0.0,0.0,-0.10865710348461621,-0.13110989873413206,-0.06623300614178079,-0.19240963860608465,-0.31196780284265707,-0.11213813883217713,-0.2527370578808737,-0.44595788615657167,-0.15436207558176904,-0.29109581269304574,-0.5586785640331539,-0.1973966715604208,-0.05038256602724134,-0.5348838925591275,-0.07478353105037744,-0.0370972595503746,-0.7400560231324972,-0.14056012000581175,-0.03484437858166531,-0.8744997330577133,-0.194305863643185,-0.03427709931612221,-0.9861076235285349,-0.23157703081965886,0.03800930980059187,-0.5165980537966967,-0.08721139959140269,0.0738159229213603,-0.7358891281457661,-0.1485600245572623,0.08274958734799957,-0.8818942896244782,-0.19579424908607582,0.0887665359845644,-1.0,-0.22745730660446642,0.11654427788713566,-0.45310656430793744,-0.10871473700036448,0.16266228636545146,-0.6538071886410814,-0.16500578810230015,0.18774459075173666,-0.7864250760559504,-0.19621217474186484,0.20824720977506306,-0.8993338220151464,-0.21618150882033646,0.1870993290372876,-0.350886456877889,-0.13685810619516925,0.25356989567510446,-0.49568965543750154,-0.1834062173993714,0.2890041856525947,-0.6039128124241048,-0.20101881178627098,0.31719373392572936,-0.7048776976284664,-0.21111386427344064
hello,0.0,0.0,0.0,-0.1352730546414457,-0.09769237420463966,-0.04053817834271761,-0.24962145680004477,-0.2745661439710288,-0.07074437916516216,-0.3284559709881033,-0.4076532610409493,-0.10309974565398007,-0.4100395963562197,-0.4797188836726701,-0.13871071717613825,-0.16447619386701523,-0.500624971389916,-0.04021287374069024,-0.22309049941762585,-0.6802861262709236,-0.0962302658107379,-0.267981628511411,-0.7931820898331206,-0.14375154376596883,-0.3063361799307254,-0.8857637493705781,-0.17722476981360655,-0.07355436424578732,-0.5306351692954036,-0.06026601935584519,-0.09911435895610068,-0.7560349475354637,-0.10489099122259594,-0.12113255242638943,-0.8942593548616797,-0.1418824151909799,-0.13888135843221827,-1.0,-0.1706228022027647,0.01937563895854208,-0.5045809194899521,-0.08898403884503439,0.011729244337746492,-0.7234744467445539,-0.13420259445540828,-0.0023944732947118394,-0.8593456428749446,-0.16725452112204103,-0.01739938151356245,-0.9715819214786708,-0.19265275759646489,0.11330559638673712,-0.43544128193521153,-0.12214658322245353,0.1566811539654848,-0.5964463732585995,-0.15824439505965326,0.17909658255725833,-0.703226073068883,-0.17651757622124808,0.18847051762635483,-0.7989930522000519,-0.19187761505466874
hello,0.0,0.0,0.0,-0.14368101477487125,-0.09712871412714318,-0.03373041184396752,-0.2706247589674889,-0.26380743523056677,-0.05302679324598668,-0.3548848670849916,-0.39524136715664354,-0.07396569988743258,-0.43236624365489085,-0.46496719798845637,-0.09616217974001581,-0.19562218840382975,-0.5021669649240179,-0.027113668818291303,-0.2784924379549594,-0.6846390672240854,-0.07291530246884524,-0.331772868503457,-0.7929422442248678,-0.11111512661800216,-0.3775665492618502,-0.8844186194629317,-0.13911063953383637,-0.1050505031422948,-0.5391737709129859,-0.04629371281743526,-0.15253913666303864,-0.7655066385312514,-0.0802304367737122,-0.18141324597285108,-0.8984460031850701,-0.10810966710512195,-0.20534485629537114,-1.0,-0.12910585059398,-0.007823149538256599,-0.5229379289164258,-0.07345416783958798,-0.033197379077581905,-0.7337022890565775,-0.10974231237300437,-0.04610403752564154,-0.8658390441227469,-0.1328518905090988,-0.059971722450371925,-0.9756704583267776,-0.15085609139035008,0.0951460741353258,-0.46445389488297256,-0.1050037717568841,0.12632586435034368,-0.616814508935981,-0.13541753737491374,0.13714827469974333,-0.7201100120283488,-0.14637153730690514,0.13766360187110047,-0.80969354833051,-0.15524429993822314
hello,0.0,0.0,0.0,-0.11227549923411786,-0.1398584627668425,-0.03791865064103436,-0.19977407202218989,-0.3349536528582869,-0.06213904683770245,-0.2726308347917484,-0.47511285192145575,-0.08773843299813716,-0.31559472613220424,-0.5777186442528253,-0.11461015551966004,-0.08698939103602797,-0.5476481788775799,-0.03170410680433536,-0.09853036065414693,-0.7477674186436464,-0.08552212614269442,-0.11522155471040585,-0.8663967467214997,-0.1312720554742793,-0.12854492414879498,-0.9679288669664449,-0.16421757830057293,-0.00360369363765403,-0.5398450542261426,-0.052755754670478834,-0.005491568704334163,-0.7601397968915917,-0.09682022252544721,-0.014211207325044913,-0.8910051105393767,-0.13397223826288135,-0.02311542762697308,-1.0,-0.16009486404804568,0.08131060376931615,-0.4855040095096482,-0.08124600308841606,0.09041311753449502,-0.6926030737068932,-0.12888154965718765,0.08525656458157047,-0.8255461837869252,-0.14997855187928738,0.07417348937692872,-0.9424019455963952,-0.16398226961803522,0.16483500111671917,-0.386471982214764,-0.1134806227539066,0.20227278060964166,-0.5316930701972045,-0.1550738138257434,0.21441509097635536,-0.6366351392365543,-0.162575790168173,0.21164386072099187,-0.7309885482888091,-0.16613559621501614
hello,0.0,0.0,0.0,-0.09670335825391377,-0.15581886543733242,-0.0641259915471665,-0.1465954067021794,-0.3490455649985574,-0.10604317609905521,-0.18548571034074915,-0.5051648711647891,-0.14358243268898455,-0.24179350024195476,-0.6234471421658435,-0.18483907341905617,-0.0006352696444144271,-0.5448272156445407,-0.08893009530179637,0.015513240428784214,-0.7459287448116497,-0.15794324552671984,0.014749796634256235,-0.8749346591889728,-0.21274018588991903,0.014519499990556274,-0.9920564591500256,-0.2531403458470901,0.09383976016845001,-0.5153740594537879,-0.10448764797010472,0.150016901012172,-0.7329691528847976,-0.16775923290729744,0.16965711460970384,-0.8765412648470019,-0.21870868552942924,0.1832993250667085,-1.0,-0.2562248456976187,0.1720842171900553,-0.43800246318412467,-0.12735842979985584,0.24611599109293864,-0.6324542418935386,-0.19381982840908815,0.2777231633744971,-0.7681221510071244,-0.235304258310919,0.2993914984326672,-0.88844850010844,-0.26409381368078416,0.23842098304623321,-0.31898208362451486,-0.15474004781613943,0.332959188126176,-0.4413429368423178,-0.2159357309263946,0.38068256642683945,-0.5364846936748532,-0.24317812726196858,0.4149873877417838,-0.6287369961528216,-0.26108492876332556
hello,0.0,0.0,0.0,-0.10533866921318744,-0.16776006261290752,-0.057568855202460384,-0.14599295440710533,-0.37421595218054043,-0.0860530272304393,-0.152668120414991,-0.5389867406995384,-0.11106936959309208,-0.17062542353136143,-0.6794902364227946,-0.13559075659369424,0.022408201372036512,-0.5464179871000346,-0.05043648452617207,0.05154315548707952,-0.7514337797948673,-0.09721545981409135,0.06755250148082152,-0.8817217893246305,-0.13464384301952437,0.08501598959076821,-1.0,-0.16362492296091502,0.11906454741008009,-0.5088422354908205,-0.06195423633556368,0.1954113402214095,-0.7177719255930259,-0.10167846716979535,0.24185567856082196,-0.854102802649563,-0.13883972822263074,0.2796207127961028,-0.9780571293557073,-0.1672580467641569,0.19068216237679647,-0.4302043615731329,-0.08245972563016758,0.27379233057514946,-0.6098302264795499,-0.13251593121577712,0.3207006870027352,-0.7304081160504644,-0.1673947417674303,0.3580976571024466,-0.8434779041740298,-0.19146213596457892,0.24292075430832918,-0.3189409623945171,-0.10779485071651465,0.34495852879356936,-0.41584736627074176,-0.15787492173031542,0.4143870547485557,-0.486223224203761,-0.18097872362675144,0.47373280237062704,-0.5565506457366287,-0.1954362671202432
hello,0.0,0.0,0.0,-0.09749060648214612,-0.16024514730125097,-0.06128978417854466,-0.1502001805271591,-0.3550866909899786,-0.10272843217203644,-0.17854829101506098,-0.5044800108250289,-0.14162603663934106,-0.21697819977788887,-0.6304346348120389,-0.1821923044630977,0.006855279594325441,-0.5506193203664008,-0.06636911134359169,0.04010013151750074,-0.7482036227543428,-0.1315568620642977,0.06039442048966754,-0.8808912827164221,-0.18485278634190028,0.08158401856096421,-0.9974180325839971,-0.22338665498611493,0.10040874385110304,-0.5168277384765422,-0.08174035950572951,0.1688074811510834,-0.7282190352192975,-0.13862034194806064,0.20695739130004306,-0.8749576487245113,-0.184649850052806,0.23855934706593862,-1.0,-0.21803712701348113,0.17501933158746738,-0.4362120979599111,-0.10643367785563866,0.2529880545145816,-0.6297731199350498,-0.16324323985450664,0.29713569074740553,-0.7581813951416082,-0.19720668558002286,0.3316560479073536,-0.8691675783783248,-0.22074138755344544,0.23347263957439154,-0.31605414494647716,-0.13707562187241745,0.3210476515792826,-0.4337524401694381,-0.18658670515088308,0.3696062230715029,-0.5277822717049255,-0.20733057935612628,0.407262406291718,-0.6187779928482202,-0.22106029686577558
hello,0.0,0.0,0.0,-0.10850127948758913,-0.13244520060280662,-0.042076508354969136,-0.1856264037577739,-0.3252967530368112,-0.07005801556964365,-0.2337976791793713,-0.4638008113306646,-0.09989874466682439,-0.26318727816557397,-0.5641351514449414,-0.13041376334489502,-0.08650151320008692,-0.5275257670552704,-0.025317020394191442,-0.1153566778298457,-0.7201933907821872,-0.07704157246942465,-0.1437434079068017,-0.8437554973545814,-0.12206007954629462,-0.16667688843357858,-0.935599713588615,-0.15357836937906905,0.0002907524810499799,-0.5281096066184553,-0.043520888976467706,-0.013678743242591806,-0.7445960294619085,-0.08857819302204113,-0.02642553897105423,-0.8868912275282026,-0.13111322087193916,-0.03551319453435813,-1.0,-0.16223740480266535,0.08622779699722347,-0.4803133817062678,-0.07099533424370129,0.10218296558949434,-0.6832172847302198,-0.12174715624210468,0.10312967787805205,-0.8207630839247446,-0.15917787853234583,0.10069916885677488,-0.9354166682440999,-0.18571476851054694,0.17103199211131984,-0.3887021208021033,-0.10230215338631968,0.23254027565455274,-0.5076661358919552,-0.1450076228897412,0.26613556384906817,-0.5827734707542629,-0.1635871985879825,0.2846285069178647,-0.6477741282284063,-0.17661782186589872
hello,0.0,0.0,0.0,-0.1039340041990246,-0.1133211183305025,-0.04504172599684924,-0.18199749959488146,-0.31166580947706696,-0.07408839249897796,-0.2315560826757838,-0.4577554142271263,-0.10373674654184055,-0.25792657451480394,-0.5432625571131405,-0.13446626643686616,-0.0917833875553218,-0.5173910684314116,-0.042251839488833896,-0.11738651199610205,-0.7176538718615255,-0.10079977490307816,-0.14888666810300533,-0.8512288350823961,-0.14923707835321834,-0.17360092020395682,-0.9588864390563916,-0.18304232222233252,-0.010357683846346713,-0.5177749358577618,-0.06030941672439315,-0.02966766071263873,-0.7362828331277834,-0.11371766708140578,-0.04721814313747561,-0.8818537759069174,-0.1562146711027049,-0.05945351927672224,-1.0,-0.18430067002214381,0.07299384868984725,-0.47592689469012384,-0.08606804329965512,0.07139113481818414,-0.6873652131107262,-0.13822869389982462,0.06696269614565993,-0.8219046830478681,-0.16436937359503828,0.06307196583359433,-0.9360757847878017,-0.18042474506271386,0.1565757751727434,-0.396628997276795,-0.11651277833253065,0.1876266569593364,-0.5493941472098509,-0.1577134412938682,0.20565421775865764,-0.6573662922019917,-0.1693622070082113,0.2172788845846362,-0.7545109015776902,-0.17550393272378906
hello,0.0,0.0,0.0,-0.14186189478817512,-0.09269618864081174,-0.03452359614189146,-0.26111728880295454,-0.2465147392732936,-0.05435531086905285,-0.3367484392972385,-0.36711691880547387,-0.07715167440206928,-0.4020803526689554,-0.43590431116124095,-0.10215402008782029,-0.1995188173467462,-0.49677898998656134,-0.020091739657619206,-0.2693731730046332,-0.6593983277866913,-0.06163873982933735,-0.3136680867610891,-0.7642837819585988,-0.10048531285715848,-0.3494752370620075,-0.858122500508315,-0.12942764697019576,-0.10811323729069942,-0.5393159508888771,-0.038950629776734226,-0.14338584349265934,-0.7580484744509833,-0.06874264414607643,-0.1682690373066627,-0.8914561392954191,-0.09764183706417061,-0.1892626093640705,-1.0,-0.12145653200682564,-0.015133906284923825,-0.5253045208087725,-0.06627227017371257,-0.02316375469618572,-0.7220727933521572,-0.09834074517318467,-0.030529041946903902,-0.8522259146713563,-0.12579997672321247,-0.04061645351969732,-0.9609249591721194,-0.1483585926378055,0.07568812426284377,-0.46715688012705814,-0.09860859824885845,0.11493627769519459,-0.6102190090256278,-0.12500080839414687,0.1334366829526649,-0.7104966266615191,-0.1385076006235623,0.14241702381516808,-0.8005259382709803,-0.15064874888537763
hello,0.0,0.0,0.0,-0.1554125758264115,-0.0750504597273803,-0.048562192223079566,-0.300146966723908,-0.24002361376260664,-0.06397576755859381,-0.39888276773575976,-0.3759313599365499,-0.07932963248674833,-0.4877245808020657,-0.46931877909819075,-0.0928671749631848,-0.24942821670365498,-0.4924129121885886,-0.0058862831891735206,-0.3475828910253516,-0.6613619233262741,-0.043201829585622756,-0.4070503701460169,-0.7627864614331707,-0.07729886654520825,-0.4568746027257362,-0.8542091395025945,-0.1027365892429294,-0.1550045629606842,-0.5509877461480194,-0.014939928838316878,-0.21456119138028534,-0.7646351212088415,-0.03869269693124991,-0.25179996251120756,-0.8955961614529809,-0.06376095951438901,-0.2837231886903961,-1.0,-0.08336308018034147,-0.051811297002041574,-0.553116815754107,-0.03581627733848074,-0.08256290840442414,-0.7450138501861153,-0.06554574126099084,-0.1082292652088668,-0.8618536558809697,-0.08589624706804512,-0.13628421833455429,-0.9645215314639777,-0.10146904715607105,0.05587183873741549,-0.5140479636190208,-0.0633067877628638,0.07290324341423957,-0.658826857155243,-0.08551600334480745,0.0798452229909849,-0.7551063717481119,-0.09252111833984196,0.0795409055941329,-0.8431611074013577,-0.09877068762558973
hello,0.0,0.0,0.0,-0.14226461177911054,-0.1075228900849547,-0.04631747832040255,-0.2628276503472482,-0.29734239624360004,-0.06441113069120011,-0.35107866889230227,-0.45100882964137046,-0.08205005808701628,-0.43940251767777316,-0.5310025959384626,-0.10027884855985919,-0.20447775874056576,-0.506568828077288,-0.03194209476842647,-0.2746170985464569,-0.6811898651134451,-0.07966805845569286,-0.3270121634279483,-0.7891145942821756,-0.12004011456722126,-0.37182086278096826,-0.8895559101846162,-0.15034601501167663,-0.1122707146704216,-0.5480522259290221,-0.046473740727617355,-0.15716893158108017,-0.7610491429471655,-0.08126830853918247,-0.189648814701979,-0.8916066117696355,-0.11352415028458535,-0.21861997725009558,-1.0,-0.13823759864303062,-0.010155363872962283,-0.5357420768653186,-0.06973301931792371,-0.026620513506933757,-0.7378764695887432,-0.10966343161415724,-0.044424325385149996,-0.8641653085241008,-0.13426190718530365,-0.06586187129736891,-0.9722614362392105,-0.1523205983891147,0.09754118744545245,-0.48036563891884004,-0.0983402560488019,0.12585475656067888,-0.6315313788383746,-0.1349096809098075,0.1311041905883955,-0.7287799725606766,-0.14761602117820602,0.12764312786225496,-0.8111184483453641,-0.15592189468254336
hello,0.0,0.0,0.0,-0.10826098812419946,-0.1407297752468095,-0.03720603762782154,-0.19703380770131917,-0.34283369090915583,-0.0554521992690646,-0.26640035197933487,-0.48063039482714837,-0.07528780800225215,-0.30789315544180296,-0.5918868170660411,-0.09590449210827455,-0.07758967697895269,-0.5621849576515603,-0.02010256375799719,-0.0843563759786361,-0.7531484956930954,-0.06758320065175397,-0.09429037715948825,-0.8692596520385526,-0.11011270966469182,-0.10335385850207147,-0.9685791905350801,-0.14174206574064216,0.007208222135973906,-0.5545837691488604,-0.0399958925831611,0.01510243491658708,-0.7645234408983635,-0.07620156424282408,0.017096427750523804,-0.8923151605077354,-0.11061098899730765,0.01650499148101447,-1.0,-0.13540689735202852,0.08942904310366251,-0.49617664265834105,-0.06820251413041953,0.09405857077829363,-0.6883013003449012,-0.11099873601640352,0.08860943715969433,-0.8127286621451627,-0.13401791950974185,0.07904435967325942,-0.9223944966121046,-0.15008729750291144,0.16881929399534595,-0.3921394873684716,-0.1002218943763269,0.1682895470475026,-0.5036523647786569,-0.1414024545759794,0.14990262717714983,-0.57396041202271,-0.15069225356644309,0.12386542326316442,-0.6364745253070677,-0.15556562579502842
hello,0.0,0.0,0.0,-0.09767456915389426,-0.15342735454574405,-0.06677372813507562,-0.14471208324285775,-0.34735937343769924,-0.10849557834998269,-0.1699742614736024,-0.5041465223373218,-0.14504834658805665,-0.21072411080474274,-0.6337602033187641,-0.18505469636809124,0.00631479104958175,-0.5433312370519461,-0.09483739216586173,0.02979122059532906,-0.7424440500575745,-0.16703373102068406,0.034517747605711614,-0.8727938756957992,-0.22358256496361636,0.038289874698809706,-0.9912346695500036,-0.2657927293817056,0.10222418556585117,-0.5138606832968745,-0.1116371256336646,0.16105442910098097,-0.7292933679623818,-0.17961818453663805,0.18393932202354799,-0.8744958211750978,-0.23426806339219158,0.19786506910717677,-1.0,-0.2743632452254912,0.17795528827057833,-0.431995107308072,-0.13610530288969735,0.2533285073869348,-0.6196038827551873,-0.20938593171645378,0.2892266818399174,-0.7537383502732876,-0.25589263210708546,0.3126213393757257,-0.875598760472616,-0.28762448006408914,0.23745975775304146,-0.3073049793257033,-0.16485086718405403,0.3281692911244739,-0.42439476590993047,-0.23462453824801927,0.3743267077474917,-0.5155448066714429,-0.26682092395138896,0.40503694614042013,-0.6047089276819614,-0.28777007093434903
hello,0.0,0.0,0.0,-0.10987149484243215,-0.13282939054537846,-0.05557977062915329,-0.18605121647634743,-0.3207862591875699,-0.09349126950382028,-0.23267971140447882,-0.46139546868269116,-0.13003920904512728,-0.27163796586611244,-0.5807041411989065,-0.166879985998378,-0.05495177248263862,-0.5405925256959959,-0.05581943397364949,-0.0451474752199028,-0.7441113124835672,-0.11190511810854098,-0.04135035908488918,-0.8726641018545304,-0.15854081006277568,-0.03668282241996036,-0.9792540061545103,-0.19248062335244145,0.02388532238021441,-0.5280421789751067,-0.06868886072806593,0.03803614835811844,-0.7439490983242663,-0.12298751694749044,0.03767232245767943,-0.8847463014253247,-0.16643532221398435,0.03568344131670012,-1.0,-0.1968373181638876,0.09876631729710293,-0.4719889843854462,-0.09038889203710886,0.12448749098273594,-0.6785769821464981,-0.14494590486684905,0.12988926682557025,-0.8153928759164293,-0.1795193889894652,0.13107537473149314,-0.9318573217207167,-0.20285859247803875,0.17035615730681677,-0.3752661474504539,-0.11726082189978548,0.23588219008243785,-0.511922867388943,-0.16465140984282065,0.27287183225548434,-0.6161525271680214,-0.18824147204982883,0.2997521309372932,-0.7179704468730893,-0.20396584188012343
hello,0.0,0.0,0.0,-0.1384241001252525,-0.09279897972755573,-0.04032320202794518,-0.2547799343999457,-0.26791731624167847,-0.06384536729253233,-0.3279389547703933,-0.40472850854120385,-0.08895458242529453,-0.39878737643598966,-0.48379599321650535,-0.11536264240130184,-0.17643697486835005,-0.5020432931320616,-0.027009013413788467,-0.2382318786396402,-0.6732056497664382,-0.07312978787594294,-0.27768706269547205,-0.7853054011541067,-0.11460897388510186,-0.3104278470701002,-0.8835492735433078,-0.1454391537602331,-0.08283944890976401,-0.5369742461062446,-0.04437835606699462,-0.10914649149120471,-0.7528205145489678,-0.08117395824215158,-0.12891932582993715,-0.8900248223429087,-0.11316348853622142,-0.1443692508884475,-1.0,-0.13798558027881264,0.011361135014204011,-0.5163372706675042,-0.07083260630338245,0.0013271942067026548,-0.7249290836500512,-0.11023864282027936,-0.0077888073374990825,-0.8615260555523723,-0.13910171392019122,-0.01833039539186971,-0.9767403965093159,-0.1609395713117607,0.10660008830676827,-0.45285984554352865,-0.1023490530500714,0.1462823913555815,-0.6095897105762522,-0.1348819285891225,0.16202671551972006,-0.7174270918216681,-0.15016316723803413,0.16519264020384708,-0.8149728196122954,-0.16255554174377163
hello,0.0,0.0,0.0,-0.15629965663919743,-0.07718431500151976,-0.04418906740862731,-0.29209316526773843,-0.2421207572515526,-0.060239807390456174,-0.37509666813054415,-0.3831963169648378,-0.07517014690651916,-0.45293189561875574,-0.48364735246121043,-0.08966067047540485,-0.22559813319892777,-0.4935817033268128,-0.01807027206667084,-0.3062112468663586,-0.6775214373774644,-0.05439549921273082,-0.35375712678406634,-0.7867523025840277,-0.08684855196068904,-0.39430978542560635,-0.8846681871571958,-0.1128179436838634,-0.129689469261046,-0.5376691039585703,-0.031182939837749717,-0.1809300367325155,-0.7592562998490135,-0.05964451600783945,-0.21065998706144823,-0.8898925946303361,-0.08863798589355258,-0.2377302240502064,-1.0,-0.11156070834567747,-0.029219608556592974,-0.5249002538792296,-0.05396716561190548,-0.051169663768042654,-0.7317509532150982,-0.09207364648521925,-0.06528499716110366,-0.8624406318894078,-0.12012039820243549,-0.08305338279370485,-0.9802388905164373,-0.14119759756386244,0.07368722342746303,-0.47280100958079424,-0.08132150693848629,0.0963241926184298,-0.6267655159563563,-0.11703068516181536,0.11156766439353424,-0.729653247911776,-0.13261569018278693,0.11898273522303612,-0.828212281290931,-0.14442612933779067
hello,0.0,0.0,0.0,-0.13566094517894944,-0.10353263446583695,-0.03921316408456747,-0.2418015561892432,-0.2917250017074909,-0.05689396553779959,-0.3084219271205666,-0.44356883124162033,-0.07408764556748049,-0.3824585959693468,-0.533531566987896,-0.09172796391823858,-0.17019348426898306,-0.5072621329833829,-0.03616683706496791,-0.23541388191094662,-0.6896196536159309,-0.08496226402196061,-0.2845852868506822,-0.7956250868552716,-0.12412990469737833,-0.3311335525916327,-0.8882174600807587,-0.15269906999122684,-0.07553668858053796,-0.543227001384066,-0.054357656226691094,-0.11013245052388664,-0.7668978813507407,-0.08923810715861558,-0.1348302483311096,-0.8964144316248565,-0.11879251499299662,-0.15993594861593058,-1.0,-0.14119147840896393,0.026232068892061464,-0.5240180844436649,-0.08026813638937012,0.022756978053208598,-0.7389874284673014,-0.11959773485859188,0.01824107929939602,-0.8723414840948833,-0.14051003047836502,0.007268732799440931,-0.988402126318584,-0.15624300198834676,0.13116291669630942,-0.4587968745166481,-0.11043678402749227,0.16674018974572702,-0.6165820953827078,-0.1462146153333508,0.17831958394218048,-0.7214920268468333,-0.15536778176602298,0.17752070159226147,-0.8141102578131838,-0.16138397101327775
hello,0.0,0.0,0.0,-0.10308345139870981,-0.1394512310156083,-0.05262795503710716,-0.17750135383489246,-0.3268921956482069,-0.08959318141334736,-0.238209483750059,-0.46809804298038377,-0.12499727396202787,-0.27213965326137574,-0.5888536853951339,-0.16211774044768595,-0.05912815219123209,-0.5230379553447319,-0.07531893593758644,-0.06834541764665109,-0.7313143457373459,-0.1425672522119357,-0.0830083722358588,-0.8557963616274002,-0.19330286584346806,-0.09607990371472233,-0.9611100558779196,-0.22878319398912642,0.0272495360439009,-0.5082567531959312,-0.0950651772533995,0.031892247731145046,-0.7398342785207777,-0.15665017326487524,0.02458108921241467,-0.8822026041726279,-0.20374673271742055,0.013112169030610493,-1.0,-0.23506732197735286,0.11330611046032443,-0.44393644646986347,-0.12113102404031302,0.1294970884351572,-0.6509408557728279,-0.1870692132953071,0.12275524144042631,-0.7815885913417067,-0.22170005907464083,0.10945158723718532,-0.8970056682954695,-0.2428593796250636,0.1955460986085625,-0.3356687494269269,-0.15056728796269325,0.2638646388871278,-0.472782292418306,-0.2105583772792738,0.29878104062739236,-0.5776419649079308,-0.23178759184670442,0.321115233307772,-0.6773730111872865,-0.24315171922793957
hello,0.0,0.0,0.0,-0.10214124353112092,-0.1377794696864549,-0.054672217329536206,-0.17409637902747374,-0.32436820104994324,-0.09556421506862406,-0.23125947179302198,-0.46471714505640477,-0.13503417604274112,-0.27828506242368733,-0.584436065529082,-0.17615595564911127,-0.04312421815613821,-0.5232854050927859,-0.07090237443707882,-0.04921163390705291,-0.7264874766442694,-0.13758858060127038,-0.05932302792014063,-0.8564083376798877,-0.1902826412147306,-0.06318984552758596,-0.9635130679148397,-0.2273359531675599,0.04027600124167156,-0.505260370603509,-0.08934227530044497,0.04222911911772977,-0.731853783511582,-0.1541717172758162,0.03760004673865725,-0.8776526699617931,-0.20353835215840418,0.031103091822328344,-1.0,-0.2361870703872036,0.12212227546871278,-0.4403511004861294,-0.11538210324024349,0.14346566503625285,-0.658277640806124,-0.1816480198359287,0.1448705123546128,-0.8002273070349039,-0.21877996010899278,0.1416970957466094,-0.9292595960625625,-0.24188942333688707,0.20100092651837126,-0.33446564513520904,-0.1451760615265038,0.26737263539924727,-0.47688864905251516,-0.2023202930937699,0.3007535328672138,-0.5887559998287615,-0.22562324757969873,0.32338210752821933,-0.7000370696935194,-0.23925928602800348
hello,0.0,0.0,0.0,-0.09965061667174588,-0.15770634780311324,-0.06432634835967257,-0.1385275166925664,-0.3592042356931442,-0.10153597453004262,-0.1492866890596962,-0.5171683054578251,-0.1333633367267966,-0.17363945207787676,-0.6477187387348847,-0.1681373063900436,0.03237105578287199,-0.5347207409205501,-0.08565804499502079,0.060815449293433,-0.7398408651922485,-0.149786178140204,0.07128877268288497,-0.8774688406626123,-0.20155079517812438,0.08084737934376793,-1.0,-0.24054103726211912,0.12673287766259,-0.49628327646770204,-0.10001315825433821,0.20478573983831413,-0.709139180521348,-0.15804667394885344,0.23984940141457958,-0.856568832401119,-0.20772510039013242,0.26767369233740934,-0.9855088958883732,-0.24404684087942347,0.19618358254850782,-0.4096681581180488,-0.12166724854716203,0.28037506787277927,-0.6008084358546718,-0.18782924295668862,0.32478697219408975,-0.7315643271726665,-0.23410294315658015,0.36255592942683096,-0.8467349080406832,-0.26585854057996233,0.24549730624950247,-0.28260482072199694,-0.1474721096543212,0.35020921594111065,-0.37724647370617853,-0.2160225047309683,0.4158787340985059,-0.44632040739955076,-0.24883051043852855,0.47382705927533164,-0.5134890301039529,-0.268922848161835
hello,0.0,0.0,0.0,-0.10030626160246145,-0.15937473627034943,-0.06320434561457766,-0.14004744438902927,-0.3632838636758596,-0.10019411747216247,-0.14957878184703957,-0.5262804214205922,-0.13195313212954987,-0.16933172188217985,-0.6693681346488902,-0.16403420916397848,0.037804470541283004,-0.5427072458250857,-0.06982381606647194,0.0766253436537017,-0.7479534579114425,-0.12251309771225537,0.0976134257683028,-0.8811750202636389,-0.16381898605099454,0.12101460953814677,-1.0,-0.19512634108808954,0.13124357354103772,-0.49869262393026,-0.0821768718205961,0.21365000258964442,-0.7085781116943872,-0.1289519215693743,0.2644335869256872,-0.8502607785075813,-0.1707288507821671,0.30860647947437314,-0.9789279187593053,-0.2020866184403214,0.19884288903360517,-0.4129705955735221,-0.1024808507238015,0.28768635909402934,-0.5960639770996561,-0.1579432701852028,0.3432129363386529,-0.7211992761615212,-0.19607788752646088,0.3915218985327364,-0.8396318656140178,-0.22286220511309104,0.244957226172708,-0.2963752076645062,-0.12732378944703057,0.3471125201814802,-0.39362647757617697,-0.1809068434843651,0.42144530552677445,-0.4585942148132393,-0.20428137494933352,0.4880977576308408,-0.5222246044613921,-0.21934130747135008
hello,0.0,0.0,0.0,-0.09564257034826465,-0.13954698101798615,-0.06301805856027601,-0.15805163463732066,-0.3302755443668534,-0.10884576273144259,-0.19786839106194393,-0.47590449605959184,-0.15214175450006484,-0.24095233882083275,-0.5999886446904347,-0.19747208920006476,-0.009561479292056247,-0.5420655063760771,-0.07975090050105402,0.016257639757112113,-0.747360051275074,-0.14797906262041002,0.031225943911715105,-0.8831100765448172,-0.20284043075131578,0.04746930915736916,-1.0,-0.2421298822217062,0.07905906021246131,-0.5165370215241629,-0.09401245558948013,0.12620957194726712,-0.7302438189436399,-0.15732031577848493,0.14378946870268353,-0.8753418488295801,-0.20642386359899853,0.15737841781314998,-0.9999400084721155,-0.2412069900462218,0.15473840478862277,-0.4450523900290351,-0.1165898620213435,0.21570792960685423,-0.6396144955992067,-0.17643827506860704,0.24024902978331805,-0.7699636758693114,-0.21172951303911616,0.2556378533295234,-0.8874088263805318,-0.2358505760709864,0.22026972911092427,-0.3343675709848307,-0.14508869909875688,0.29955988208996337,-0.4659372862842006,-0.19556343591405936,0.33988049018929545,-0.5690610509281133,-0.21822202059239032,0.36819391936675694,-0.6735642992153649,-0.23319390944975812
hello,0.0,0.0,0.0,-0.12140515883136997,-0.10816872684401692,-0.03919201503314393,-0.22221300989294626,-0.2910385887340684,-0.06513865190663216,-0.2876574391988374,-0.4291302109098189,-0.09307912524734491,-0.3515817920446425,-0.5204370469440358,-0.1232335883091204,-0.1466960360217803,-0.5137413546994212,-0.026961664457532036,-0.19913620931580508,-0.6892205130823642,-0.07252967138540026,-0.23251103183452387,-0.8097095436838403,-0.11468421672619591,-0.2570689811632863,-0.9101272961344533,-0.14726724586308015,-0.05475333861974985,-0.5354583396422341,-0.046181809748884445,-0.07760150210399208,-0.751207390905729,-0.08262830731046795,-0.09433017926209748,-0.8900200604087257,-0.11675057658859404,-0.10702200249693444,-1.0,-0.14482615941095908,0.037502802668620806,-0.5024120012608533,-0.07414728829681014,0.03986968317648079,-0.713726200698626,-0.11496244557107177,0.037094061729740085,-0.8453143045931409,-0.14531697398842533,0.03082720622155781,-0.9555701506375929,-0.1701337830993291,0.13073656027184685,-0.4236455748421848,-0.10658346170559582,0.17982920341522393,-0.5600492764122607,-0.14081109173362125,0.20364209157060917,-0.6386232128958904,-0.15435042995246626,0.2118219658947774,-0.7083606227523356,-0.16643244368282514
hello,0.0,0.0,0.0,-0.1549766735587001,-0.08204055881838455,-0.04492365778783293,-0.28516465326314805,-0.23840869449467406,-0.06572737519214476,-0.3674693199539849,-0.37190847577207226,-0.08650906155399002,-0.4430192557927087,-0.4626878824502965,-0.10765594304338905,-0.22721599869163395,-0.4904724011242845,-0.020446392235835567,-0.3106153369399848,-0.6588050468420982,-0.06279826374312142,-0.3627432974688251,-0.7645949371208908,-0.10137921303758556,-0.4075483511914891,-0.8590244839641797,-0.13039900002320703,-0.1317939302294748,-0.540513300795314,-0.03421481172554105,-0.18168054644395157,-0.7569580383401006,-0.06620893623506918,-0.2168521464322017,-0.8906778654050179,-0.098239830835651,-0.24856149862957655,-1.0,-0.12315631962204887,-0.032716428859315985,-0.5312458402348496,-0.05762167170589439,-0.05555607012778534,-0.732701132832234,-0.09396409672559,-0.0753189076096147,-0.8613204096900596,-0.12116260951775272,-0.09764449122053034,-0.9737071086036447,-0.14202894255195786,0.06670126356298457,-0.47816280424340374,-0.08633426871856442,0.08729479704844897,-0.628874717863722,-0.11782904980939345,0.09801088135019989,-0.7335537275597623,-0.13134184428768644,0.10468185454536794,-0.8314715227935944,-0.14168192055346576
hello,0.0,0.0,0.0,-0.14923741998625123,-0.09109588050994644,-0.03397568068838083,-0.2744310966246994,-0.2676210940762521,-0.04455234125140029,-0.3515391604258263,-0.41496324025433073,-0.05632358019697488,-0.42615030806230203,-0.49814849416748225,-0.06874230410349826,-0.21670033365385233,-0.49033089124983137,-0.016918839640016014,-0.2940660529691552,-0.6710352103325616,-0.05744511784225244,-0.3469571753781446,-0.7776304419521535,-0.09228121413501121,-0.39483010530012785,-0.8704988585526104,-0.11836261942432422,-0.12236174138185806,-0.537101323265182,-0.035326270321313406,-0.1712620810320569,-0.759156608509244,-0.06494697982161429,-0.20523272249122498,-0.8914536803647491,-0.09449273499051852,-0.2389771624859996,-1.0,-0.11685423042847669,-0.020671735364096017,-0.5328937083334225,-0.06171083074628305,-0.04378336806217355,-0.735430350293714,-0.09573982114088549,-0.062316495735098544,-0.867279570019124,-0.11961782005029996,-0.08386318907123017,-0.9811619688147151,-0.1380747134796962,0.08272910326779469,-0.4857946818831098,-0.09236165619424226,0.10570394431107333,-0.637831980764577,-0.12143023418743641,0.11795174975532764,-0.7403122195904923,-0.13051654791467973,0.12435124349235788,-0.831180225548291,-0.1376175840780031
hello,0.0,0.0,0.0,-0.09861908958335988,-0.16135976357388349,-0.05533072984993234,-0.15467694176484373,-0.3699706052666382,-0.08838687468086705,-0.19129423470190676,-0.5203200110825504,-0.11805253634101677,-0.23306415751611362,-0.650766190440971,-0.15218809192001326,-0.03504783404612417,-0.5477679812947817,-0.09395660929414879,-0.021388907706000472,-0.7458613753179236,-0.16253912755861993,-0.02290690493011914,-0.8807367944881385,-0.21640505723405717,-0.02908096353068984,-1.0,-0.25753722731828055,0.047841911710681535,-0.5192801683503798,-0.1139139345240175,0.09253112561969694,-0.7292762678730972,-0.17893140618671774,0.09278087323497611,-0.8711380961024677,-0.23081264717139893,0.08150503668869295,-0.9988672335945663,-0.27015838402655573,0.12354056023828947,-0.44205596187983126,-0.13919671912700385,0.19088388278520052,-0.6105500563182092,-0.20992213717225683,0.2022332534193808,-0.7367373559324845,-0.2527916110565889,0.1990588490378711,-0.8515913209533067,-0.2833287903731207,0.19252968054682534,-0.32178151022553686,-0.1680646411128242,0.28585590111360243,-0.4157834395502543,-0.2361811843497399,0.32790447300052067,-0.496065225101806,-0.26534449264469595,0.35224523167109506,-0.5740461131899361,-0.28514772249841375
hello,0.0,0.0,0.0,-0.11084007466093315,-0.16659074829668252,-0.06218781209686684,-0.14824534133321604,-0.37679206492747747,-0.09095574113319559,-0.14985031283090033,-0.5494341658509481,-0.11427751337858265,-0.16428598586650942,-0.6946901126449687,-0.13824865327737637,0.023225926856440225,-0.5330758072881138,-0.06622687750321402,0.04658418278658439,-0.7464223934092418,-0.1139861020821777,0.058056181581830686,-0.8801177492675928,-0.1508857381213113,0.07244936021067286,-1.0,-0.17997362550069618,0.12231816183609634,-0.4947114965262686,-0.07563401467491056,0.19655651172112537,-0.7101849152808147,-0.12080712222626604,0.24017900830976882,-0.8499934394600079,-0.16321563934790864,0.2786217846209511,-0.9744285558437389,-0.1950462642219475,0.19355034307399568,-0.4116379754869399,-0.09270664736990832,0.28229717804833376,-0.5920106414940736,-0.15164992299037014,0.3339860325109547,-0.7134214483435755,-0.19616481765269989,0.37977984418220506,-0.8276240482557538,-0.22630646070515018,0.2431798340928898,-0.29529934824514253,-0.11343385340739436,0.34848569566201687,-0.38613685833135153,-0.17599957529417584,0.4176301838516781,-0.45161539629513386,-0.20797526513868358,0.48009236445091885,-0.521065048996548,-0.22754279011781534
hello,0.0,0.0,0.0,-0.10206784894982072,-0.16120911868189344,-0.05985246431765127,-0.14126774523699598,-0.3665736744763384,-0.09365406585625685,-0.1515220527589325,-0.5275661038871696,-0.1232424270222612,-0.17756189427898103,-0.6656759600079771,-0.1533964465275242,0.02729316232969403,-0.5396311638163439,-0.06183030495256449,0.05432853272430196,-0.747293370947445,-0.11317024093423395,0.06672191725673618,-0.8809769916972618,-0.15378049566395846,0.08098628015426786,-1.0,-0.18434090068538775,0.12267717172941384,-0.5027828117848168,-0.074371064576983,0.19705523626829535,-0.719728260478137,-0.11962721644126821,0.24184087283680156,-0.8628157609717415,-0.16067832363031043,0.2815865280616952,-0.9912785362385177,-0.1912236100736584,0.19397688266965155,-0.42207208090991116,-0.09486518192893828,0.27904437175385194,-0.6044660217563479,-0.1465696479382769,0.33299478480458106,-0.7248436174019987,-0.182154481104923,0.37917182726549564,-0.8370820784189159,-0.2072224184689334,0.24495449276953227,-0.30835678006448775,-0.1201747449045526,0.3430885311646359,-0.40512548978605006,-0.16840821666652572,0.41316236446365495,-0.47197555794693313,-0.1891386743366181,0.47594798762102003,-0.5368241374711505,-0.2026735270363429
hello,0.0,0.0,0.0,-0.10312465477900142,-0.14771375608065124,-0.05626631647356691,-0.15972375653777146,-0.35445351754008375,-0.09466842507152207,-0.20159013553614488,-0.5081205502203701,-0.13130125373143606,-0.2480773571213616,-0.6266649175469405,-0.17069711519829675,-0.016503706483107502,-0.5415239554803,-0.07130787066564502,-0.008285661091069776,-0.7440050587970881,-0.13494272517761205,-0.005528178604488159,-0.8759901890573039,-0.18524883501788664,0.0007486534000220942,-0.9912481119982629,-0.22166466549580582,0.07550387980785714,-0.5196792635031408,-0.0894539958099236,0.12603066324334414,-0.7325476500211419,-0.14915449159489425,0.15041933637572236,-0.8768968108246068,-0.1976533099867453,0.17017550083233973,-1.0,-0.2318728950644367,0.1510287109590763,-0.4461211206683098,-0.11530483611354665,0.21816002921760067,-0.6368571508839562,-0.1773308342903036,0.2515419474464122,-0.7622281444157051,-0.217907649176614,0.2771750827578063,-0.8753586131924895,-0.24522604328947697,0.21068766118249382,-0.33196379798333797,-0.1456862704972724,0.3074296558646619,-0.4462436146019435,-0.20108125034112775,0.36845222903246694,-0.5306143171957198,-0.22699502651602196,0.41922388129349786,-0.6127844144861397,-0.2440463695685565
hello,0.0,0.0,0.0,-0.10401465828006834,-0.14737100464878142,-0.05422677640762809,-0.1559593151272012,-0.35611517891329586,-0.08857805794868193,-0.19234907858908748,-0.512709803848842,-0.12101069373124568,-0.2403073959686152,-0.634479325925202,-0.1564156047464289,-0.011461217925993146,-0.5379031711285741,-0.06727223630090869,-0.0019592396342204077,-0.7395673441217534,-0.12812314923227786,-0.0013085450004057897,-0.8723304569871586,-0.17656020004233366,0.0036249749623891705,-0.9890935302575092,-0.21234782349884954,0.08168853349279487,-0.5141190061569714,-0.0857855034170786,0.13267134059254596,-0.7309534518986575,-0.1402251630284114,0.15722957695725243,-0.8756119567762732,-0.18672017777846375,0.17660014558338333,-1.0,-0.22092905278337585,0.157926068280837,-0.44135569889415904,-0.11166818392595378,0.22942543461088408,-0.6350318081266584,-0.16984660210471125,0.26782595898298195,-0.7614353827491145,-0.20834835028004411,0.2971056670958715,-0.8781058489111151,-0.2357139296907588,0.21694297435546378,-0.3271335070705497,-0.1417950711684808,0.31291005703059394,-0.43951786819271416,-0.19536910327661156,0.3738027191903813,-0.5222878714324721,-0.21911871202201424,0.4246765206275029,-0.6036630434607604,-0.23522391107333104
hello,0.0,0.0,0.0,-0.12257945822866688,-0.1144890758922035,-0.04548592651064438,-0.21258912251558443,-0.3006704275744124,-0.07863664316801111,-0.27142600747998263,-0.4392385792396183,-0.11112844331181713,-0.33499540176062303,-0.5315240852607367,-0.14630212805679535,-0.10209755734417209,-0.5015907726638998,-0.063031494792981,-0.13806188427280683,-0.7010637237934654,-0.11986575176630267,-0.16261023010988768,-0.8244688184492744,-0.16286997306025555,-0.18378203558175882,-0.9306431665034961,-0.19277643729193575,-0.007348299146227611,-0.5060436091669709,-0.08181848368726018,0.0016292318927315882,-0.732164757537053,-0.13056024278539802,0.002391444328467004,-0.8783703272880373,-0.16874904813604383,0.0005198743125412847,-1.0,-0.19603842931805562,0.07966919215602662,-0.45452353626086783,-0.10739252844210732,0.10942100418171019,-0.6620042161210742,-0.15625307398514376,0.11890637696746506,-0.7941320775383035,-0.190264344001092,0.12211165006509955,-0.9131974080728845,-0.2144933629736368,0.15794035760785397,-0.36196105631982967,-0.13685683102447588,0.22929965744297406,-0.49498826768612864,-0.17860258088610137,0.2702073447231127,-0.5910039253153263,-0.19836867061935398,0.3008544021310461,-0.6840653631462078,-0.21233776255647788
hello,0.0,0.0,0.0,-0.14038985158397757,-0.09447094543062597,-0.0446763693810568,-0.24473206207071982,-0.27530134061114353,-0.06711085231727876,-0.30926040226568374,-0.4203725633585224,-0.0875438352164474,-0.3813148456971721,-0.5149664119134685,-0.10952292311721507,-0.14453805307856576,-0.49362923586806107,-0.04226759041199186,-0.19811862063568877,-0.6913394688739272,-0.08696871463295378,-0.2320194359354478,-0.812105161969905,-0.12294488098719561,-0.2629138772382364,-0.9160391506134131,-0.15006139132539859,-0.04857348100939496,-0.5105699726336078,-0.05877103396522287,-0.0581994924388329,-0.7405796882803195,-0.09652577956487379,-0.0641403995777305,-0.8824211119715435,-0.1307819584172139,-0.07232252034519199,-1.0,-0.15564477968606377,0.04146808887244286,-0.47018038078195235,-0.08294199326113386,0.056333067024809905,-0.6791822278103355,-0.1301656744053354,0.06797261183452089,-0.8132824125352787,-0.1646865729929608,0.07492857499298308,-0.9327473993196008,-0.1885602562122578,0.12404218870791073,-0.39057507665004765,-0.11033715631583575,0.1734027139154023,-0.5301132272663897,-0.15621268164518048,0.21019761042947954,-0.6204366343487817,-0.17549829010378906,0.2383402154109355,-0.7052188457572974,-0.18804278100716185
hello,0.0,0.0,0.0,-0.12962645437583267,-0.10251375601695785,-0.0527333392350717,-0.21896981449717096,-0.2938740752636094,-0.07953780879162689,-0.2793944558789125,-0.45015428534503554,-0.10262531536813436,-0.35348271788739655,-0.5507476052129232,-0.12689135500866625,-0.11453551569948554,-0.5006725258629753,-0.05719602404639445,-0.1583765884651418,-0.6962636693787363,-0.10731799466766674,-0.190484446813089,-0.8171652549701549,-0.14603829535187943,-0.218989328090468,-0.9269090638828127,-0.17562787383480524,-0.014518753202948409,-0.5083431807668907,-0.07204482888678924,-0.016825622478294593,-0.7320155046695069,-0.11502289166255204,-0.02401494208088267,-0.8768298792140564,-0.15216384421167778,-0.03467714813205862,-1.0,-0.1799471623926526,0.0760988552238529,-0.4607910064301022,-0.09445473793211816,0.0977034953217493,-0.6612041401233814,-0.1459140561420968,0.1039778086725233,-0.7970729183527797,-0.17827263217441386,0.10362347167511296,-0.9212056564255491,-0.20069145829208956,0.15663998529336182,-0.3737083440764728,-0.12069590909746782,0.21235321352626838,-0.511706343240054,-0.17069185442869667,0.24750700516673033,-0.6095753842098562,-0.19034224281318227,0.27246393130873936,-0.7034112426874675,-0.2028396196744112
hello,0.0,0.0,0.0,-0.11909450736004937,-0.1267855769891201,-0.061669249823841935,-0.1835289486390649,-0.326480595487914,-0.09985089629338632,-0.21935479241267533,-0.48713213848928055,-0.1318976860939848,-0.2808517748898222,-0.5962922963210517,-0.1669933298304849,-0.05707828746992472,-0.505000158897925,-0.10384659605421932,-0.06886574560544723,-0.7170945463156697,-0.17107892865525534,-0.08478977804522747,-0.8484200933089622,-0.21790749265882695,-0.10112550988293836,-0.964839733502551,-0.25137029362943697,0.04328697272799033,-0.4861298513843085,-0.1193369460807194,0.07951108646199931,-0.7191824650501452,-0.18193298962490173,0.0892265156555462,-0.8729865838893907,-0.22800809554830884,0.08710128153739381,-1.0,-0.25978757803314434,0.1304528385832866,-0.4127079384378181,-0.14033763908070196,0.17767627674482736,-0.6088649664930408,-0.20711371038588952,0.18682541423663898,-0.7420536172856339,-0.24572562424476152,0.18422051341457288,-0.8596444889586445,-0.27060350350079115,0.20513148034432668,-0.30099439346611734,-0.16468351783235888,0.29040820364358066,-0.425626647284537,-0.22612156711941975,0.3349852224929752,-0.5243460325238424,-0.2516176361897849,0.3662306029202363,-0.619983413106926,-0.2671268169018321
hello,0.0,0.0,0.0,-0.1285720220901794,-0.12753019932132315,-0.0674504344707975,-0.19139195569947337,-0.3260023098142187,-0.10640306650003044,-0.2262316786162134,-0.4960270019884457,-0.1390358487912739,-0.28752339115170045,-0.6129688698553972,-0.17339581729645617,-0.04267795976156737,-0.5122980852977447,-0.08883276293011706,-0.02187667054984862,-0.7240893809383409,-0.14589038751492397,-0.01639607390862936,-0.8601761613889872,-0.187245094709625,-0.010945519220143059,-0.9806614223196738,-0.21899219200641695,0.05763543608079718,-0.4855848613074067,-0.10125138653946478,0.11239628932651116,-0.7131548637042321,-0.15398371721174087,0.14557104502339227,-0.8678525333981865,-0.1972837915580383,0.17286652023810306,-1.0,-0.2294081841316073,0.1377772180217354,-0.40957018053857186,-0.12107337340068206,0.2107269162885006,-0.6056114549664346,-0.18603851845583944,0.2522480096829534,-0.7386907244767613,-0.23089930490091035,0.28742231354484643,-0.8621757597913783,-0.2612212807852603,0.20061352901663293,-0.2958825896183351,-0.1446296679257572,0.2981573381463422,-0.3995676169251137,-0.21271327317309166,0.36400216482914244,-0.47542716466712687,-0.2459129466100322,0.42066359860293867,-0.5537603004838312,-0.2663156775742478
hello,0.0,0.0,0.0,-0.12369933121000475,-0.1258336470216513,-0.0518364095769615,-0.20259899710756615,-0.3145323833615815,-0.0874381279713194,-0.24973513653731005,-0.4608737373638869,-0.11909846032815563,-0.30395276536568905,-0.5694692686218713,-0.15361683254908842,-0.06317822502472124,-0.50933575442203,-0.08257782004316411,-0.05256096443067033,-0.7269048032345329,-0.1391452649006586,-0.04744586194723405,-0.8607620773253081,-0.18183882197015305,-0.04055833920076767,-0.9783442425353558,-0.2132306765409982,0.03569522758168736,-0.486488647733545,-0.09956732156154559,0.07696165721050795,-0.7181456827060542,-0.1504376908393343,0.10027071464375084,-0.8690075616763243,-0.19311686375538742,0.11725532798795436,-1.0,-0.22467168590873907,0.11967810702590317,-0.41578180555745176,-0.12182717080586555,0.1824571839825869,-0.6157182714830989,-0.17580030559562287,0.22089710308025676,-0.7488283497523975,-0.2138003377771187,0.24825517780764048,-0.8695019864759702,-0.24114551552624736,0.18942301503558492,-0.3079741845891593,-0.1470768577676788,0.27679889685733067,-0.4321965138663239,-0.19722569718591537,0.33228164855076,-0.5189758677789111,-0.21902410156884006,0.37676632528275833,-0.6040170795975167,-0.23359637048132004
hello,0.0,0.0,0.0,-0.13187957118000265,-0.10134080473206208,-0.0514887726039603,-0.22475321864456854,-0.2702507365880232,-0.08709281632010134,-0.2803678623557346,-0.4077978617718545,-0.11925383820738945,-0.34964057865201503,-0.5070448170168602,-0.15378504366854162,-0.10102276240014625,-0.48400907416593303,-0.07715598770248427,-0.12290830407206996,-0.6981734372913555,-0.13105620364369297,-0.1392430677462736,-0.8302930270611165,-0.17038680147312252,-0.1532096480015278,-0.9470799838703732,-0.19858849015612565,-0.00416296549505026,-0.48130075820857676,-0.09246435329672334,0.01858399982743206,-0.7228886022511525,-0.13773264994686152,0.03128785101420717,-0.8726372624305675,-0.17357397457759752,0.03847774121408058,-1.0,-0.19998338285318362,0.08204755823212077,-0.42711763540010345,-0.11366578298621575,0.12004960478590931,-0.6338466143855673,-0.16050980049808533,0.14038033577019463,-0.765864249356139,-0.19150615990933226,0.1503512319231427,-0.8813270682109231,-0.2136138190795363,0.16105101048770315,-0.33828035955492763,-0.13857997221026375,0.22818947298761877,-0.48258840956130217,-0.17930908543621318,0.26733237486381833,-0.5771459160565545,-0.1949397709798109,0.29243392963202486,-0.6663245516738311,-0.2056512436654358
hello,0.0,0.0,0.0,-0.13891909966259602,-0.09351850905970532,-0.04989958211369375,-0.2416048962249282,-0.2585905211665538,-0.08297617036227234,-0.3110849683027062,-0.39339714505452167,-0.1133059927344762,-0.3912413514692834,-0.48381086624676023,-0.1464066661195487,-0.14111780754547365,-0.47981960854134076,-0.06564857068617723,-0.17320429431199943,-0.6905815293214561,-0.11513854953640605,-0.19270526259719337,-0.8189283428824107,-0.15220225113673996,-0.20875721653396223,-0.9336539485896748,-0.18006970606441408,-0.046395691532210986,-0.48777302796717026,-0.08300836748674988,-0.04204579616830504,-0.7228730561328134,-0.12662164714057517,-0.04131939985289654,-0.870483144759731,-0.1643363828067437,-0.04470538810213183,-1.0,-0.1924835673551886,0.04193388151750064,-0.4417770185864058,-0.10666329498758172,0.06827368321969786,-0.652043942781423,-0.15683316446244572,0.0835597469178322,-0.7882386914212997,-0.19242327755552951,0.0903672953102015,-0.9124672373736195,-0.21771427845011704,0.12178712830107176,-0.3591277297324118,-0.13345809769673717,0.1699327745931305,-0.5083648676652579,-0.18138738250465622,0.2038287762392883,-0.609160109276858,-0.20173857606026951,0.22845665774511406,-0.7065496612826021,-0.21552863639749836
hello,0.0,0.0,0.0,-0.14018916121618286,-0.08746461927093989,-0.05956873759253312,-0.24630718583558583,-0.24775758138175186,-0.09793773240523934,-0.3199603568943214,-0.3781869936464844,-0.13126664969051188,-0.4005941697528569,-0.46748494149771747,-0.16663248920287382,-0.1422888740072374,-0.47747219448596606,-0.08162021512625732,-0.17539424175453755,-0.6847311229648774,-0.13548290195168286,-0.19703747746164915,-0.808689232878579,-0.17447835242113804,-0.21210143580631108,-0.9231671826389753,-0.20426062298845205,-0.04196518738914222,-0.48386165590477515,-0.09667934210496244,-0.03996441730494188,-0.7161189315178004,-0.14579052665640216,-0.03986694177446363,-0.8661671970356435,-0.18616100794802354,-0.043312238699326135,-1.0,-0.21709536730224951,0.04582606202249713,-0.43834580998727135,-0.11850920723202313,0.06847165428996412,-0.6429942648992448,-0.1754966530622666,0.07931252883345448,-0.7785957489848285,-0.21235072522405288,0.0836110805194648,-0.9048932716300082,-0.23820124966166353,0.12172584690693086,-0.3564787436862128,-0.14401375314047626,0.1659686422227135,-0.5043084092772864,-0.19769587984197676,0.19686994425921853,-0.6040091878252604,-0.22021673919285575,0.21894443812234068,-0.6999727013495547,-0.23564962362218053
hello,0.0,0.0,0.0,-0.13778980496551632,-0.0873725613828072,-0.06141086944062652,-0.24551814627286658,-0.24581200007629952,-0.10080647405740645,-0.3225756340762641,-0.37816157576997905,-0.13486258147066915,-0.40323145867811255,-0.4705333112607531,-0.17036520069885372,-0.14486571672539092,-0.47700532234925136,-0.08128126340004625,-0.17494465425542985,-0.6842181798620397,-0.13635099398358985,-0.1947151052153515,-0.8100389315120741,-0.17616412464684542,-0.20975869086117874,-0.9257334829255341,-0.2062249593371103,-0.046563019770496705,-0.482662831441497,-0.09528140273359002,-0.04192686306353294,-0.7164761824036189,-0.14477751710712589,-0.04064285368271685,-0.8682487443170464,-0.18364382236349983,-0.04467730538806839,-1.0,-0.2126859920767879,0.04180655865770656,-0.437338443876691,-0.1166614282957604,0.06504351474399109,-0.6443589515695174,-0.17409194987116625,0.07584868011200295,-0.7798783425126815,-0.20916258250903796,0.07922095441098849,-0.9045111910772006,-0.23276982915241926,0.12033798127651757,-0.35723766629396697,-0.1420495346545527,0.16572320719103806,-0.508158125366431,-0.1969103564086632,0.196773088188024,-0.6093104357302073,-0.219292373580539,0.21869099566350647,-0.7066423721906349,-0.23360585328667238
hello,0.0,0.0,0.0,-0.13894205076250707,-0.08563039859189034,-0.06421744692778461,-0.2455927327755644,-0.24374267973475888,-0.10558453677786987,-0.32202359268580316,-0.37760310497592847,-0.14087522561794796,-0.4033067099972499,-0.47247040041035376,-0.17783992403297763,-0.1428621854240268,-0.47736450261431584,-0.0881515467199478,-0.17155938777848825,-0.6859427146481578,-0.14492393919471397,-0.19251154749451496,-0.8124786512531901,-0.18588992097244691,-0.20990167982160746,-0.9296811366513454,-0.21688555441691926,-0.04344195569605968,-0.48180453834812925,-0.10131608075906956,-0.03872264939681907,-0.7172665253435521,-0.15227305857908077,-0.03905017425338731,-0.8680176922023584,-0.19237999723025065,-0.04576310613329895,-1.0,-0.2225291776146341,0.04499286875743873,-0.43429283221877674,-0.12158058248979167,0.06839995408975033,-0.6429865523897618,-0.1798929632818918,0.07797966699686214,-0.7800539651452937,-0.21538479560216736,0.0790337531441402,-0.9066638855591342,-0.23957473126784332,0.12305521815449129,-0.3516622573201737,-0.14594079308177338,0.16753441219978357,-0.5044913803139981,-0.20171164004576125,0.19715339054839445,-0.6069366596502608,-0.224389256926559,0.2172578496431998,-0.704887331037302,-0.23895454459332532
hello,0.0,0.0,0.0,-0.13991546047529357,-0.0881943651332934,-0.06569232284321341,-0.24703869279520616,-0.24645140228049114,-0.1080121938675337,-0.32341193056990003,-0.3833571015729581,-0.14431450533454304,-0.4042925066459321,-0.48267556886978663,-0.1820266723635076,-0.1431699792937414,-0.47707992181267084,-0.08831000872321754,-0.17076459966515403,-0.6852207744000128,-0.14715686863612545,-0.19009050189739662,-0.8126545996861515,-0.18943977724055686,-0.20570350109319296,-0.9315388883000464,-0.2214479889916074,-0.04302567179854319,-0.48146209684715463,-0.10167873628386763,-0.03803584781863067,-0.7147224228394935,-0.1548789332402731,-0.036841456118954584,-0.8658246127584551,-0.1961177190999827,-0.042059513627047976,-1.0,-0.2269530501613882,0.046252072246319116,-0.43425171766270976,-0.12257982644587966,0.06899490427566302,-0.6435867793629053,-0.18385333940630313,0.07891448117087087,-0.7797747298559491,-0.21962908188877,0.08121032787754778,-0.906706167499856,-0.24341585407601316,0.12567533159821076,-0.35228904078286655,-0.1477099241216133,0.16903915419210672,-0.5049785492436204,-0.20646822371974885,0.19891957899495633,-0.6082433568295186,-0.22996961270335464,0.22024736314957888,-0.7081488407608283,-0.24460127619803174
hello,0.0,0.0,0.0,-0.13994526568705704,-0.08756881952180813,-0.06562933278651678,-0.24779484362545479,-0.24490682441689132,-0.10874886800049197,-0.3254110292399805,-0.3801310014734625,-0.1454532672218822,-0.4051274934454789,-0.47925062713374783,-0.1834015074262246,-0.1446487461046367,-0.47708626917003416,-0.09027228202240202,-0.17131720142688245,-0.6883281873179842,-0.14867019241765558,-0.19038535301653192,-0.8178418121719222,-0.19056795931505033,-0.2063284552532651,-0.9374004432549925,-0.2222373967036035,-0.044643354723984,-0.4814354977578573,-0.10346081079812476,-0.03855790188522241,-0.7165302362967714,-0.1558644634675934,-0.037780417597829505,-0.866958515231921,-0.19582314860969255,-0.04395799588040429,-1.0,-0.22568495318285406,0.04470153443776159,-0.43363573472446687,-0.12391210339525086,0.0671727000814879,-0.6437216827715254,-0.18324463322528803,0.07620898080577723,-0.7807636809006983,-0.217085587586797,0.07730241452165657,-0.9092986430965913,-0.2400044692728578,0.12390164233798584,-0.35033590842857953,-0.148639763792002,0.1659780100649997,-0.5040485275086575,-0.2054626467719942,0.19457937519162546,-0.6079171971065168,-0.22723302369485188,0.21465364554449587,-0.7094333550017218,-0.2407991306442326
hello,0.0,0.0,0.0,-0.1388216668285601,-0.0903183644511494,-0.06892417237658022,-0.2458535355468934,-0.2470864719301875,-0.11479399256458121,-0.32349476285670775,-0.3805553949679182,-0.1540093203364043,-0.4036089594251064,-0.4816022088983953,-0.194673496390517,-0.14076077196634346,-0.4756542637916141,-0.09858266680743863,-0.16649870882266168,-0.6913306225336583,-0.1614757000275641,-0.18329904341547923,-0.8234709195476126,-0.20597285187084172,-0.19598784230799254,-0.9455181517191116,-0.2390501660719121,-0.04133702067660124,-0.47770944403414867,-0.11120095278585074,-0.03570358124694585,-0.7119849850885527,-0.168857916227662,-0.0331839197830625,-0.8633785168937416,-0.21246085357870065,-0.03748385152565764,-1.0,-0.24474977915941631,0.04693538445154988,-0.4309318096276073,-0.13112793621129307,0.06907463145589234,-0.6361915577328778,-0.19433953186113442,0.08054934260945786,-0.7743110786590993,-0.23122070137386352,0.08385748309486785,-0.904498213153036,-0.25588510171328377,0.12506441648506955,-0.35035652188180705,-0.15552540449031285,0.16477430646819932,-0.5033976602459084,-0.214368792912463,0.19168131127984692,-0.6067972098763099,-0.23830941886916165,0.21015497156498938,-0.7069877891069029,-0.2536135010651616
hello,0.0,0.0,0.0,-0.1416456814220672,-0.08460567572337423,-0.06917905868396983,-0.2514293252811511,-0.2423698993307505,-0.11496126782230699,-0.32830806355592584,-0.3757839250991335,-0.15399311314406441,-0.4092726673645253,-0.47283958688440947,-0.19491577064356103,-0.14411583593693644,-0.47076574564680546,-0.10121219107770067,-0.17091320969013898,-0.6861138018351611,-0.16377764911352682,-0.18902097779532762,-0.8182957240473714,-0.20806290942705497,-0.2028105712196271,-0.9408137028875044,-0.24145038815326372,-0.045594229541712536,-0.475668297681734,-0.11399921914398879,-0.04098490247363735,-0.7113223179929247,-0.17156198800769654,-0.03890304125384221,-0.8635020207426477,-0.21526577708432762,-0.04340044901987933,-1.0,-0.24812152648565622,0.04220898604761896,-0.4304058611111199,-0.13386596533763992,0.0634982540543826,-0.6377897145350417,-0.19653582957420992,0.0728919060041867,-0.775092890993168,-0.233877767777724,0.07375328813637827,-0.903518938399463,-0.2595881185514698,0.12121869666908963,-0.35062659264793816,-0.15826000274220609,0.15999341820787372,-0.5032048614789126,-0.21717939890242782,0.18450185299886282,-0.6069940642670009,-0.24217662457431874,0.20045855374579802,-0.708041965052432,-0.25880853573201984
hello,0.0,0.0,0.0,-0.13829102896697934,-0.08468622944417137,-0.07038518631741615,-0.24463037037478613,-0.23796285106337625,-0.11792990816645577,-0.3224681193059544,-0.37033396035238075,-0.15854015115756243,-0.40415541473669986,-0.4702139758950828,-0.20061977246045778,-0.13970123472713653,-0.47217487815941456,-0.10158551456757778,-0.16489354495542313,-0.6888714686823767,-0.16492050125493915,-0.18246751053205934,-0.8216366100362428,-0.20950556810355153,-0.1960595167708176,-0.9441436854521285,-0.2426689776492346,-0.040410212444024866,-0.4750314186942721,-0.11399769396547692,-0.034884731282325304,-0.7115204769318951,-0.17196134618975067,-0.032801441981228446,-0.8633676089294304,-0.21504227184039357,-0.03742442035963905,-1.0,-0.2470301561560116,0.048013924844785234,-0.4272128614956292,-0.13369161979297134,0.0698711657405897,-0.6359262043200546,-0.19691372589051934,0.08024227033282229,-0.7736719109737726,-0.23238952785077127,0.08177703087061712,-0.9033871312424389,-0.25625256131147744,0.1269150861577642,-0.3454583209365652,-0.1579764143372011,0.16498874490874443,-0.5026749019142417,-0.21661770010018358,0.1900585777777296,-0.6078447471212853,-0.23948228566335453,0.20633090528291095,-0.7101599485667349,-0.25408877204985153
hello,0.0,0.0,0.0,-0.14119269811654903,-0.08711670808371244,-0.06689055063770907,-0.25064835066908364,-0.2389419195024089,-0.11300066094654901,-0.3276033799919008,-0.3675817671749138,-0.1528350792447991,-0.4066635608582409,-0.4655648942878317,-0.19443227318824707,-0.14349953920481529,-0.4715110810807762,-0.09975550098801493,-0.16866425797311033,-0.6872904679129757,-0.16204165423371633,-0.18691513134072787,-0.8185801642619212,-0.20627539752624177,-0.2019887852491396,-0.939969791688992,-0.23929919531329685,-0.0453593018022337,-0.47431235483823664,-0.11368724013169167,-0.039808282130734986,-0.7119186563956905,-0.17101439117663075,-0.037444408473216916,-0.8645142135856182,-0.21370855966410582,-0.042846529823093005,-1.0,-0.245523506122751,0.0427854363905242,-0.4285156529360606,-0.1346244422645473,0.06317602376056247,-0.6370077754252345,-0.19654153071579045,0.07315094792958012,-0.7747062360196321,-0.23232976120588025,0.0734553321955396,-0.9029552030375257,-0.2568413352303424,0.12280898939776269,-0.349477987300778,-0.15996760213509603,0.16027379242897155,-0.5055003265610918,-0.21729786650857813,0.18472055056282438,-0.6091510201227057,-0.24030581564852113,0.20010192766925622,-0.709423797335848,-0.2554867214692047
hello,0.0,0.0,0.0,-0.14226387284973693,-0.08280595727599459,-0.06886437123228503,-0.2534579572613451,-0.23732508105684133,-0.11458927930818197,-0.3322824771858716,-0.36909009843926044,-0.15350826234589426,-0.41400184393038675,-0.46734407061898,-0.1938269111683981,-0.1498209038188783,-0.47373348699570605,-0.09815572787754889,-0.1739122689373057,-0.6905210936783283,-0.15908297319918932,-0.18981839532842032,-0.8220151416426733,-0.20236615541194827,-0.20274327033456382,-0.9431776723369795,-0.23479538019389884,-0.05125884126459569,-0.47860397351580264,-0.11050240216312986,-0.045819739459716916,-0.7157208878446591,-0.1660543543885945,-0.04417131579141314,-0.866592210739242,-0.2075862616592696,-0.05028130767227775,-1.0,-0.23867106125154497,0.03729259004669147,-0.43352195089661577,-0.13017719862069643,0.05774917600293387,-0.6419974022564748,-0.1905999425629158,0.0659946402041119,-0.7780854511758368,-0.22526931081532853,0.06477086942660601,-0.9044663021518354,-0.24914156734039916,0.1177019170916775,-0.3545313587757626,-0.1545166434078403,0.1541078543286856,-0.5112451856357543,-0.21117037817620982,0.17671429075891196,-0.6151205637574583,-0.23385625616618191,0.18990186096262102,-0.7154004087464931,-0.248732875104462
hello,0.0,0.0,0.0,-0.142872416487522,-0.08719464571949669,-0.0644758389209656,-0.25318762182406007,-0.24189596303753055,-0.10785724188154237,-0.33242291870765417,-0.37200384461861574,-0.1454564497408686,-0.4128910627703685,-0.4699430602027725,-0.1847679980463316,-0.14624438496468473,-0.47437415525192944,-0.09215236374275405,-0.17013110395199926,-0.6886535103645391,-0.15251773395351834,-0.18532935344812596,-0.8197266569935395,-0.1958187809702373,-0.19693060168895637,-0.9402635539451042,-0.22803331625383666,-0.048053125441952046,-0.4789714728268855,-0.10613076348687978,-0.04537170315348975,-0.7147731670048105,-0.16093260252231575,-0.04475984164955621,-0.8655788697202498,-0.20256039171258486,-0.05115218182648473,-1.0,-0.23359325648057772,0.040182669522020355,-0.43391812194563284,-0.12716711621776455,0.058003260039287234,-0.6442031678309545,-0.187158722883595,0.06643715611868053,-0.7817588122894638,-0.2213227818967472,0.06568301174619609,-0.9088490774898249,-0.24443695007699495,0.11997616694198025,-0.35407249930970225,-0.15250867753601216,0.15324199194751234,-0.513556147100973,-0.2083246546554815,0.1741863012131941,-0.6184072837626745,-0.22971568695924846,0.18543215846679956,-0.7181028119747249,-0.2433875574599762
hello,0.0,0.0,0.0,-0.14077824630991226,-0.08950334595129136,-0.059272414275279676,-0.2533492875742391,-0.24895061420740858,-0.09872629132195304,-0.3365097923760807,-0.3755054014646781,-0.1332964346495734,-0.41802063012079704,-0.46424489750712034,-0.17011068212986277,-0.14736002886179736,-0.4709176448330329,-0.08884575907271647,-0.17204879452156024,-0.6905374756258436,-0.14698842610905236,-0.18765034266575628,-0.8242238739319016,-0.18910847546243534,-0.20078240599648506,-0.9447344514011616,-0.22083709304389262,-0.050144377074226074,-0.47703888417270124,-0.10409684431787607,-0.04831028393083663,-0.713908795376738,-0.15641163227599197,-0.04869774666092554,-0.8646187699910297,-0.19771456467345935,-0.055794451566387085,-1.0,-0.22901654657074308,0.03873401727586284,-0.43333793604195925,-0.12564519186831363,0.05868199305090859,-0.6446530551772165,-0.182399868769516,0.06549817784484842,-0.782513393019661,-0.21718622365396575,0.062043422879165824,-0.9118627597568572,-0.24176191882864762,0.11990682374703514,-0.3543424740221582,-0.15104612909599238,0.15647293802511844,-0.5090251671931639,-0.20533574686509853,0.17640321107467982,-0.6138327462837213,-0.2272000880654323,0.18626299368702653,-0.7158288602177363,-0.24162020624156497
hello,0.0,0.0,0.0,-0.14543146324618128,-0.08270339723324667,-0.06797309276207976,-0.25694835325307147,-0.23837928426001523,-0.11270535352186035,-0.33662500337421136,-0.37095856959250706,-0.1511400180198218,-0.4191822075040461,-0.46627529147505614,-0.19140333465736042,-0.14750497860909054,-0.470741429434993,-0.09728929758366191,-0.17200325269430208,-0.6892923935687395,-0.15887700512947098,-0.18865208868000033,-0.8222459550590494,-0.20291146307570918,-0.20211557825893603,-0.9442754788857985,-0.23577550912458267,-0.04936028133788003,-0.4749922540831593,-0.110208959724447,-0.046044783532867,-0.7130001705964906,-0.1662607566181003,-0.04562215503994475,-0.8642877651050832,-0.20881383353076008,-0.052567077276756496,-1.0,-0.240730828204096,0.03894071667431185,-0.4298584394501976,-0.13028591491973726,0.056739011272910665,-0.6397734674922798,-0.1911373740923252,0.06429497251142482,-0.7771431786261593,-0.22575282897100765,0.0625432001302241,-0.9040466996304772,-0.2494243871913545,0.11942854083831861,-0.3509920544934452,-0.15499011814641947,0.15224623408474255,-0.5114359180231602,-0.21163326546171513,0.1733918372351335,-0.6157968896542454,-0.2332999740882716,0.18535649531368623,-0.7147799364348569,-0.2473624827510196
hello,0.0,0.0,0.0,-0.13999326472059373,-0.0934858965414859,-0.059167239958787886,-0.24901047717207073,-0.25319181906502636,-0.09926239261405032,-0.32779723151080725,-0.38361692875444736,-0.13433219493150692,-0.4087711318026481,-0.4730764894617263,-0.17159968698079256,-0.13756039299017742,-0.47198020945244873,-0.09106441129612483,-0.16389449833588007,-0.691167693807392,-0.1502494108680042,-0.18054479693296377,-0.8259747387895405,-0.19207158784461353,-0.1943467511467127,-0.9471504863605132,-0.2232971420879533,-0.039219581118760664,-0.4781151190462,-0.10635283926353088,-0.03727761498678832,-0.7146328904203162,-0.1603313789090033,-0.036311272548331455,-0.8660106608863253,-0.20056150216862015,-0.04152788384745875,-1.0,-0.23032500851031062,0.050450991652057034,-0.43269474962131116,-0.12785544852460376,0.07084554872372278,-0.6410497354250856,-0.18629356298122313,0.08112162693485733,-0.7803374427758305,-0.21980434193057233,0.08263547242907643,-0.9103126845729981,-0.24273993830080087,0.13159036216276174,-0.3519471936623951,-0.15312259625752528,0.17151267987777497,-0.5053500520887692,-0.20773272758455458,0.19550363229196135,-0.6113536319234409,-0.2284585208202121,0.21053526180828147,-0.7146712893383038,-0.2417174988648573
hello,0.0,0.0,0.0,-0.1381179030743854,-0.09695524888688475,-0.05708616821400341,-0.24270723287063795,-0.2655781246936624,-0.093739453224178,-0.3165928233893292,-0.4013228455671582,-0.12549663825080504,-0.3953363586203831,-0.4926209275332412,-0.159067347777803,-0.1264048616128586,-0.48387230839605244,-0.08242434012736902,-0.14846270791771174,-0.7015111045899622,-0.13733264392504782,-0.16395276547959972,-0.8343747947396615,-0.17736130109169757,-0.17931615454315722,-0.9533600174408609,-0.2074025266283921,-0.028588411494813865,-0.4855027361570169,-0.0973466538042872,-0.02080164173938435,-0.7209069247644232,-0.14566948880067912,-0.018279655674906834,-0.8692827626670531,-0.1830899787945454,-0.02376109490009316,-1.0,-0.21097512940673277,0.06015226782237969,-0.43611973010032923,-0.11863517193735254,0.08312326570542564,-0.6430356132729432,-0.1722043708386072,0.09597523947077143,-0.7791423603039357,-0.20331667700847436,0.09937884551150357,-0.9059013877609139,-0.2246800149348207,0.13861915616193005,-0.3512371094248681,-0.14381137170351274,0.18102148115227856,-0.5050750068145303,-0.19447285321357108,0.20896119092240417,-0.6078729531224463,-0.2125007078151205,0.22758480306888318,-0.7073785123064951,-0.22366583122520273
hello,0.0,0.0,0.0,-0.13649861723987375,-0.09935269587860444,-0.056920478577812524,-0.23931879103193787,-0.27141968054173815,-0.09180843052110457,-0.30499658802362867,-0.41001990831791335,-0.12161504129767345,-0.37619340093394243,-0.5112609129290282,-0.15318050020681284,-0.12168450635192042,-0.4875756186077602,-0.07998261441624409,-0.13451339393096695,-0.703391189092049,-0.13337816017744505,-0.14450017182146774,-0.8349564057147475,-0.17254113859389586,-0.1552096811918734,-0.9537734520375369,-0.20222039755991872,-0.023596007280976758,-0.48370118920915417,-0.09460444409255524,-0.008202024177584475,-0.7189689509477191,-0.14099492799645744,0.0005035071186672774,-0.8674309547579875,-0.17800021105230324,0.0006067929311046391,-1.0,-0.20602043604756856,0.06329957610192434,-0.4304761525308008,-0.11571538889346734,0.08816435671222504,-0.6409846628644745,-0.16830324588290846,0.10407701227077627,-0.7764605621162087,-0.19930232658533634,0.11033293791288806,-0.9049530931206848,-0.22092262254360814,0.14102946342212816,-0.34299917142523967,-0.14070628183969694,0.1834756250193773,-0.4944103396366843,-0.1920362683896587,0.21172362170310408,-0.5955149908229523,-0.21069452287109416,0.23065435869493575,-0.6949779719000673,-0.22235018322750022
hello,0.0,0.0,0.0,-0.13435716953091847,-0.0936638758526617,-0.06501314017172831,-0.23290446993754388,-0.2618037646991692,-0.1041591739285833,-0.2965096893227933,-0.40384272766061136,-0.13709217017243447,-0.36421235997434365,-0.5152138004217129,-0.17086856783812135,-0.116479143643751,-0.49072837272465597,-0.0814516908238315,-0.13021923304099092,-0.7028013508288161,-0.13663365612768377,-0.14104749716658985,-0.8323556218488131,-0.17775695532055238,-0.15026079638923356,-0.9505640755990225,-0.2087428167338991,-0.019985568417650368,-0.48630592865881433,-0.09298230802973156,-0.0017683732366096457,-0.7204617075334113,-0.14094890989782022,0.008229477180221507,-0.8679670644928723,-0.17979491526169017,0.010319421303946839,-1.0,-0.2088754269504764,0.06392425716836214,-0.43416736004833695,-0.11217754799845085,0.09043847896970394,-0.6445307595930093,-0.16650038552644886,0.1050702209759943,-0.7778297138165758,-0.1989871443918796,0.11064793822888123,-0.9040986378255444,-0.22141924687220169,0.13837147276933195,-0.3484058798765641,-0.13609273843209915,0.18290415218853298,-0.4971765889461474,-0.18874053871791327,0.21326851431272645,-0.5949859561603245,-0.20901983609885705,0.23435869383736238,-0.6905834347352642,-0.22174546178332286
hello,0.0,0.0,0.0,-0.1373390875902636,-0.0892982424821258,-0.06660727548125525,-0.24085577463782992,-0.25394821168762777,-0.10621846704981096,-0.3075809806039292,-0.39633402658145367,-0.13931824568646264,-0.3809360634812957,-0.5022614765292369,-0.1728364055143705,-0.12678630403541813,-0.4856193264484572,-0.07679664490812056,-0.1455655922808458,-0.6947362830594557,-0.12787012325824954,-0.1585267733614203,-0.8201033624021493,-0.166188018431993,-0.1684658091812234,-0.9367321235707337,-0.19570321707882027,-0.029082859514607304,-0.4875465264698794,-0.08704750849295717,-0.016799246650540466,-0.7224581150196817,-0.13079679441764008,-0.007354350950166469,-0.8691015593619738,-0.16715480946677738,-0.004419144359251292,-1.0,-0.19507670524748486,0.055839797202609946,-0.43937750484232324,-0.10535777198674917,0.07865307543313131,-0.6447128970928209,-0.15642243596968278,0.0940105147590442,-0.7795417421652548,-0.18792064408693393,0.10133014379691697,-0.9075376451581231,-0.21035724758768817,0.1317786723554667,-0.3582487302848268,-0.1286366719537232,0.17217971490542966,-0.5076241821606133,-0.1763228447778018,0.20301402265403942,-0.6044376210580811,-0.19421204929789856,0.22556032597538225,-0.6990852248890952,-0.20652424748950282
hello,0.0,0.0,0.0,-0.14010266484710704,-0.08365881490271973,-0.0677214374446157,-0.24969516246312695,-0.24048035147862656,-0.10879035119168429,-0.3220246405008513,-0.37726509660235286,-0.14351259970725214,-0.3958179517261386,-0.48335550087741647,-0.17866681784201602,-0.14379974963927034,-0.4799852048095367,-0.07879572134459617,-0.17500676565345033,-0.6901323958598709,-0.13325018295273566,-0.1953018328835819,-0.8161678202984749,-0.17418616130048103,-0.21089231441600736,-0.9331556143564913,-0.20513965687607724,-0.04618692098672345,-0.48922435591970787,-0.08921066391902782,-0.04530445620823753,-0.72291998751622,-0.13639094938182467,-0.045080076308998435,-0.8681026619623514,-0.17545585944866626,-0.049420371459165294,-1.0,-0.20518894563056056,0.04089591855757891,-0.44761112484374993,-0.10781887592584956,0.05453441215982195,-0.6533896690049414,-0.1611173393247011,0.06263525672612329,-0.7884692531025096,-0.19387150838255973,0.0647898987396683,-0.9174975213638692,-0.21717977048496603,0.11939417607502673,-0.3715970926711521,-0.1315251554258565,0.1541357389310574,-0.5227153772079424,-0.1803913608200971,0.18202672834274214,-0.6210649454050982,-0.19876678093517364,0.20280318916947343,-0.7173534007753142,-0.21142711700559916
hello,0.0,0.0,0.0,-0.13880835203519917,-0.08372433556889684,-0.06228900942605018,-0.2494362245435755,-0.24528247522608668,-0.09831173152440739,-0.3230383358320348,-0.38035043911083477,-0.12897046767398768,-0.39845948797604913,-0.48222463824042994,-0.16034828189331515,-0.1496442940853438,-0.4784036096013245,-0.07167694002614443,-0.18738754888380124,-0.6838379065045904,-0.12553315560756798,-0.21348036572664159,-0.8065056646796772,-0.16617397284722785,-0.23615472707217625,-0.9207667642878067,-0.19632705402635361,-0.05423625748301257,-0.4899898588067752,-0.08306141382830166,-0.060467061259666464,-0.7227556176506297,-0.1286759770600416,-0.06612996540774757,-0.8692354243328134,-0.16684837051244747,-0.07657726884869161,-1.0,-0.1953598176635525,0.033742335838507574,-0.4506769463361821,-0.10238560450502954,0.042006412671902124,-0.6546071228206335,-0.1535369587460652,0.044229465072622064,-0.7882383015440946,-0.1845603750987966,0.04038730988409211,-0.9138509658586421,-0.20584856510145272,0.11534080113403722,-0.37705334889745706,-0.12651296676228718,0.1438716217804656,-0.5324661798780045,-0.17301697458108825,0.16725421698287793,-0.6336934121440531,-0.18933086233411298,0.18433399834017242,-0.7313490888546259,-0.19985669360876895
hello,0.0,0.0,0.0,-0.14212150743840973,-0.09726971411143151,-0.050544621713842885,-0.2507050391532819,-0.2735577376438666,-0.07976980521316683,-0.32018775824875123,-0.4132783881867874,-0.10566803050506027,-0.39755660387052466,-0.5080155720149311,-0.13255377210494831,-0.14542143531813082,-0.4889916773871053,-0.06465086654250243,-0.18041627523084444,-0.7027003138246054,-0.1158674324823617,-0.20611750194850242,-0.8297916405040072,-0.1535706930446271,-0.23241080423795527,-0.9452022736938668,-0.1819083201610517,-0.049778087602268525,-0.4967183045196254,-0.08069702047469446,-0.05183821232642961,-0.7302587445724511,-0.12455011253048796,-0.05693691871723568,-0.8743072029253316,-0.1595501470856588,-0.06969250535627881,-1.0,-0.18565403247816054,0.03950647213802936,-0.45392763619806914,-0.10352701940075612,0.05230225189682881,-0.6595123974404803,-0.15249378796577173,0.05943416635241164,-0.7920504374548225,-0.17970289321691188,0.057808800238103315,-0.9140968001275268,-0.1983815316740708,0.12249798966200223,-0.37500653592869343,-0.13030049079594025,0.16015748791910306,-0.5286787457600578,-0.1758905712612929,0.1838866146635595,-0.631872443769871,-0.19054945443635296,0.19808878987518946,-0.7303146693884016,-0.19958602944785392
hello,0.0,0.0,0.0,-0.13676469463277827,-0.10568673344072824,-0.05004375335824953,-0.2296196097785813,-0.2900617331659541,-0.07796760470801462,-0.287877213173435,-0.43781308309810474,-0.10240386388865673,-0.3617221574048453,-0.5332281893776468,-0.12817217841733036,-0.12379878658001567,-0.4833785413654593,-0.06321547270284693,-0.15024814518693827,-0.6928441967579471,-0.1134131385914413,-0.17054106931877744,-0.8205038011588697,-0.15023098772314197,-0.1900319168794737,-0.9342994918042142,-0.1777744308263078,-0.028575098925268393,-0.48921113808440164,-0.07920660506139608,-0.017126471437254917,-0.7209804045184643,-0.12273310216474957,-0.015098858443333097,-0.8702057745820159,-0.15900468940675538,-0.019789362136340884,-1.0,-0.18562371552119733,0.05802666126438816,-0.44195412653096433,-0.10161389935957425,0.08186606165367931,-0.6447464644047967,-0.15071312833027753,0.09129481378625601,-0.7787057375204861,-0.18086399073844692,0.09285649784458408,-0.9034772683568658,-0.2015881123604072,0.135951275387038,-0.35773459178989075,-0.12757687484735103,0.18488163919057618,-0.4985670860730509,-0.17375159520865655,0.21707162213172115,-0.5995333324716418,-0.19019654995622093,0.24140165914313216,-0.6985370323817532,-0.20034910101606196
hello,0.0,0.0,0.0,-0.1265986515715816,-0.11622888012913025,-0.053633244720274795,-0.2153722906173388,-0.3028964119139022,-0.08195186360300104,-0.27061292742131937,-0.45219233011505894,-0.10637602812044464,-0.3375237272650377,-0.5540165559788329,-0.13165552562692556,-0.09835990069004552,-0.49384268825469074,-0.06430379903331761,-0.11424795230572363,-0.7037514252995909,-0.11311212839568878,-0.12488242537086686,-0.8302255191277789,-0.14898411271918832,-0.1330541138379844,-0.9474652214641056,-0.17687868800836806,-0.003418880204434063,-0.490697703741881,-0.07758972118004338,0.012870032816696709,-0.7176853870168889,-0.12224407169087462,0.02380861065709923,-0.8664325068653426,-0.15967468055013934,0.030689276720985224,-1.0,-0.18777159102775284,0.0810028995466536,-0.43869832648681667,-0.09782720770197614,0.11017804445831435,-0.6363511069571433,-0.15069867523123912,0.12701457373757116,-0.7620649388471828,-0.18360546287083793,0.1380168095600104,-0.8805572236223476,-0.20562259825113877,0.15679442569730007,-0.3519950166395135,-0.12182577439041087,0.21057762745037262,-0.48609664139786274,-0.1740436421264616,0.2480410941607505,-0.5797184881167973,-0.19587268217985374,0.2789567201025953,-0.6728072539627751,-0.20932338612155246
hello,0.0,0.0,0.0,-0.12589488049233352,-0.10451362599535048,-0.06639027572462947,-0.21106954386103038,-0.27821096071960477,-0.10391353975248288,-0.2616707235194674,-0.4269547360202602,-0.1353173420405041,-0.3246088472195796,-0.5406383802331761,-0.16722173372034735,-0.09442175085456346,-0.4889429219400286,-0.07795764244443981,-0.10728339577168776,-0.6969117180716937,-0.13142651402700606,-0.11760306702445703,-0.8257345746646809,-0.17113379733529843,-0.12212810906919831,-0.9453431922510831,-0.2015073667752778,0.0011086252408414635,-0.4864921891914944,-0.0876237831417811,0.018883632840606145,-0.7155516773063372,-0.1345110234102551,0.0317435281716169,-0.8660063291277658,-0.17383575971482304,0.04235835460173953,-1.0,-0.20397640456852484,0.0838695596073054,-0.43481676365934685,-0.10523000488869909,0.11456692276233403,-0.6353362157764554,-0.15878347989476796,0.13182291564151855,-0.7645204931208461,-0.1925859428746193,0.14467773717280005,-0.8862227966696629,-0.21653869530162329,0.15785806920050477,-0.34872181799493057,-0.12795653801820564,0.2115322219087547,-0.48220404110652576,-0.17937135176382896,0.24871608810040874,-0.5750303006445038,-0.20133837862653672,0.28059232237873727,-0.6679136841690887,-0.21609200409701138
hello,0.0,0.0,0.0,-0.124537751640603,-0.10416166241647158,-0.061460571752605324,-0.21403861418341028,-0.2762859674445045,-0.09711229737409656,-0.26812025598721945,-0.42342415605430245,-0.12717280551209553,-0.3284773861114313,-0.5365331662856109,-0.1574045645416731,-0.104030339809276,-0.4881934983060827,-0.07178683428364516,-0.11882027503818395,-0.6934853356786507,-0.12211603210680452,-0.13011804380059525,-0.8184520074270327,-0.15936460476086198,-0.1362243263099944,-0.9350059394826755,-0.18791389678021392,-0.006526497354409401,-0.48856113161416787,-0.08278239591198425,0.009569577250129977,-0.7156989352676223,-0.1275727554677709,0.020368740057572846,-0.8651326885460395,-0.16470047151522288,0.02806235505354721,-1.0,-0.192651878213507,0.0774583782357932,-0.4377526686114253,-0.10116961693619997,0.1035538688440614,-0.6380266875359666,-0.15290088153747378,0.11956070356896088,-0.7659275140328617,-0.18452149087524608,0.13056634296066863,-0.8884718042444499,-0.20647524493232502,0.15151872932910201,-0.3529205391051121,-0.12405029556173959,0.20405293412193973,-0.48791886695099485,-0.17242865602829793,0.24132379487338765,-0.5821647101333415,-0.191698061382297,0.2730040396356301,-0.6767949409737252,-0.20439796800851118
hello,0.0,0.0,0.0,-0.12819983052463527,-0.09894855713410572,-0.05686413554731414,-0.2222481224958732,-0.274460252966425,-0.08977192280499371,-0.27803886948303047,-0.4163227619221132,-0.11794732892586413,-0.3418494344113455,-0.5179417704934336,-0.1473292375563109,-0.11239435505886784,-0.4824987349739168,-0.0711369942788021,-0.13504990433674172,-0.6894469075418566,-0.12113406176341979,-0.1511171351777845,-0.8157203366426272,-0.15744412339230787,-0.16373393822423266,-0.93236656349708,-0.18503498254900505,-0.015458819306931893,-0.48575079645178204,-0.08371313774049623,-0.0011400332629456173,-0.7175119503583444,-0.12856519459863033,0.00747937993157949,-0.866137736842219,-0.16487456194540986,0.012020646142570809,-1.0,-0.1918640956536438,0.06801416758682924,-0.4381278045966589,-0.103027933756225,0.09217968126764717,-0.6405778225664431,-0.1537151011262178,0.1072767685756721,-0.7720709306814196,-0.18494373404330955,0.1159004135849541,-0.8972227084645948,-0.20677903860150743,0.14185122411633647,-0.35720642567568966,-0.12640700213366743,0.19417382258460467,-0.49618892020088956,-0.17222736212621415,0.23186492153091365,-0.5904108047399675,-0.1897352503832059,0.26229501981966036,-0.6837689582546022,-0.2017500336990823
hello,0.0,0.0,0.0,-0.13203888965829086,-0.09394447448028242,-0.06577864154901719,-0.2318187061045519,-0.2561365639602515,-0.10641949686560054,-0.29501769826423363,-0.3955832468485138,-0.14073855974386648,-0.36249541779626315,-0.507198574215146,-0.1757407304444202,-0.1275104094703468,-0.4810382790267886,-0.08018557574056347,-0.15248497322054932,-0.6876463518076392,-0.13555421484433533,-0.17076058054452037,-0.813884623530717,-0.17628443743389655,-0.18679043136712323,-0.9313138483068603,-0.20688343055364836,-0.02810645598242336,-0.4882037218508231,-0.0907040914327074,-0.018507639219473775,-0.7219559822214757,-0.1394474897731051,-0.015490417042338956,-0.8676600790155639,-0.17840243507400833,-0.018390187652879388,-1.0,-0.20749980453128025,0.05782403521142336,-0.4427469148887537,-0.10882993455034393,0.07754405454382561,-0.6492221480635364,-0.16278178048475436,0.08968005843327596,-0.7854733228595966,-0.19501297128706746,0.09414537139212723,-0.9158996985155566,-0.21789731886492497,0.13341564812874487,-0.36232372675525604,-0.1317398428730705,0.18123449671846695,-0.5072294400202709,-0.18058789558396976,0.21740733607509616,-0.6039899705873103,-0.1989950639159767,0.24513604484945045,-0.6993925851812103,-0.21162581794920204
hello,0.0,0.0,0.0,-0.1351988547289825,-0.08561167315126059,-0.06648096692869954,-0.2409460314528236,-0.2448911599145782,-0.10632246030903053,-0.30814914557024414,-0.3835595672088304,-0.13960359101840558,-0.37357580412430436,-0.49711958361768416,-0.17319676496044725,-0.1422358116481797,-0.47983771546410237,-0.08020076441600603,-0.17239189650359446,-0.6898470082333233,-0.13372790392916142,-0.19326583450336887,-0.8171419229919926,-0.1733374887954236,-0.20993286575121684,-0.9348469123619756,-0.2037148766783835,-0.0433427611326214,-0.4900296949121661,-0.09061581916124616,-0.04084587515101988,-0.7203848680985795,-0.13857555085470233,-0.04123467172435286,-0.8670445798165878,-0.17802402234584927,-0.04699847515046175,-1.0,-0.207976740667638,0.043479501580616954,-0.4466281506903142,-0.10869025754644139,0.06165607895910182,-0.6523073892863724,-0.1629661556606745,0.07179125575891984,-0.7880426734620998,-0.19660185282136125,0.07383984191759979,-0.9182365937423286,-0.22065142794025297,0.12041999392004618,-0.3667611967156727,-0.13154428770333643,0.1647820520195232,-0.5122993937059965,-0.1828647602329546,0.19696331782197943,-0.6094514565558313,-0.20344366878852266,0.2205394775254606,-0.704899619998385,-0.217371705144378
hello,0.0,0.0,0.0,-0.13633458183280775,-0.0848193574706709,-0.06445806090426164,-0.2393219747269453,-0.2464757009040648,-0.10276081331099284,-0.3062064261544075,-0.38665283617723073,-0.13517361224851845,-0.3781684157499662,-0.4955452464748936,-0.16820871369343623,-0.14280210571713253,-0.4789796952293064,-0.07861077015649309,-0.1772093650736129,-0.6866179609548204,-0.133929635131257,-0.20066842382293434,-0.8113933081911205,-0.17459148262463625,-0.21975686731520708,-0.9283677014537443,-0.2051418926596586,-0.04692619046679337,-0.48899053453454316,-0.08995844813763391,-0.049236404852535574,-0.7190607980613395,-0.1393859749049053,-0.05137511351490216,-0.8664923473643912,-0.179301689529428,-0.05736678077657648,-1.0,-0.20893629981496348,0.039870864801464186,-0.4463439141839898,-0.10895705182809264,0.05261619781857636,-0.6491905145135821,-0.1653106414644108,0.059301063945442524,-0.7833464264916782,-0.19959453017011308,0.059744269896906406,-0.9116523966489647,-0.22296059281132274,0.1188156130486434,-0.36754959224334866,-0.13244619359623053,0.1597793783383966,-0.5156607509152055,-0.18494411121894594,0.1904663448721762,-0.6125005337128944,-0.20532893884672399,0.21277087947632628,-0.7076683599567863,-0.21841647601377234
hello,0.0,0.0,0.0,-0.13481905571968783,-0.08994788989891866,-0.06038639174638483,-0.23797717680712713,-0.2549881603226272,-0.09590223739595591,-0.30276389680524296,-0.3929640422390636,-0.12634062827905918,-0.3739998040970251,-0.49853381828117654,-0.15772454879569078,-0.13761755362843936,-0.4819551568074276,-0.07611241620231304,-0.17036655738601364,-0.6902815024684361,-0.13072361895589132,-0.1936924566030018,-0.8164808724116229,-0.1705370184396405,-0.2133364446804424,-0.9341883311579621,-0.20022351547743142,-0.041967632876200825,-0.4888255670797819,-0.08887850439573886,-0.04428715658382209,-0.720229481701277,-0.13667385599082085,-0.04543478165729134,-0.8680723404445392,-0.17503026657728768,-0.050258001330353554,-1.0,-0.20356958972303466,0.04585311707485727,-0.44514091817134543,-0.10898698375055663,0.05814257721056452,-0.6523278051426832,-0.1641294413529253,0.06713769105108262,-0.7851710922827086,-0.1966344349161455,0.07025183548499499,-0.909067090813301,-0.21842040681034003,0.12684532638983168,-0.3665832838274514,-0.13333721143700702,0.16624239821335765,-0.5182380841970412,-0.18533449460293625,0.19771573160895403,-0.6168930085964048,-0.2047725070801781,0.22173663069352045,-0.711230397464216,-0.21678722028693068
hello,0.0,0.0,0.0,-0.13470237983225675,-0.09522634542920126,-0.058740431899425266,-0.23714939131124474,-0.2656062008604851,-0.09303521601532527,-0.30134197210764324,-0.40454736595515284,-0.1224306000958437,-0.37190395877303023,-0.5085360233646083,-0.15289804810683705,-0.13524850855434742,-0.4819915625807151,-0.07442830505276576,-0.16330048222357746,-0.6886269996069759,-0.1290972778407794,-0.18475049619791561,-0.8151251876587664,-0.16917912888300274,-0.20468392508281644,-0.9324982653900847,-0.19877527477715895,-0.0387101068350839,-0.4873508099614418,-0.08777046327532877,-0.03544025093536894,-0.7201698855550435,-0.13439816220552278,-0.035607143561297315,-0.8686264903060131,-0.17201000462960134,-0.04095534261425801,-1.0,-0.19977919051111395,0.049714061642393205,-0.442294651446143,-0.10832070660127424,0.06452555763402845,-0.6515099179176614,-0.16173113001586054,0.07261401144436092,-0.7875359413105644,-0.19310123987890485,0.07449043068851786,-0.913565069463217,-0.2141298903934852,0.13053437572659035,-0.36215502214089373,-0.13306293137429287,0.17190416536777706,-0.5139917415097306,-0.1834748229140269,0.20456841167219,-0.6127476683649503,-0.20111022207955478,0.22962979164515573,-0.705896973086049,-0.21165091062301825
hello,0.0,0.0,0.0,-0.13019714452739198,-0.09546146298305269,-0.05925991028843036,-0.22681429279957235,-0.2685342012094809,-0.0927493520308861,-0.2879034759354467,-0.4087621437627119,-0.12139491178563105,-0.3612986483029105,-0.5083710134798088,-0.15112891791236213,-0.12603205010012306,-0.48351739254101045,-0.07073120008038021,-0.15228773338821877,-0.6861495714218333,-0.12396672918003017,-0.17186184589481146,-0.8118513172507537,-0.1636564276352335,-0.18966683175180343,-0.9293690210236993,-0.1935032263056907,-0.029959736378332255,-0.4883146880033846,-0.08342807728240868,-0.024753480008976057,-0.7188516149042578,-0.1291741245296319,-0.02331756091355685,-0.8676190060159596,-0.1669714854722037,-0.027809341674777992,-1.0,-0.19513420135139284,0.05731857786658548,-0.44208825908790106,-0.10356169708490683,0.07317273622539625,-0.6481480091875953,-0.1566815247746154,0.0813705353761011,-0.7829383260510063,-0.18818253592107806,0.08302442402438973,-0.9083417037214907,-0.20935854597769296,0.13725801806360138,-0.36059185522819626,-0.12805053168389288,0.18147948441982223,-0.50909013434071,-0.17790113990827716,0.21466838612484437,-0.6073954746662207,-0.1958811267300524,0.2393770215782711,-0.7011383727893957,-0.2070491630316308
hello,0.0,0.0,0.0,-0.13228443569918347,-0.09115635929769471,-0.06997381952031892,-0.22762281223381245,-0.257479446257405,-0.11131751436906047,-0.2884921678458582,-0.3996632291796057,-0.1458932382379792,-0.3594217756553264,-0.5058339171586654,-0.18119380165888835,-0.12432315286937642,-0.4799430704146941,-0.08455942405760794,-0.14797031361037719,-0.6838995093732484,-0.1428859874186558,-0.16781783991431565,-0.8084239935911967,-0.1857611369439839,-0.1840044000261326,-0.9257798009643714,-0.21772417852119777,-0.027666405118254706,-0.4849858269757412,-0.09369946479796473,-0.021614367880271757,-0.7140863588293892,-0.14553318111448962,-0.020110542340044866,-0.8636936515160268,-0.18715926019070117,-0.022977390449529272,-1.0,-0.2179802789344407,0.058173863739814966,-0.43840797291708666,-0.1108827529529348,0.0767409991611861,-0.6402607727948381,-0.16924363870591116,0.08458006892585612,-0.7726998871841767,-0.20381152412769366,0.08674930635857944,-0.9001762527650817,-0.22697872729993213,0.13639502856107769,-0.3573721718271222,-0.13308121300605125,0.18112865722486238,-0.5029123666946983,-0.18645859196363873,0.2127655638093848,-0.5999450041206883,-0.20704921417445796,0.23718700747034033,-0.6959374962892457,-0.22026421341774205
hello,0.0,0.0,0.0,-0.13301856330397885,-0.09099784234436707,-0.06994380958087355,-0.22912076524057265,-0.25191728631875104,-0.11203908010609671,-0.2907411009678515,-0.39232610635920656,-0.1471720648606799,-0.35900041822144835,-0.5023281914530395,-0.18242665410498998,-0.126172809601356,-0.4819304414300884,-0.08360145258563764,-0.14902848480493994,-0.6876730330551738,-0.14045739233466648,-0.16898828048979794,-0.8111211893863424,-0.18250527385750567,-0.18570876419593219,-0.9264546736636613,-0.21388101395779777,-0.029663210352292663,-0.4861877567085255,-0.0928302199851577,-0.02409060665896386,-0.7164226507025956,-0.14357003296992477,-0.022260926798150667,-0.8651980378113348,-0.18463119205492268,-0.02495439942994666,-1.0,-0.2150938739755734,0.055943588701722405,-0.43965867178765594,-0.11023553630182097,0.07443139099188684,-0.6418312584919912,-0.16759164133050514,0.08268036250966544,-0.7755388248168839,-0.20267351211001086,0.08477534505942116,-0.9041809628037701,-0.22653142211903587,0.13409892788047517,-0.3590762317165088,-0.13262742178121592,0.17908439302588897,-0.5053047842814303,-0.18523090709061404,0.21116820088028287,-0.6025203131836773,-0.20623837222542643,0.23574825447445502,-0.6991379756166517,-0.21994941207343596
hello,0.0,0.0,0.0,-0.13420926031762875,-0.08971437231687478,-0.07049085601442558,-0.2321206508382846,-0.2519721900793792,-0.11190216337037209,-0.29601219062560236,-0.3935385386158482,-0.14607357982767188,-0.3648177237763091,-0.5015593550895795,-0.18017037190851112,-0.129847802985378,-0.48321458576923104,-0.08175896896351781,-0.15343318023415511,-0.690089341060152,-0.13735987708184855,-0.17402919473055867,-0.8150749523341972,-0.17865488256534667,-0.19175709009928052,-0.9319715364025253,-0.20979185047630514,-0.0325184534990628,-0.4890226389337545,-0.09029437127363867,-0.027851738030494025,-0.7176086888876502,-0.13948934136456467,-0.02705971449991818,-0.8653739983017833,-0.17942374757861385,-0.03125032040239631,-1.0,-0.209078962140206,0.053344956245065245,-0.44245622211939495,-0.10704829932306918,0.07162417879046948,-0.6435611598645098,-0.16337655166203466,0.08168641464737604,-0.7772948478846949,-0.1973061972281468,0.08489784844054417,-0.9067597126418641,-0.22032589775012568,0.13136343783880106,-0.3612976739177787,-0.12893062450536555,0.1757484544012264,-0.5054269729903857,-0.18127050781509263,0.20876325458542,-0.602246364985844,-0.20155249998037258,0.23442051882690076,-0.6987375306103215,-0.2145176431098595
hello,0.0,0.0,0.0,-0.1334293805663509,-0.0899382217302265,-0.06650016132634194,-0.2337495275898892,-0.2512814968542388,-0.10673164015944397,-0.2987944661110414,-0.3914783936819248,-0.14056181964871545,-0.3678344211437168,-0.4992070565868159,-0.17464117132899945,-0.13212290955595393,-0.4813117619143248,-0.07989457606452816,-0.1588782354817538,-0.6864361059715184,-0.13529404779581525,-0.17987188849589666,-0.8097608335477963,-0.17625645330653641,-0.1969472895482453,-0.9260434519504157,-0.20705979186334234,-0.03570484883568631,-0.4878552810951242,-0.0903917933161081,-0.03327955349200776,-0.7171106216459329,-0.13945017385026165,-0.03278493792900677,-0.8655005153585144,-0.17873796003879636,-0.037274257407924186,-1.0,-0.2079251458160178,0.05075516623410133,-0.44185728411845965,-0.10880342336420896,0.06635556258746816,-0.6454565635230668,-0.1648932345828098,0.0748912089139406,-0.7804174392802012,-0.19814896382392724,0.07662647178384782,-0.9092639003116534,-0.22066116163942875,0.12921291239566174,-0.3611814488440192,-0.13196089666106417,0.17182451650725852,-0.5094990436583975,-0.1836769706263649,0.2040438350140036,-0.6071695410055995,-0.20319515004811572,0.22854382829319805,-0.7025427285818533,-0.21564636894546688
hello,0.0,0.0,0.0,-0.13423291083071506,-0.09116063568632223,-0.06862217436968249,-0.2356381018157354,-0.2523488437837722,-0.10942615572922959,-0.3024413035076544,-0.39206778769422357,-0.14354279856899113,-0.3722565361465185,-0.5038954753333381,-0.17784210192276967,-0.13409120187800147,-0.48265389377554163,-0.08067897045014169,-0.16298936109301976,-0.6898811845580184,-0.13678026663079912,-0.18390959255097586,-0.8146036711922876,-0.1782497388186279,-0.20036205563865647,-0.9311825451071047,-0.2091397408225929,-0.03756083465141745,-0.4895834973483249,-0.09006717179315608,-0.03762775276797664,-0.7206887913944018,-0.1389805687464136,-0.03787636967428412,-0.8676921480357564,-0.17823033659064827,-0.04175332622402897,-1.0,-0.20722309145205262,0.049884324699584176,-0.44490975000536775,-0.10760719965184792,0.06296082248448716,-0.6509456209786506,-0.16354605948523254,0.07101479355582116,-0.7853234614200955,-0.1962000986376985,0.07367273104642758,-0.912652802330325,-0.2182316807680564,0.12993905799331534,-0.3651425499023067,-0.1301235802763693,0.1693918503038154,-0.5129873034503983,-0.18241825438156314,0.20142174158871481,-0.6081369924779743,-0.20136547495369514,0.22655897740529476,-0.7004459716725235,-0.21301985093331197
hello,0.0,0.0,0.0,-0.13313573196508732,-0.09113413361619309,-0.06615762955892554,-0.2322375646493959,-0.25379940833112435,-0.10621965105596283,-0.2971110789015935,-0.39282170525797433,-0.14017297812408314,-0.37151577975108,-0.49808899382457733,-0.17488011517067925,-0.1309635113689839,-0.47905334767655033,-0.08196653233813166,-0.1600195652707327,-0.6852387460474252,-0.13839079139668978,-0.18139056532575107,-0.8110886761839087,-0.17984638478874485,-0.1983614353925718,-0.9292817097300617,-0.21087299969790485,-0.03439315011719452,-0.4858154692301748,-0.09286759180630187,-0.03486860550383187,-0.7178504357156652,-0.14211456620854007,-0.03539983907457556,-0.8669988418428808,-0.18157882702983183,-0.03954271006620576,-1.0,-0.21107722919491925,0.05367792094327345,-0.4419249212233711,-0.11146503506484909,0.06639802856298906,-0.649112986086427,-0.16735630631089574,0.07390734537453822,-0.7843233715194894,-0.19979193491203565,0.07635219972308456,-0.9114038631487617,-0.22191685668067426,0.1342561226054544,-0.3634592288961028,-0.13484420617689846,0.1746917305579396,-0.5132489500583682,-0.18628577055115775,0.20670295555993856,-0.6111565575188612,-0.20488303503347385,0.23197994810036623,-0.7057451842487951,-0.21676144181009416
hello,0.0,0.0,0.0,-0.13521044240023727,-0.09036268180810934,-0.06881368864709474,-0.23439295536504373,-0.2505203390930428,-0.10998069120375148,-0.30011365858893735,-0.3896366939060689,-0.14438164298848016,-0.37197227543077854,-0.49926953625564574,-0.17897814378572274,-0.13282739272901659,-0.4802412864700983,-0.08064437587411265,-0.16135788265570292,-0.6868626717845546,-0.1359052475179429,-0.18156106347269124,-0.8113429325351086,-0.17678531741283995,-0.19688521738264672,-0.9284772507241738,-0.207433042207199,-0.035399696979196614,-0.486243041197617,-0.08991551365610137,-0.03478106202050914,-0.717955962644925,-0.1378495816733871,-0.03479918066073748,-0.8660551266804647,-0.1768033575688594,-0.03847690584213578,-1.0,-0.20576953576326423,0.05207270292753723,-0.4400331535237683,-0.10723950687524511,0.06573335039355795,-0.6462600099320646,-0.1622043304770523,0.07364787741250928,-0.7808976521516177,-0.1944251815427714,0.07618341068961204,-0.9096775918030913,-0.21632819578038995,0.1318800210552951,-0.3587694375673591,-0.12955741106522103,0.17182839369419295,-0.5061121932214848,-0.18094225596181224,0.20300994565349742,-0.6024464469727722,-0.19936136737795038,0.22724963660690073,-0.6969113414121839,-0.2108086256083539
hello,0.0,0.0,0.0,-0.1334618499271278,-0.09292784295000897,-0.06603960540425272,-0.23023201210708433,-0.2532193173654917,-0.1071221093011241,-0.2954719192617196,-0.38874697755454074,-0.1423312623924299,-0.3695569871103588,-0.49461861043756394,-0.17853365038769028,-0.1283029274117324,-0.47940012520551195,-0.0819534290305131,-0.15609925033580735,-0.6854766895504857,-0.13918643316222326,-0.17653170332479534,-0.8103172354092233,-0.18133662087635846,-0.1929026422702092,-0.9278576078216598,-0.21286500445311757,-0.03154522661381845,-0.48369598495167093,-0.09372058770362156,-0.030646752003525766,-0.7158964919954447,-0.14432352584648656,-0.030431053548889545,-0.8651335999112821,-0.18554345794360894,-0.034190087714682044,-1.0,-0.21614033080012796,0.05578906950322387,-0.4367688407355586,-0.11313032206909202,0.06923445247600937,-0.6458206721059853,-0.17110870623306013,0.07788928573061486,-0.7809435615042268,-0.2057908840630781,0.0809732536605758,-0.9098692442422812,-0.22923829671708262,0.13506461674840228,-0.35512536195159944,-0.13702701685335814,0.17564649694861992,-0.5031161075376032,-0.19156583544799935,0.20739899489540553,-0.5998881523724006,-0.2120454668707996,0.23199363913684398,-0.6943500452419888,-0.2248767681770662
hello,0.0,0.0,0.0,-0.132315902889325,-0.09142097301342043,-0.06913059330924391,-0.2307343558602231,-0.24965940752918914,-0.11101692428202349,-0.29593712844662134,-0.38709849750783804,-0.1464357869172217,-0.36631893917182157,-0.49774077558310836,-0.18225044102744523,-0.12869817589213284,-0.4778218270578099,-0.08333593900115836,-0.15713517392970142,-0.6846730690016782,-0.14139617404324,-0.17882201952358426,-0.8096669082981529,-0.1838836457804505,-0.19608215230698112,-0.9274980528579368,-0.2154876501478047,-0.03157958639644712,-0.4842144788224692,-0.09315457148686283,-0.029854679346623666,-0.7150790188922246,-0.1443223733118701,-0.030289166335397695,-0.8643146869373299,-0.1853655985166123,-0.03492966005507759,-1.0,-0.21579184050544928,0.05556684768042767,-0.4395679053428139,-0.11115757494225305,0.07067208328911417,-0.6422554110763153,-0.1691690302533191,0.07792705367276861,-0.7760518164631985,-0.20367973998435268,0.07928771474773492,-0.9047384354151414,-0.2269876825252247,0.13535434388057768,-0.36002063161151415,-0.1341224742214957,0.17762153674027734,-0.5042058268563504,-0.18775236523550254,0.20859872325040515,-0.5996195203465103,-0.20841149755662178,0.23195462484463336,-0.6940615764565792,-0.22160590327807164
hello,0.0,0.0,0.0,-0.13619698915837483,-0.0911169228936533,-0.06727674555206609,-0.23697749473055146,-0.25181901764683046,-0.10725711241218447,-0.3027952932587265,-0.39052972324275104,-0.14083786157362896,-0.3728931280042575,-0.4977590499766055,-0.17459867399235307,-0.13306131389500836,-0.47889765485812114,-0.07962075592039115,-0.1606912733729976,-0.6852165563329264,-0.13491441841966917,-0.18233700961168514,-0.8092025648294232,-0.1756152412097844,-0.20038725210754268,-0.9258796327963028,-0.2061648203324924,-0.03567664760134865,-0.4867340474933242,-0.08961179243592117,-0.0339645249006045,-0.7169947115464171,-0.13789407417984248,-0.034523809899551894,-0.865412104985243,-0.17665088110978222,-0.039765506102198825,-1.0,-0.20549752443262767,0.0513313070599541,-0.4417550709551135,-0.10764096705724162,0.06659811021729016,-0.6451528310286123,-0.1629200150571417,0.07334758539162373,-0.778687129415636,-0.19543781160590598,0.07361757882710397,-0.9067192519612737,-0.21750821938301548,0.13045101663935996,-0.36151904583201694,-0.1305889436778301,0.17190204288269484,-0.5060531869934044,-0.18190520225597198,0.20194949869279982,-0.6017468773667543,-0.20082320671952078,0.22453867892680945,-0.6959656587107128,-0.2127836498856997
hello,0.0,0.0,0.0,-0.13343817009166348,-0.09420600477485101,-0.06871587651666747,-0.23211660866553796,-0.25486517444212264,-0.11031139698319073,-0.29864580910882293,-0.3925448118356167,-0.1455599349557307,-0.3695897471211919,-0.5012887231470239,-0.18122088067728742,-0.13041644920877407,-0.48240294493178565,-0.080021472065914,-0.15797654464405805,-0.690291040937586,-0.1361214037065492,-0.1778758881009084,-0.8149886634398238,-0.17768952867758192,-0.19355319304146243,-0.9323733001458203,-0.20881924355697662,-0.03307759816087479,-0.4882414765622798,-0.08977608423489777,-0.03220593568463704,-0.7183039904955107,-0.13949525997865825,-0.03302993408421353,-0.865959038218827,-0.1799266988586269,-0.038109653614260254,-1.0,-0.20993417440162174,0.05401556454535348,-0.44283822054295374,-0.1077197536034518,0.06874912076801444,-0.6484304060675189,-0.16487601764591298,0.077185934703211,-0.7835362287156633,-0.1987467573910209,0.07988744377965415,-0.9127556286848587,-0.22156629724747215,0.13258829690761373,-0.36314606329453464,-0.13053893030503325,0.17401464394775853,-0.5117916159252308,-0.18384173532686587,0.20747564286242481,-0.6081827689460279,-0.2035029740236138,0.23373646096228143,-0.7018134910127568,-0.21579326967661824
hello,0.0,0.0,0.0,-0.13482515016938063,-0.09586447317229868,-0.06674446494534453,-0.23260271518816533,-0.2551193696178846,-0.10730937920151257,-0.2982794026661092,-0.3895524004881721,-0.1418297673684981,-0.36903762308703975,-0.4965016578802135,-0.1766734548770591,-0.1292560309737634,-0.4831312501736231,-0.07744113435230024,-0.15745145887555032,-0.6873392284558523,-0.13284709819027862,-0.17805914035898412,-0.8103351260770181,-0.17416959832791853,-0.1946043048090494,-0.9261601099801272,-0.2050938433781332,-0.030793904741645874,-0.4891261721188625,-0.08771276186203193,-0.02854480216990985,-0.7184466730338762,-0.13619131335283813,-0.028981680184515746,-0.8660379882504253,-0.17556090560871995,-0.03405927728953301,-1.0,-0.20501576733655372,0.057286853893868665,-0.44452653768498496,-0.10622347692919312,0.07246976075093592,-0.6488827506088765,-0.1620675830553112,0.07802661477706704,-0.7837703249990744,-0.19493102920272765,0.0781510055631239,-0.9134361865427933,-0.21737379513940466,0.13670474162756877,-0.3654644313974975,-0.12957959754395454,0.17936593009594795,-0.5125492591860513,-0.1809463790623395,0.21197242551918621,-0.6088604042023217,-0.19956341896162233,0.23747116369410978,-0.7040712079127918,-0.2115127603334623
hello,0.0,0.0,0.0,-0.13801787971623622,-0.0957248206689699,-0.07039767921465767,-0.23835701640355325,-0.25257656522183886,-0.11387153565500673,-0.3052355252773312,-0.3876762790239255,-0.15085391727263348,-0.37522106044801584,-0.49894271785724154,-0.18834246991610015,-0.13315884320192223,-0.48071458758156416,-0.08582508631420273,-0.16125363347403052,-0.6875791934938321,-0.1454284512770224,-0.18316750455280922,-0.8116046981855216,-0.18952157563908775,-0.20150408838161912,-0.930339638821668,-0.22248197077215523,-0.03356768136383423,-0.48699266697180504,-0.09551217261336428,-0.032533732601698076,-0.7158008240230034,-0.14837961059137192,-0.034446509811593216,-0.8631848160545605,-0.19056390108486732,-0.04127395031520597,-1.0,-0.2224521507117199,0.05461448401868761,-0.4423065364079138,-0.11351026492283137,0.07211815949280324,-0.6460902027428109,-0.17296083707599094,0.07947993441266708,-0.7824093656829811,-0.20784330777113155,0.0797554549710554,-0.9143265930352286,-0.231852049762182,0.13406427170359064,-0.3627515618431653,-0.13659829504790574,0.18037860556730728,-0.5108546886655023,-0.19123765245033675,0.21354103277649308,-0.608398159686937,-0.21226071339040692,0.2377534285136151,-0.7052833493742547,-0.2261355348433784
hello,0.0,0.0,0.0,-0.13915288300860565,-0.08964550218842489,-0.069472480046785,-0.24199553295690623,-0.24988440412849466,-0.11103671196311908,-0.31075171947669605,-0.387792562209607,-0.14605146256716697,-0.3839091117708374,-0.49521851710761816,-0.1815019453868614,-0.136969310295092,-0.4782540856242881,-0.08288280229192131,-0.16463620694838696,-0.6865683115467622,-0.13969493835520733,-0.1865764936413708,-0.8109991326979715,-0.18204699419210432,-0.2063408188716397,-0.92855490128398,-0.2140201819437751,-0.036823421645407806,-0.48525605579655734,-0.09241814756109129,-0.034780657071670204,-0.7159336588157883,-0.14224663397063214,-0.03671876694692561,-0.864127328234049,-0.18292081335411323,-0.04417275027600298,-1.0,-0.21388120526122248,0.05222497791785862,-0.4403307430978324,-0.11008760088109987,0.06928407433299755,-0.6450622581287208,-0.16684984757391624,0.07624066242237951,-0.7811096556708195,-0.20087015258337512,0.07586523747673336,-0.9129973143701556,-0.22470055070126504,0.13275467530594373,-0.35999094641717494,-0.13279759909626154,0.17771709285231244,-0.5064784112579532,-0.1860177123783128,0.20869488360304433,-0.6020550757719045,-0.206107406687647,0.2304727652321108,-0.6975698513027988,-0.21933511837651123
hello,0.0,0.0,0.0,-0.1405410757326841,-0.09452841155931227,-0.0630620317741436,-0.2433729464065571,-0.25869427306094483,-0.09972155599707382,-0.3119269311825989,-0.394016092353174,-0.13057710612985662,-0.3853155285001858,-0.4936364472794196,-0.16187500399105975,-0.13730743958002142,-0.479219449148787,-0.0740183637763083,-0.16562445589478608,-0.68912649273492,-0.12515691865217926,-0.18488437379330896,-0.8149157214983048,-0.1632479542614431,-0.20041965982391094,-0.932201683034398,-0.1921664958699008,-0.03854562683697769,-0.48658718615166047,-0.0842721374666946,-0.03664742561711946,-0.7183193901529906,-0.1284110813815668,-0.036507941491045706,-0.8663430068247245,-0.1643824340081113,-0.041040596014511564,-1.0,-0.19184500138056218,0.05000641153661229,-0.4438202325878483,-0.10221951963991814,0.06677271259677375,-0.6494170331465576,-0.15359633373650847,0.0744235714649673,-0.7841487012834906,-0.1835837907906839,0.07573253918825358,-0.9136763750934865,-0.20461404141052617,0.1307258946146232,-0.36675718484520425,-0.1248538860074361,0.17386058783768935,-0.5170924804387761,-0.17285627578394516,0.20389005192740933,-0.61315400993921,-0.1892521204320508,0.22571516404477884,-0.7087238192569717,-0.19991998762171856
hello,0.0,0.0,0.0,-0.1368605301006247,-0.09519546463631878,-0.06017462045795335,-0.23846522932095812,-0.26531482266879325,-0.09402837824616005,-0.3081857058028472,-0.4018169163427746,-0.12248641887554286,-0.3837395829101584,-0.4947928899228858,-0.15198190138876613,-0.13300227289219468,-0.48100002465435737,-0.07215001915235042,-0.16112500927033782,-0.692482706764966,-0.12137701022377988,-0.1797485315435534,-0.8179497296654703,-0.15744985356889507,-0.19481693540748013,-0.9333270316662762,-0.1848106380485878,-0.03354020701475359,-0.4881528825685009,-0.08278870500323467,-0.02944758368831782,-0.7206259551691953,-0.1259593519345707,-0.029984190268555824,-0.8690820184592264,-0.16117842586300699,-0.03470355331175395,-1.0,-0.18812548876545568,0.055663450254543764,-0.4446511173863826,-0.10081972417743747,0.07554184937425344,-0.6442997079506709,-0.15163168724021933,0.08148035541801463,-0.7788299521096594,-0.18273812489219424,0.08202165331322123,-0.9069013036166146,-0.20454046222508984,0.1360285703077892,-0.3673680914522944,-0.12313827459504935,0.17831229045667754,-0.516474450849143,-0.17065468246915202,0.2069445834925802,-0.6131609551237793,-0.1880193228104881,0.22841573395173514,-0.7085679281945335,-0.19965995999886127
hello,0.0,0.0,0.0,-0.13623663700513997,-0.09627085398682328,-0.06028963548949606,-0.23995843110607548,-0.2639941031234791,-0.09483340915346358,-0.3086014936410366,-0.40344691657534243,-0.12413352732845351,-0.3830032084512357,-0.5013439015602801,-0.15409053471442927,-0.13632892476105896,-0.4838381585917386,-0.07104638264473895,-0.1631811361338243,-0.6953352531606094,-0.12180912020858795,-0.1816396205645947,-0.8202317988454594,-0.15959387913456377,-0.19674691882031983,-0.9368844037269943,-0.18824199468339672,-0.036314195013049645,-0.49143209288047146,-0.0816512373747379,-0.033442801474675383,-0.7247401023844512,-0.12415591229396926,-0.034200701708396716,-0.8704856446136433,-0.1586010598996801,-0.040397046812549416,-1.0,-0.18553529331169477,0.05340588740924886,-0.4482448450159349,-0.09994480928885699,0.07523370448392505,-0.6536138252035684,-0.1485425888661884,0.08111098281845666,-0.7883403649171933,-0.17672283660074434,0.07810572018694596,-0.9152331258708036,-0.19718847602864528,0.13550828959213426,-0.3705042317824618,-0.12294353374763725,0.17725107853537672,-0.5194298130618179,-0.16812960219539194,0.19976016589812914,-0.6202636225671353,-0.18408294067644643,0.21191726309357165,-0.7189322991021283,-0.19512038778143395
hello,0.0,0.0,0.0,-0.1394779434134469,-0.09514318358516716,-0.055386502946374525,-0.24211429537234222,-0.2707642632593043,-0.08517459746011553,-0.3097945712064361,-0.4119898049555488,-0.11038045217397145,-0.3819997701382551,-0.5102664097623635,-0.13611678723126788,-0.14238664097623635,-0.496315640739614,-0.06089474754631368,-0.17171948754352162,-0.7112428624547882,-0.10586614328035013,-0.1899209681235845,-0.8389305749923943,-0.14056707286828915,-0.20452211067166953,-0.9544720684176723,-0.16749272611508628,-0.044891295676571005,-0.5061768718520772,-0.07153642688917952,-0.0447678734408275,-0.7388009059257006,-0.10799625854925456,-0.046407842341885545,-0.8795488219585573,-0.13922388252248244,-0.0538018186120407,-1.0,-0.16424714588319636,0.04457338336206605,-0.46531480918094853,-0.08969096158816205,0.064946814048609,-0.6711463746070379,-0.1308283175020315,0.06902028867930907,-0.7995163168035696,-0.1559139274807355,0.06429562924652672,-0.9189415542710341,-0.17527454675531887,0.12725211100970152,-0.38867414393401617,-0.1127130080337558,0.16780253523983368,-0.5413627015515667,-0.15222678283685218,0.18826661258155022,-0.6445538586350269,-0.16684358302615007,0.200256417537099,-0.7454041037082108,-0.1774010248001419
hello,0.0,0.0,0.0,-0.13352182552793906,-0.10092482436378844,-0.052955732310249255,-0.23526303374916754,-0.277505886274335,-0.08055691843568856,-0.30348277484941866,-0.42162849371186184,-0.10426415292501127,-0.37588590920790044,-0.5205663434806558,-0.1286191869971931,-0.136699439249908,-0.5008346402120515,-0.0542391582395145,-0.1661833399451951,-0.7124737830907627,-0.09799160408702265,-0.18454296056246597,-0.8368806475696984,-0.13200287072186576,-0.19792979658836893,-0.9499429796924376,-0.15846649275126007,-0.041292402063617686,-0.5100651315051143,-0.0657074109988561,-0.043868116094287014,-0.7423749478909878,-0.1012632506354852,-0.04736403999911294,-0.8817803597017069,-0.13209324247724674,-0.055246977117283526,-1.0,-0.15699033207831514,0.04712939544137705,-0.46990983152856763,-0.08503791547457504,0.06690080348120682,-0.6804994580214726,-0.1258129724892825,0.07208056809295464,-0.8106287376526001,-0.1505439488637676,0.06952199039514144,-0.9288647862696086,-0.16983639360021416,0.127702640496089,-0.3942761064190911,-0.10916758716931803,0.16232464099382665,-0.5476759660579648,-0.14806108463661283,0.18268954856179126,-0.6502692308295396,-0.1625008671149477,0.19656953016655396,-0.7484895386607989,-0.17330477897013158
hello,0.0,0.0,0.0,-0.13763648566586645,-0.09434472813405671,-0.05820588390440962,-0.2445822897387589,-0.2662575358917927,-0.08807158052908072,-0.31362501687890576,-0.41002851632024995,-0.11306469534516835,-0.3848503282304757,-0.5148390764097711,-0.13798845907655097,-0.1476105900912439,-0.5026645911363704,-0.057999651428296606,-0.17742306933951396,-0.7213488393920504,-0.103699171283264,-0.1946969664487587,-0.851913364563396,-0.1390485923845187,-0.2079033629710962,-0.9704547639746033,-0.16634598986429178,-0.051634327397851565,-0.513041146234963,-0.06717066427247578,-0.05317482305708744,-0.7459644658139826,-0.10335810579099523,-0.055062676171284464,-0.8822082912474203,-0.1335269803076154,-0.06224464689799044,-1.0,-0.15805688332651818,0.037587906134077746,-0.47356080567429604,-0.0848517915971908,0.053311205202914255,-0.68413748189574,-0.1257389988638101,0.056518006407846405,-0.8121038155930136,-0.1488923643458179,0.0528677576572672,-0.9305446610706914,-0.16720605784744358,0.12007232130223922,-0.39888641217398013,-0.10806448654304586,0.15059149735438018,-0.5527467933896831,-0.14732727349986152,0.16871716615991283,-0.6549404843469183,-0.1610651903618458,0.18096254430584277,-0.7547887195637134,-0.17124470497649663
hello,0.0,0.0,0.0,-0.13451919896869607,-0.09709445272526077,-0.05694798044958258,-0.23952295195838516,-0.2661833874755721,-0.08733708424416398,-0.3104198023983232,-0.40639751630276205,-0.1136446215922683,-0.38148241115059334,-0.512498596622218,-0.13942526474547334,-0.1421646489973417,-0.5104719517645745,-0.04991629332022264,-0.1700681501548812,-0.7144491776434388,-0.09558823820862634,-0.18652933797383586,-0.8364394457319516,-0.13289775534626508,-0.19851188710422846,-0.9484223295432245,-0.16153954731288947,-0.0478125105538573,-0.5219924587270017,-0.05972802619741636,-0.05356074594891613,-0.7509795348726829,-0.09471666834536174,-0.05732998287346659,-0.8852273989240923,-0.12487824618924406,-0.06546735294502441,-1.0,-0.14916318527580258,0.04164075171759749,-0.4836915179390473,-0.07866716843466068,0.050540463983317074,-0.6943237209941969,-0.11853297052933703,0.04915902301174456,-0.8214985610243426,-0.14046344483603798,0.041455034254588095,-0.9369569536494364,-0.1576213621838563,0.12576163480048302,-0.4079807394195964,-0.10338987771898213,0.15248267798253148,-0.5633819563801281,-0.1406689845348191,0.1667571217809404,-0.666738227523973,-0.15321690094857351,0.1745666262919823,-0.765973785967926,-0.16244399196625592
hello,0.0,0.0,0.0,-0.14183470504434456,-0.09829502281773772,-0.05381492093447082,-0.25490987093488193,-0.26948440480861696,-0.08077957327576155,-0.3291495687692691,-0.4113640115534358,-0.10445474004150157,-0.40268980211985494,-0.5118836980000415,-0.12724556369406845,-0.1516211194513976,-0.5100337225723068,-0.03902221267889364,-0.17708989669247605,-0.7168082095529382,-0.07971709788687191,-0.19038270264730406,-0.8390433223402386,-0.11423857799151825,-0.19946641812603005,-0.9493929296437918,-0.14117142496163965,-0.05835775074698228,-0.5233914076790913,-0.04847681905745924,-0.06604482039541781,-0.75459685915142,-0.07903906159805327,-0.06939659281076845,-0.8878948503647661,-0.10704870905818668,-0.07539566293967755,-1.0,-0.1301302204849401,0.03112119102141031,-0.48959038423742296,-0.06730526583216946,0.03674975870092531,-0.7058999502593168,-0.10333475020399943,0.03500227077031848,-0.8322722981178641,-0.12440717214401038,0.02833081670295058,-0.9452650173832368,-0.14131653102192956,0.11757941528472911,-0.4198263331603434,-0.09187820499791235,0.142559727981947,-0.5762631599876127,-0.126001039814767,0.1554627516611885,-0.6789579786675065,-0.13797070427666294,0.16337978397335273,-0.7771090369936104,-0.14715719264468083
hello,0.0,0.0,0.0,-0.14271409565835003,-0.10029737594074574,-0.0507406274918927,-0.25727311397860714,-0.270111150192776,-0.0750965067469897,-0.3341107031760474,-0.40645706620724714,-0.0967580443488806,-0.4059647664256846,-0.5059538170997464,-0.1173974510698288,-0.15545949863714806,-0.5126212137214756,-0.029114166491679843,-0.18609073858209782,-0.7108303691021004,-0.06727662493511204,-0.20482952480894395,-0.8256940306148322,-0.10127621586958695,-0.22017886482944082,-0.9294608248298414,-0.1276409734453739,-0.06177977901740943,-0.530387544770308,-0.03918771592401059,-0.07174889804239618,-0.7558913348843264,-0.06608942650587198,-0.07842559674633835,-0.8885310171148623,-0.09291440298420055,-0.08883772743671758,-1.0,-0.11507470014696858,0.027945392901542306,-0.5002339409078768,-0.059067420298670036,0.03092322196996784,-0.7069901594951812,-0.09033513422475918,0.027055493703168617,-0.8323286115576434,-0.10927729045387592,0.01763041729205405,-0.9439180047292044,-0.12509337375402213,0.11353721042828013,-0.43355713238768623,-0.08484268263838272,0.13492218065354233,-0.5837597918142322,-0.11283172749864316,0.14660985936737445,-0.6833900663451634,-0.1208389065743844,0.15343797529844988,-0.7772916147865641,-0.12768438316236772
hello,0.0,0.0,0.0,-0.14578084480236464,-0.09505968586359531,-0.04927878093637943,-0.2642822433639774,-0.2642398728030431,-0.07290516532450655,-0.34144596334466815,-0.40381263098399234,-0.09394293994536665,-0.4166855535440642,-0.5008143675107868,-0.11441800553646063,-0.16145968447789144,-0.5109880988022855,-0.031654488794559565,-0.1882484050082003,-0.7129470443935554,-0.06937676269198896,-0.20237099263431768,-0.832306047091814,-0.10277373764046142,-0.21251314586625214,-0.9386762743912197,-0.12930751030854498,-0.06680558348059767,-0.531146692611307,-0.04266294845012421,-0.07814517140157685,-0.7578669007440297,-0.07030557152228034,-0.08599211934214775,-0.890549113142855,-0.09739102754743406,-0.09825972914019339,-1.0,-0.12036541494307158,0.02386088812159978,-0.5030785277056168,-0.06296924380277985,0.027645991565060597,-0.7107576322637698,-0.0951459124534014,0.023695403100592375,-0.8355442638454802,-0.11402739360030054,0.012854135613242586,-0.9456486966189225,-0.1303592712117361,0.11154503184520728,-0.43782220113465165,-0.08893475296701255,0.13394240348472547,-0.5900171227697663,-0.11869733226025293,0.14442791814913664,-0.6930800479826617,-0.12810223939744067,0.148452588474861,-0.7909056121140365,-0.1362946056746846
hello,0.0,0.0,0.0,-0.14718946974435876,-0.09279061557429998,-0.04861021462176027,-0.26927753007810407,-0.2623110704291099,-0.071065381211694,-0.3520121580928123,-0.39559364512381207,-0.0911390693477297,-0.4306293685141203,-0.4849080478829819,-0.11085045328046778,-0.16725375645036883,-0.5105848520616859,-0.02789829584643687,-0.19639287567807814,-0.7071878292629455,-0.06483875194046425,-0.20949465406075696,-0.8259814377620563,-0.09802547207310888,-0.2168976670692023,-0.9312219992372579,-0.12424908351936356,-0.07163712551140713,-0.5333029308344969,-0.03876165888579112,-0.08491194470760122,-0.75712372922301,-0.06500754337573425,-0.0920999510989386,-0.8902532922377298,-0.09165185604195392,-0.10138461263860127,-1.0,-0.11409361452357664,0.020995300783765884,-0.5067450491592601,-0.05907724223975536,0.02325804786254401,-0.713326826817075,-0.09022369025686433,0.01846481732817081,-0.837144000886187,-0.10863358075200495,0.008392751960709108,-0.945315492235032,-0.12432834847468838,0.11028367929460389,-0.4412664734513835,-0.08501081871814045,0.13067469975715698,-0.5919925159166891,-0.1127681065636311,0.1412883692456606,-0.6927928773676105,-0.12023218628830272,0.14643067896446382,-0.787552888153367,-0.12701944820900943
hello,0.0,0.0,0.0,-0.1485574860742225,-0.08969591296679487,-0.04955989145100479,-0.27225452468563616,-0.26026110377673534,-0.07135777755560513,-0.3555411295493503,-0.39747045529654634,-0.09058120240738311,-0.4372901163478207,-0.4840248973447479,-0.10922991043021921,-0.17006416451750384,-0.5122511123803223,-0.02526403270310584,-0.20220710959360622,-0.7091855167059047,-0.0605703803018867,-0.2164131192042393,-0.8277586182382864,-0.09285789320640006,-0.22484928117915956,-0.931144672382278,-0.11837559089903667,-0.07203043609886114,-0.5363509347947988,-0.035290822247441705,-0.08696842681281321,-0.7600435693129719,-0.05986850828483627,-0.09595444156271099,-0.8922655453221074,-0.08568699774327498,-0.1073931547906998,-1.0,-0.1073749809147839,0.023027373693553482,-0.5119668923157589,-0.05502138753881756,0.024263432744467923,-0.7166190712495591,-0.08511444828305383,0.01826901103138662,-0.840334766570921,-0.10269113238923618,0.007638847708883195,-0.9474015329712268,-0.11746314600655376,0.11520220163048547,-0.4497168029334729,-0.08055422646933727,0.1364114824073814,-0.6028424780688294,-0.10694905828325843,0.14730270095756084,-0.7046911915707736,-0.11333438661881289,0.15264822981460155,-0.8003176495597121,-0.11914616850453463
hello,0.0,0.0,0.0,-0.14924034853241389,-0.08620154436887115,-0.05403807929051488,-0.27328628943573435,-0.25616827998664454,-0.07522324195307864,-0.3569355769138121,-0.39334081168667495,-0.09281738199806885,-0.43836460896511475,-0.48034397725604944,-0.10966104512697075,-0.16688704674818006,-0.5100093379339217,-0.02533628871340766,-0.19951451680765267,-0.7084327534002047,-0.05959823540730846,-0.2150301217143201,-0.8287188039065995,-0.09194763242143182,-0.22522057674554222,-0.9351250287490227,-0.11784806682317915,-0.06968986524860032,-0.5337963526060823,-0.03224208280924165,-0.08357792985531719,-0.7569309407629792,-0.05499339953891761,-0.0914011550997729,-0.8897856380705066,-0.08076310181843757,-0.10176686221820547,-1.0,-0.1027704437637469,0.023671320365982216,-0.5086742102798825,-0.04941000593795083,0.025402475844187908,-0.7107488738133304,-0.07849197266574859,0.020209428338862967,-0.8338516652369541,-0.09712116480389807,0.010045924425434985,-0.9422791540923876,-0.1127893297944519,0.11350344562360627,-0.4457050182003831,-0.07289904842338571,0.13316407658977034,-0.5948545987195007,-0.09924428100105903,0.14437476409044236,-0.6918298873373455,-0.10655520808739324,0.15112357534366516,-0.7837586838805644,-0.11311550988684815
hello,0.0,0.0,0.0,-0.14987471603214433,-0.08256257766544577,-0.05403851587667137,-0.2738530538485579,-0.2499085834033573,-0.0757401867935127,-0.3542735097407705,-0.38711234758804286,-0.09383998756789316,-0.4327197748473543,-0.4795846108577189,-0.11117774612994842,-0.16598498448132099,-0.5115620028058323,-0.027084289741183046,-0.19990563810893258,-0.710952460417422,-0.06103435896966071,-0.21649291772675006,-0.8308582784775176,-0.09302630604967894,-0.22767842895886584,-0.9372004182177496,-0.11856478530208309,-0.06916465123707287,-0.5342688872452724,-0.03445815109317019,-0.08493807360311856,-0.7587017985696975,-0.056391329005402106,-0.09362099838873415,-0.8914048154650029,-0.08141859494552532,-0.10410160717476534,-1.0,-0.10296854629544724,0.02378349850647564,-0.5094032214913424,-0.051994923515823174,0.024761139433893322,-0.7126364096593848,-0.07973193940677614,0.019169157045488702,-0.8363025040907257,-0.09742678855779327,0.009409758779683683,-0.9452809283680497,-0.11281363224391852,0.11240016752328576,-0.4475775550850895,-0.07601230142071645,0.1311751190524559,-0.5986194934065472,-0.10128871800540927,0.1436867860033423,-0.69741950032342,-0.10795627763285975,0.15341469281563258,-0.7908926013501117,-0.11414063148376544
hello,0.0,0.0,0.0,-0.15037485281966878,-0.08690838665261998,-0.05267881939226682,-0.2726521081841919,-0.25149940779326085,-0.07509251216986804,-0.3521926078964012,-0.38445764548973105,-0.09374016690082647,-0.4288022924545591,-0.47839569448168995,-0.11163383938913413,-0.16569952229609056,-0.5114939552111718,-0.03034360507379462,-0.20063606022154548,-0.7151121358848703,-0.06500410254557967,-0.21966642215323737,-0.8360514801264814,-0.0968600919198063,-0.23499109162965912,-0.9413668972221736,-0.12190572122076394,-0.06822600848196476,-0.5313480599521927,-0.0389255053732405,-0.08310705442969317,-0.7579842650275553,-0.06191704062642831,-0.09214640663896134,-0.891478071481246,-0.08777660565230368,-0.10465332780035436,-1.0,-0.1093728598636426,0.02456729104610318,-0.5044366883907891,-0.05712088403457235,0.02556258594595921,-0.7118318730957874,-0.0859774173774046,0.021342446343964244,-0.8376153158025825,-0.10501494183542791,0.01169440138602378,-0.9486593597977121,-0.12088332722493375,0.11175241959201553,-0.4412168501377122,-0.08126488458749846,0.13161217070415895,-0.5933160071066202,-0.10790482951237629,0.14542389155286847,-0.6925598325383917,-0.11497914000855498,0.15627872634876297,-0.7861020778854856,-0.12087226974815202
hello,0.0,0.0,0.0,-0.14800650382646177,-0.08468442952107748,-0.053845424460059306,-0.2698445355306207,-0.24878403268181898,-0.07692564130654352,-0.3509103767981374,-0.38392428937813583,-0.09647632229794373,-0.4289443938518161,-0.478198481791799,-0.11535323443503398,-0.16296233656692916,-0.5084498011883547,-0.029462012346665022,-0.20331870996754736,-0.7095556504950008,-0.06526396415263051,-0.22433721109553859,-0.8301938330413398,-0.09787419206866824,-0.2393508662049884,-0.9360204587581953,-0.12349802437707791,-0.06450932294696114,-0.5316738126761054,-0.03766487404290872,-0.08141935575100512,-0.7584499936962418,-0.06138667154995258,-0.09156963160780697,-0.8921189301125667,-0.08720069727558656,-0.10332101306190515,-1.0,-0.10891254180985713,0.029215136944160603,-0.5066818087537046,-0.05592351209930989,0.029883384322255683,-0.7135688449155762,-0.08594426829969141,0.025266275159293278,-0.8397111429655273,-0.10505738761418973,0.017110941035254214,-0.9507860237033912,-0.12107222374202589,0.11682218620496881,-0.4437948022730491,-0.0803340021970892,0.14110184094242342,-0.5920821576059971,-0.10796909565686824,0.15808691682098217,-0.690079102540831,-0.1158012090385535,0.17236274170152752,-0.7831526757651261,-0.12241909642339965
hello,0.0,0.0,0.0,-0.14852042462447887,-0.08564507761520407,-0.05504369572588264,-0.2689019557963193,-0.24729062032451443,-0.07981973530816318,-0.34906306708282464,-0.38314808088129315,-0.10064600571894473,-0.42746978515858386,-0.4785889056015069,-0.12097178719989705,-0.16075567571964458,-0.5080479690949027,-0.035502176469103586,-0.20119618228020855,-0.7098927210462294,-0.07212830890220027,-0.22107930533533082,-0.8298176983707916,-0.10462025375788775,-0.23602083851203207,-0.9356949996293388,-0.13036108447728348,-0.062409412877492576,-0.530476229344036,-0.04367743786228164,-0.079040657303136,-0.7578302449913306,-0.06980862667123822,-0.08926236732760105,-0.8914351772289254,-0.09691063992530022,-0.10245594748888734,-1.0,-0.119396249413836,0.030809894464099097,-0.5039226039725785,-0.06151559764366781,0.033450654558352756,-0.7095082693858105,-0.09469765405543878,0.028772832680015185,-0.8380668185666071,-0.11693417848922485,0.019102319373346593,-0.9515741412437039,-0.13476103292772,0.11811388239405302,-0.440350315825079,-0.0851211010985876,0.14582730294209822,-0.5917507678007874,-0.11618869087858563,0.16346601792432364,-0.6921104317093938,-0.1270007550584922,0.1762106044676335,-0.7866304485015031,-0.13553509015487566
hello,0.0,0.0,0.0,-0.15012370364118005,-0.08511892151442771,-0.053454865544444626,-0.27383586936045834,-0.2454198070044322,-0.07865297985348461,-0.3560199736941105,-0.381664722326411,-0.0999799707666053,-0.43846330786778637,-0.47380360188333626,-0.12123907979574133,-0.1658903280298588,-0.5041889026710037,-0.04195655043359487,-0.20492097891895428,-0.708907109353907,-0.07981487629514629,-0.22551626565929905,-0.8303321831261078,-0.11201090799637042,-0.24223777818645878,-0.9373985789453384,-0.1376944362947662,-0.06409810654611943,-0.5243480404460039,-0.0517309827412072,-0.0759227604079034,-0.7529272708673732,-0.080631712315992,-0.08522289294352618,-0.888392819710747,-0.10962003677169319,-0.09951840545838823,-1.0,-0.13342478632352603,0.02983518851529358,-0.49426494156079004,-0.07028256797709657,0.04228576714983569,-0.7035940854790483,-0.10765216960301967,0.043045289619123586,-0.8322619431589315,-0.13358934661381872,0.034295199482602394,-0.9460381295651702,-0.15340630624048304,0.11622077270895323,-0.4275488232502475,-0.09369105310079742,0.1566764191121846,-0.579528221255673,-0.13014714466664629,0.17713223880113116,-0.6808740922763202,-0.14488028221972898,0.18792318747334336,-0.7761747374022683,-0.15559721762831716
hello,0.0,0.0,0.0,-0.14625233020784062,-0.08936660081800729,-0.052431705404922,-0.2668267438301661,-0.2483833226677054,-0.07868775698946333,-0.34800255975070254,-0.3814618402381681,-0.1015028915154921,-0.42685540190868365,-0.4727231434851562,-0.12442035520598485,-0.15715464233048607,-0.5021937341754542,-0.04498413508133612,-0.19487284716618902,-0.7034932250076514,-0.08508740328478065,-0.21620878662252024,-0.8244684343785649,-0.11832082750781285,-0.23257797501460728,-0.9316723240866976,-0.1446576364446816,-0.057140591524999305,-0.5181418157535962,-0.056727843520166424,-0.0703962048913497,-0.7452139617706798,-0.08859096641602353,-0.07802704432263988,-0.884197991152166,-0.11864596975482879,-0.08868631924543001,-1.0,-0.1429196317981776,0.036003171865000974,-0.485072827689825,-0.07715725387324508,0.047485323168526196,-0.6918969978576,-0.11803787245647872,0.05097006204613116,-0.8219879803010489,-0.1452917572955205,0.04669235691828274,-0.937645933613422,-0.1654162756033027,0.12205141760106841,-0.41593500459085725,-0.10226006125200472,0.1630583456219916,-0.5667010517236583,-0.14144861854033838,0.18659414039676137,-0.6689833337970563,-0.15740896848886513,0.20141092345788933,-0.7661352633482652,-0.16874904667255505
hello,0.0,0.0,0.0,-0.14404378586228606,-0.08389492393616947,-0.05587588802022242,-0.2619889298534032,-0.23812377274375932,-0.08665164858904396,-0.34226653121973116,-0.37389579943106727,-0.1133812634546694,-0.423964240897285,-0.4665253830985015,-0.14027500755723848,-0.1510234257420514,-0.4977160005725459,-0.05336218843587404,-0.18853282341545846,-0.7018701543789336,-0.09674121484385745,-0.21281335421550793,-0.8218078830672338,-0.13266620994525505,-0.23343181492871665,-0.9291951839442574,-0.1608366045294158,-0.05120839141014435,-0.5123446170265692,-0.06468500824512732,-0.06425701750850828,-0.7423604732119407,-0.09901718021594973,-0.07307047178057596,-0.882125451470484,-0.13090753351288284,-0.08491591774794918,-1.0,-0.15669200473480968,0.041993877094413094,-0.47760866211872544,-0.08443475306615811,0.05262057857705675,-0.6887671225262058,-0.12618706131540455,0.05685311002191516,-0.8196463834417511,-0.1531409001520803,0.05274245302552971,-0.9373537541360185,-0.1735920788044574,0.12823804567304017,-0.4074618569107815,-0.10910813614520418,0.16716435540645894,-0.5599722343046695,-0.1491552964844515,0.18880867379199076,-0.6609802346604261,-0.16437514992938496,0.20143372712074742,-0.7576249352064292,-0.17517061000195375
hello,0.0,0.0,0.0,-0.1428254171849276,-0.08474226608636665,-0.06049383501213663,-0.25806298468342087,-0.2411380058931054,-0.09304294981793246,-0.336769859334064,-0.37853828369689285,-0.12063870620625346,-0.4183281294431945,-0.4731542038013485,-0.14798154329144658,-0.1429805753961292,-0.4990495002445368,-0.05584345293331141,-0.18003252232371636,-0.7044687987010448,-0.10034631152611778,-0.20378695379655604,-0.8259940800429516,-0.13657779539710338,-0.22303972098650449,-0.9343440624336711,-0.16455205269827647,-0.04386797378808945,-0.5113038154871287,-0.06504512379762362,-0.05508310272407853,-0.7410246130612348,-0.10056891027113561,-0.06355756463062692,-0.8813749038306292,-0.13322486936030292,-0.07498363122394984,-1.0,-0.15897682439182698,0.048255864610135236,-0.47567611297815393,-0.08311496966434244,0.06006975752619402,-0.6836165593535176,-0.12600169925659122,0.06514001229223973,-0.8156240166363928,-0.15294157136663977,0.06297527150437789,-0.9347473907364735,-0.17262906874981557,0.1331585485080832,-0.40580543617070086,-0.10652501842153,0.16951069176409558,-0.5592047954821694,-0.14667181629031226,0.19309999946711945,-0.6595251674300354,-0.1611324992895606,0.20992726041880122,-0.7548563239808642,-0.17098194876511272
hello,0.0,0.0,0.0,-0.14380793932918684,-0.08462934090450756,-0.05861634126911752,-0.2586766415894946,-0.24363047615346758,-0.09055918323746022,-0.33688941784954207,-0.3825757990717512,-0.11777624653160311,-0.4173392071115903,-0.4786831635696218,-0.14487109159736963,-0.14465829088982174,-0.4995530176835506,-0.05538215291976069,-0.1797054250459057,-0.7030278427093515,-0.09958114665663413,-0.20255798592214122,-0.8234533877883535,-0.13584874062127392,-0.22206646453075607,-0.9308014187959388,-0.16401585234108482,-0.046029773879655615,-0.5112894125580982,-0.06577039659240304,-0.054735439176403305,-0.7409308407601297,-0.10176016391838498,-0.06210101876140666,-0.8809068928428192,-0.1349079332750963,-0.07317529416603848,-1.0,-0.16093441309316434,0.0451103855126882,-0.47371354699880397,-0.08474067920993424,0.058018201326622845,-0.6814397164337295,-0.1286848714954914,0.0625851031938342,-0.8131660768567059,-0.15728104317721356,0.05943517833164772,-0.9334540995151095,-0.17814416241307945,0.12904233065502219,-0.40139005127257504,-0.10862595870944082,0.16848067420711194,-0.5538824350039483,-0.1502996100130755,0.19363143040473277,-0.652911737545488,-0.16608633643998602,0.21119447661453974,-0.7484458622941702,-0.1768122067843164
hello,0.0,0.0,0.0,-0.13820105075195419,-0.09079391953215213,-0.06207391411557911,-0.2486242564976009,-0.24687311848954596,-0.09755282225157347,-0.3270426560871857,-0.3835167876976124,-0.1281216558259038,-0.4090772898131329,-0.4796800847051814,-0.1586779560814867,-0.1342614742792443,-0.49931794543743285,-0.06182085776640037,-0.1693930755090792,-0.7045108814446238,-0.11021933128078375,-0.1925459357368862,-0.8273277934105239,-0.14844476927792,-0.21107630056260598,-0.9372477993739633,-0.17762928483109436,-0.03524154868808826,-0.5085118348757901,-0.07179689976577623,-0.04330118142347107,-0.7389495370900836,-0.11133365568511573,-0.049486175420962196,-0.8800462858054443,-0.1454716413356586,-0.0588462307349061,-1.0,-0.17195874467167882,0.055958554095497874,-0.46869951449553515,-0.0907000703185554,0.07022600011216024,-0.6760296493028743,-0.13799061574300203,0.07682160291915342,-0.8085702038377471,-0.16690413501385262,0.07666297432215145,-0.9290692989148462,-0.187505591866079,0.13883252256879028,-0.39373318849772565,-0.1147989195144142,0.18123725188610024,-0.5425761851177748,-0.15898088207377806,0.20894580924890466,-0.6417283934055589,-0.17551559680818268,0.22901156612686152,-0.7368959398478148,-0.1865318480797527
hello,0.0,0.0,0.0,-0.13918080643606445,-0.08775621668773323,-0.05997912169319964,-0.25262476838651793,-0.24899861789145256,-0.0938559646947693,-0.3328227475178268,-0.38815356079320557,-0.12265034226668686,-0.4146722585379745,-0.48179269422926463,-0.15148424125533969,-0.1353110961339272,-0.4972606091318746,-0.06344998292952914,-0.17014402115996707,-0.7066773006823962,-0.1105321181150419,-0.19416834007421865,-0.8309102982093167,-0.14722790914985576,-0.21577255137680446,-0.9396237229188396,-0.17519325325864746,-0.03616939204235756,-0.5070263062571635,-0.07337063651072273,-0.0425951663958833,-0.7395926590161318,-0.11221214138392432,-0.04727798749062447,-0.8810492490100974,-0.14565296513334292,-0.05518738822146986,-1.0,-0.17138118267803046,0.055925674564541755,-0.46760509342890577,-0.09153808373977695,0.07040358316447119,-0.6771312555003232,-0.13887296754819484,0.07862348461472393,-0.8099549573410738,-0.16908645096932357,0.08032619034150515,-0.9301983318158676,-0.19054303612252074,0.1401605779711565,-0.39269005237296545,-0.1143355098893592,0.186400981320581,-0.5418690511277815,-0.15926855998702516,0.21748936448593736,-0.6383093298066722,-0.17676546569867552,0.24114108253690014,-0.7314423954777818,-0.18831778672958768
hello,0.0,0.0,0.0,-0.13775129383490498,-0.08967980497217537,-0.059824953275505036,-0.24825228752993278,-0.24850248104004444,-0.09442048140507327,-0.32711084701036197,-0.38697002048399515,-0.12375060914260783,-0.40837832268164215,-0.48172879474919195,-0.15309084242719515,-0.12837225182982218,-0.49345437555824173,-0.06587776985732956,-0.16213538040596326,-0.7069456331144037,-0.11242529178226289,-0.18575424964757117,-0.8352537292546456,-0.14833319875213563,-0.20482326304455134,-0.9474335774874539,-0.17596236286163722,-0.03020843827884101,-0.500942739815917,-0.07595701427429695,-0.03739784249477265,-0.7350467143019243,-0.1146948933460202,-0.04023519284290618,-0.8792906596771163,-0.14808406538401597,-0.04487027042443913,-1.0,-0.17399176408728448,0.060570768137165686,-0.46003158675966094,-0.09393019993190269,0.07783193165462926,-0.6719306478363563,-0.141712902696199,0.0917508436507378,-0.8048620574018327,-0.17200138169543588,0.09898730449186266,-0.9242442367432493,-0.19349004949570214,0.1429342254393998,-0.3845020099266224,-0.11633650612156564,0.18921660499718104,-0.534897719894481,-0.16286892529787908,0.22307576191891992,-0.6298388385823015,-0.18075871881846906,0.2493270663210467,-0.7204272194397485,-0.1923113083931148
hello,0.0,0.0,0.0,-0.1395056164336505,-0.08911627906976745,-0.06037478688388028,-0.25202748102091993,-0.24457792586994606,-0.09638856174561639,-0.3346761018171825,-0.37897372127374535,-0.12704387245290916,-0.41842162756346396,-0.46808903850778055,-0.15803917491589567,-0.12932513482875888,-0.49243839098622516,-0.06984931970652464,-0.1608319879083508,-0.7087156057847549,-0.11709959022282432,-0.18261413211500807,-0.8382915049294082,-0.1530665872342633,-0.20150760880766722,-0.9501080004122153,-0.18050947823766408,-0.02991721342447872,-0.49843509326371477,-0.08020301332749266,-0.03206677888083542,-0.734585689258356,-0.11990764387951766,-0.03350032633712342,-0.8785790938133352,-0.15354650891335367,-0.038413383257188,-1.0,-0.17941408474379578,0.062267733846312394,-0.4570269657517777,-0.09815624406501455,0.08344749407440487,-0.6713166157122737,-0.14709437741666856,0.09780248016213802,-0.8059451066607124,-0.17833487070099407,0.1044157878465185,-0.9279435265020095,-0.20037743193214383,0.14628037511593556,-0.3808651025385593,-0.12038431936301187,0.19638981828174917,-0.5298821064202535,-0.16800058125714123,0.23250633781044966,-0.6231364776201436,-0.18609851674544464,0.2601971763251005,-0.7128592628216138,-0.1976241084461763
hello,0.0,0.0,0.0,-0.13687777610153815,-0.08673231802272409,-0.057479629955721624,-0.24838368934346328,-0.24299573730899215,-0.09277613460088145,-0.3305800756706355,-0.37672191034625524,-0.12310025495325155,-0.4162917272940736,-0.4598575359849809,-0.15424901195342586,-0.12293664100384677,-0.4914902220036297,-0.07165190384837115,-0.1529650430446072,-0.7047188053508294,-0.11789403182504225,-0.17468297606943067,-0.8320797650211853,-0.1531037518889356,-0.19430070348915413,-0.9429368508744996,-0.18050522749767292,-0.023593958614324926,-0.4961188919974276,-0.08371281424000751,-0.02278500264314371,-0.7314747924222521,-0.12270752256954205,-0.023878783071833137,-0.8774563213517632,-0.15642340479013164,-0.02920908881657891,-1.0,-0.18278944469308417,0.06791536979549741,-0.4526161807820353,-0.10268262564124435,0.09371978424751763,-0.6664635418561805,-0.15124300665460072,0.10961121734109419,-0.8016147229986755,-0.18396020608609656,0.11707239161100665,-0.9238523857046469,-0.20758036446212288,0.1502566213850291,-0.3731678734910607,-0.12553855332199784,0.2075810185894975,-0.5175835493025004,-0.17414340408692866,0.2463531226368258,-0.6123788525063122,-0.19446946199514786,0.2762069504526733,-0.7041809095930376,-0.20790516996040692
hello,0.0,0.0,0.0,-0.13826433737456909,-0.08804868873199144,-0.057214955062295354,-0.25217584257273573,-0.2425723261036247,-0.09281465594666986,-0.3409220353517664,-0.3706765639049849,-0.12386956254216598,-0.4317992477388811,-0.4392197185541129,-0.1566648410760966,-0.12406819098884307,-0.49184536111333005,-0.07322252273541338,-0.15433997587138507,-0.7047852355270983,-0.1207982762767007,-0.17515653899802752,-0.8326379458314643,-0.15702405634307828,-0.19414986914971552,-0.9440302160719516,-0.18546465413736513,-0.025304731297763085,-0.4965930450325709,-0.0858861624011085,-0.026747122693392487,-0.7295574167497922,-0.12767722730325926,-0.029435954367286132,-0.8758439382487705,-0.16367768918803588,-0.035603293890489954,-1.0,-0.19172346596352713,0.06627257961111555,-0.4521534481593226,-0.10536543596184071,0.09401802886831061,-0.6633510645198071,-0.1568749593909716,0.10916361645197388,-0.8006508035019947,-0.1931815948966313,0.11644576079898897,-0.9254129482040432,-0.2191769685385433,0.14855771101784657,-0.3709242679655426,-0.1285048562059808,0.2094811665031465,-0.5119349933875033,-0.1795704172167608,0.24985884009228138,-0.6057384318858212,-0.20248823176780403,0.2813766555991837,-0.6974950346533065,-0.2179214988054806
hello,0.0,0.0,0.0,-0.1403730994931522,-0.08984133909489313,-0.05553958824538627,-0.2565542985891519,-0.24341113701945666,-0.08888010007158242,-0.3474053870501231,-0.3684842845164083,-0.11798353321942709,-0.4393757822694469,-0.43476333326572236,-0.14901070586738926,-0.12457834547088499,-0.4938673386922628,-0.06756141645194418,-0.1586781528071736,-0.7067292109673848,-0.11242652253288997,-0.18079453394161143,-0.8344139362522237,-0.14733250462867323,-0.2002913343552251,-0.9448979439775377,-0.1751712932716283,-0.025396617767366608,-0.49903599153510464,-0.08029314275494928,-0.028257390329117858,-0.7342397068829225,-0.11848023249252622,-0.030998256878417372,-0.8780860102799053,-0.15231650359215543,-0.03652014262330346,-1.0,-0.17917358762971236,0.06698013327091046,-0.454552516694739,-0.10009775425187996,0.09599518057859273,-0.6713897769154847,-0.15002523284644903,0.11356451598882515,-0.8089909639988062,-0.1856248139619006,0.12337680167752513,-0.9348061075624543,-0.21129354869682343,0.150501776996066,-0.3722284152964749,-0.12342474284618273,0.21445997519366752,-0.5140711568363744,-0.17422849947809596,0.25753286411309634,-0.606260045923037,-0.1965827953904048,0.29069370664531813,-0.6976592662993872,-0.21168362268669808
hello,0.0,0.0,0.0,-0.13881851310753557,-0.09313514957039673,-0.054479870146213825,-0.2546707971124609,-0.24676193936864366,-0.08830648563261027,-0.3464136829837052,-0.36830258785008446,-0.11819714858222037,-0.4387340712394426,-0.43061938049026893,-0.15019389266594993,-0.12551759246398161,-0.49708412311942707,-0.06892778602921633,-0.15766209621257748,-0.7103637122261404,-0.11531588613343885,-0.180150270337777,-0.8393744798907412,-0.15115952562828955,-0.2006263690173576,-0.9508056396338866,-0.17953626845770296,-0.02609031974041914,-0.5022379747882457,-0.08246849940315124,-0.02663571598527961,-0.7332072305747311,-0.12237228165604722,-0.029732461987214954,-0.8774761690137932,-0.15769696825727086,-0.03652903245291315,-1.0,-0.18567037770754982,0.06601144747129459,-0.4578508286172906,-0.10281642010207469,0.0955934459397229,-0.6690871884395042,-0.15329657354221354,0.11310027087514671,-0.8052423204086622,-0.18984414184904594,0.1221042744835503,-0.9285924083400323,-0.21629915876666878,0.1485829968877451,-0.3752538391664702,-0.12666056846563428,0.21293961773831566,-0.5127366144266218,-0.17796660473278403,0.25611543735296305,-0.6041650369853205,-0.2013780004261263,0.28973070159125375,-0.6933958895162434,-0.21721095272578977
hello,0.0,0.0,0.0,-0.13653487319594731,-0.09483427699738162,-0.05650621473813415,-0.25476573697380117,-0.24549371817985272,-0.09237489553627316,-0.3481616048881811,-0.3657866852190978,-0.12408942128839866,-0.4410622539389733,-0.4269148067867999,-0.15809598422444815,-0.1213366089800319,-0.4933328892879882,-0.0739082782019613,-0.15317235877293484,-0.7060557902362281,-0.12280362740910346,-0.17609525205868493,-0.8350666670457297,-0.160858271182525,-0.19639841318771353,-0.9480676107774679,-0.1907920887960439,-0.0213998719037483,-0.49827086305763396,-0.08717534284426856,-0.022026544435062634,-0.7288464852660204,-0.12919331977638365,-0.024586574153609635,-0.8739823001900866,-0.16576991360472193,-0.029198689037346244,-1.0,-0.19493956370105137,0.07011557227765343,-0.45385400899164746,-0.10724657320050801,0.1005321369018875,-0.6641565243596101,-0.15905508155607406,0.12036052149876676,-0.797583147829329,-0.19507022201316732,0.13245601886542893,-0.919320345277747,-0.2211531985195133,0.1506639087118583,-0.37154397680242135,-0.1311151443072626,0.2145290012377764,-0.5076088794448025,-0.18322294328685182,0.2587961253794523,-0.5992383810052564,-0.2063994704000846,0.2948481398764498,-0.6895558504124951,-0.22203599247990094
hello,0.0,0.0,0.0,-0.13615244349514447,-0.09417487212973653,-0.05536896356688788,-0.25776832091205065,-0.24122984181038845,-0.091358864265281,-0.3541136710984546,-0.3589664199212433,-0.12345494572446881,-0.4459553267431271,-0.4224357620203197,-0.15807780043292788,-0.12564138385388177,-0.4870372269913811,-0.07666697851714291,-0.1609008798308821,-0.7005239608284132,-0.12616478276788148,-0.1846808802400995,-0.8288873854140568,-0.16385982497756854,-0.20495976864855694,-0.9427202737799666,-0.19330909496495732,-0.024859683837580814,-0.49440056499096674,-0.09039423934483787,-0.026147499011170958,-0.7257878484394388,-0.1325046623820952,-0.028237895126803858,-0.8721191673483568,-0.16872285504786314,-0.03176556560547029,-1.0,-0.1978502898064879,0.0674638184776816,-0.45073016166389407,-0.11061785122737189,0.10035554484785177,-0.6586189510187141,-0.1627026172166935,0.12041735835015484,-0.7912296995328283,-0.19917297992013513,0.13182517312807784,-0.9121584440851221,-0.22561851654434392,0.14890579748537286,-0.3688164986684853,-0.1344123588663896,0.21642015837253983,-0.5009069855707519,-0.1865583296133102,0.26211822018631314,-0.5907920537576113,-0.2099558405148201,0.2989658047401734,-0.6798040797345127,-0.22585598456746228
hello,0.0,0.0,0.0,-0.13587707803976679,-0.09755431906052799,-0.05705116463207802,-0.2534136263217211,-0.24357356265334357,-0.09491021123581986,-0.3493535377704705,-0.35981996294928453,-0.12929237978016367,-0.4432722984393722,-0.4199236463157047,-0.16639371861438143,-0.11721120779076985,-0.4923913492125524,-0.07652158296685217,-0.15393496149045396,-0.70406188549001,-0.1279640806225564,-0.17937366956444434,-0.8318606429406349,-0.16729163067287406,-0.19958098900942264,-0.9454790540779262,-0.19798636772973022,-0.015713351248227297,-0.49959599277252315,-0.09087922498598174,-0.017643236454239906,-0.7283329211408021,-0.13509987812187968,-0.019992767659263663,-0.8742643444183062,-0.17285668583450298,-0.022029253217246587,-1.0,-0.203258103038219,0.07610805762877178,-0.4549730043728437,-0.11229426798449696,0.11294435644023189,-0.6626325166336744,-0.1666928818961942,0.13287456901335834,-0.7934102067337511,-0.20411818480703905,0.14459939175649617,-0.9126349316923454,-0.2314252194237132,0.15610560946859725,-0.3699817191880566,-0.13755111200744294,0.22797735019492393,-0.4974398013693619,-0.19182175314235703,0.27471410603006036,-0.5861522359761596,-0.2166238821499949,0.3121254252445441,-0.6744323244152703,-0.23378327933243545
hello,0.0,0.0,0.0,-0.13410864251744917,-0.0964188366859944,-0.0561250066859748,-0.25178303825380993,-0.24296237525602107,-0.09303347674910366,-0.34795873489046236,-0.35568506561076985,-0.1263014507593856,-0.44061907093560426,-0.4121824614528729,-0.1621625959018717,-0.11815394065362242,-0.49030356136188064,-0.0760024339611696,-0.1554875900914705,-0.7034847155160395,-0.12536831663026812,-0.17938778547908354,-0.8322093213563847,-0.16298078574104233,-0.19865309841918558,-0.9443896275512025,-0.1924274872196167,-0.017635533739554576,-0.4970112632438924,-0.089975224501742,-0.017716355916621147,-0.7296708314783521,-0.13200373317766595,-0.02081265352004154,-0.8757687704454851,-0.1678963737122777,-0.02610071386187894,-1.0,-0.1966248522819407,0.0741974526196825,-0.4524296156703425,-0.11074200301732148,0.10906373569531656,-0.6637624339868031,-0.16274897763444326,0.1307939903323206,-0.7963364654172007,-0.19950649965343512,0.14428119113030488,-0.9164046793346449,-0.2263470058427301,0.1553202881849427,-0.3684183302003514,-0.13530019195397777,0.22588451453822586,-0.4948844276543855,-0.18793219140708103,0.27310487148937085,-0.5818031562407181,-0.21220708177516545,0.31128769260093175,-0.6678925145867192,-0.2288543960205456
hello,0.0,0.0,0.0,-0.1364462620444978,-0.09638944727449276,-0.05522748561076012,-0.25135192137798756,-0.24131771295991808,-0.09292346866861298,-0.3469320037691197,-0.35155609777095403,-0.12721917548583214,-0.44027014003577775,-0.4074335806002875,-0.164578236627965,-0.11669427746102318,-0.4903519198936572,-0.0775121468845396,-0.1549435826257238,-0.7062717951991088,-0.12749678743841614,-0.17893656902966218,-0.8358739447254252,-0.16527922852500537,-0.19812680202770327,-0.9493638902086685,-0.1947548253911251,-0.015292516316501881,-0.4951044759443344,-0.09265236752890363,-0.014830079928493058,-0.7299608312196244,-0.1359743380881548,-0.017555040657833643,-0.8757251797355436,-0.17278304156738475,-0.02308875931434191,-1.0,-0.20209524401817616,0.07690383252758931,-0.4488277770573528,-0.11440425961160673,0.11450340579609429,-0.6621704499774584,-0.1683913970790881,0.13697630293510143,-0.7978397999986236,-0.20691639974750933,0.15090121120010946,-0.9207068003517593,-0.23473162125885724,0.15762657728658735,-0.362916757806802,-0.13953589610341074,0.23183203209284245,-0.4955990278445539,-0.1941434836765427,0.28206649557284963,-0.5849836501006849,-0.219364972759495,0.3218151093769334,-0.6726051577242732,-0.23651170448661193
hello,0.0,0.0,0.0,-0.13898862048337188,-0.09589677549782404,-0.056329010484673814,-0.256167189648462,-0.23820212817936673,-0.09497108706012329,-0.3529622719864228,-0.34719377908735494,-0.13014647700130455,-0.4459791023692759,-0.4066136244906699,-0.16843313480587785,-0.12264247381041721,-0.48859329759327563,-0.08024628308504496,-0.1599068169633613,-0.7034713046881925,-0.13217066656434476,-0.1831301255189913,-0.8329567985381915,-0.17150180097479947,-0.20165785531560607,-0.9463388350762811,-0.2017888249976858,-0.021366072941359435,-0.49526547400068405,-0.09489491479355587,-0.022394091901911023,-0.7280309841258575,-0.14007344470896813,-0.026251044837850776,-0.8744429687730504,-0.1778562834997205,-0.03185622144023064,-1.0,-0.20788907512701146,0.07115307959088663,-0.45036438016458386,-0.11622687949599796,0.10815531016889929,-0.6618451394549792,-0.17168077681763086,0.1298739581277178,-0.7971977208572317,-0.21073976780653655,0.14364696581507636,-0.9192232219912719,-0.23883884071435904,0.15211226106842596,-0.3651591093898604,-0.1410495788213538,0.2260706172946044,-0.4970903151890272,-0.1969294258793384,0.2762635623935126,-0.5843563284695321,-0.22256989963639218,0.3165084615651898,-0.6698658514562336,-0.2398575009118185
hello,0.0,0.0,0.0,-0.13876154705556426,-0.0954298701873979,-0.05718457532255828,-0.25828394465815524,-0.2391696854640846,-0.09476224271264291,-0.3551628913802262,-0.3511241904567038,-0.12884736880038297,-0.44783899185464116,-0.40950749613784604,-0.16612840502117954,-0.1228204952577663,-0.4877443199298571,-0.07938867531246892,-0.1585723147871747,-0.6986838327812194,-0.13089898369932032,-0.1823513394211397,-0.8263954150621551,-0.17017444946503843,-0.20110652231647097,-0.9393720977550606,-0.20078044415713522,-0.019959049707465742,-0.4945959420345188,-0.09362961813040857,-0.02095239106702594,-0.7254747426255764,-0.13854341192341646,-0.024347954209504148,-0.8724289024559353,-0.17676148638046144,-0.02829618027377854,-1.0,-0.2074548975320323,0.07360902801971438,-0.4496726873674847,-0.11473114819740231,0.1106753544937404,-0.6597688884921558,-0.17101065293291426,0.13112643686814218,-0.7932595692119566,-0.21090038653016172,0.14387707356984017,-0.9150584245100561,-0.23963243918491658,0.15563504108775247,-0.36495272823039443,-0.13937695189478583,0.23086844908413026,-0.4925997144194004,-0.19662241522924415,0.2810071155855313,-0.577274032821402,-0.2235093453829889,0.32125108581594175,-0.6611000653959811,-0.2416337417271324
hello,0.0,0.0,0.0,-0.1375437651332489,-0.09707664339778159,-0.055640033436637155,-0.2577601422681871,-0.24383803859906858,-0.09200217093233871,-0.3546055717467033,-0.356249506729135,-0.12509693075067982,-0.4459745649961807,-0.419902015905563,-0.16130691991495397,-0.12016108393942196,-0.4867725087319403,-0.07764278410576181,-0.1519005831022254,-0.6991109644063777,-0.12824122082119335,-0.17429472893180306,-0.8279198104072638,-0.16660161156066755,-0.19299253133520952,-0.942512548241807,-0.1966682405306738,-0.017800526383188405,-0.49261845880994987,-0.09243712789301234,-0.016810470255239685,-0.7233158619777412,-0.13677002887729145,-0.01898926314587356,-0.8707552347627918,-0.17471744437894635,-0.02245907851680622,-1.0,-0.20534575782870823,0.07446159254979752,-0.44771690312317525,-0.11391166453971566,0.11217985256531308,-0.6558589667388669,-0.17050994012836562,0.13527727964439915,-0.7901471274281227,-0.210428865978383,0.15002797795528575,-0.9140198173222603,-0.23919023078849475,0.15454006336760864,-0.36376817638288383,-0.1387050564271596,0.22933863648184794,-0.48829474513150445,-0.19694532571171586,0.28183263071033615,-0.5709073312150104,-0.22396790026331045,0.3240399484635286,-0.6533504229025755,-0.24209663795111905
hello,0.0,0.0,0.0,-0.13578796328884316,-0.0994055610871631,-0.054304767244445024,-0.25566254453278303,-0.24579937076710862,-0.09041836841453878,-0.3523396694471768,-0.35704664966741834,-0.12352570800544047,-0.443937876203626,-0.4178589035651963,-0.16002168363561758,-0.12077153725546033,-0.4874785462200069,-0.0772483378285928,-0.1516720662509438,-0.6985831397270695,-0.12818541052862226,-0.17400264781842423,-0.827056279009605,-0.1670846273131573,-0.1928488848379473,-0.9419780159544262,-0.19781915794706614,-0.019551475201185067,-0.49230331124366916,-0.09317091136638506,-0.019603214950247284,-0.7231092514214226,-0.1379897754516126,-0.021381484723571702,-0.8704313016123215,-0.17642913349101033,-0.023884913150419282,-1.0,-0.20742234615842503,0.07282991359662448,-0.4450304271838235,-0.11563486149568429,0.108749198251143,-0.6549309685460428,-0.17230947295456805,0.1319159048590242,-0.7896531197430927,-0.2124314256822188,0.1472259238870857,-0.9142939078450896,-0.24145466745825586,0.15375596151872875,-0.3581449495086228,-0.14132237680787585,0.22655098086598568,-0.48281742319337867,-0.19973481547137262,0.276919693425275,-0.5679652742056294,-0.2270241907406416,0.31791669298775993,-0.6538853443149948,-0.2454699293472848
hello,0.0,0.0,0.0,-0.1324429468746196,-0.09529854478273685,-0.056299812159282515,-0.24892904750454684,-0.24071157651467007,-0.09404561082282044,-0.3430148388161596,-0.355237297456901,-0.12843057595532253,-0.4338511567383255,-0.4215625187382845,-0.16609771978185453,-0.11099174315563373,-0.4855686548350005,-0.08100979782911155,-0.14133130276341607,-0.6937632371252569,-0.13292614317493448,-0.16409927518895043,-0.820451587893509,-0.17230113227038094,-0.182370928356699,-0.935320773025721,-0.2034873364542935,-0.010445375723953727,-0.49142987324246173,-0.09616682640796596,-0.0089092124141515,-0.7213605647358805,-0.1423325113138646,-0.010083194139423332,-0.8697585529635752,-0.18153873468711745,-0.011705190072801975,-1.0,-0.21318595498356488,0.08052891613517622,-0.44535834351593023,-0.1178310574736669,0.11871026188509431,-0.652562708786687,-0.17570256750682542,0.14161821368272293,-0.7851143502453684,-0.2163114089221626,0.15655643257690324,-0.9084927303310766,-0.24573866266525715,0.15982729727440642,-0.35978910041995815,-0.14283731276007747,0.23512791032924096,-0.4820689031412935,-0.2023113660058508,0.2871002323831381,-0.5657214850354096,-0.23070284592806936,0.32946438103214,-0.6500617974835399,-0.2499855726406725
hello,0.0,0.0,0.0,-0.13342849499529666,-0.09363290707255864,-0.05704501098513136,-0.24948826581615652,-0.24355516638652308,-0.09441209502888069,-0.342809137396857,-0.3599165134090112,-0.12799389237745062,-0.43406952880227045,-0.4227181147531641,-0.16486487669723135,-0.11239754421229141,-0.48583362889767795,-0.08282667950340528,-0.1403292128646588,-0.699398657858514,-0.13414509482707002,-0.1610902335036544,-0.8290508797536972,-0.17290171820613146,-0.1790873196526711,-0.9445101129938579,-0.20327548027202902,-0.01112653930916388,-0.4881471434404494,-0.097297635529465,-0.007289052542512657,-0.7225362169685893,-0.1423996789797703,-0.00757118519179053,-0.8704496891378259,-0.18040265518421456,-0.009326066361514639,-1.0,-0.21087269635761283,0.08111957315368384,-0.4396196572973328,-0.11812601299184006,0.11986735474493077,-0.6509021473056935,-0.1744549730903183,0.1442989157872929,-0.7871168363060737,-0.2140992533000673,0.1607295220841879,-0.9120324077084969,-0.24278715880708474,0.16218738623007622,-0.35299447467879586,-0.14233766075244567,0.23671921566050752,-0.48262732006836084,-0.19962324362656478,0.2892862674212553,-0.5673650701275296,-0.22577207262186277,0.3316663727784903,-0.6510246416855012,-0.2434805561119402
hello,0.0,0.0,0.0,-0.13614637210504915,-0.09737184005527322,-0.05702306204361452,-0.2522653221714049,-0.2451607772581609,-0.09479107666548328,-0.3470464983794605,-0.36173971163945384,-0.12903081546144549,-0.4410325588431247,-0.4218141995951065,-0.1663740151230687,-0.11306749726691535,-0.4901950923562676,-0.07793667470946368,-0.14319016690323003,-0.7003540806375302,-0.1282712881536653,-0.16420058749250346,-0.8287950449363103,-0.16727733781909712,-0.18174798331074984,-0.9430621893429546,-0.19827934190236313,-0.012472950776582266,-0.4948159901812794,-0.09233597743761321,-0.008357499273144319,-0.7257094084628531,-0.1369391762597315,-0.009753679069882212,-0.8723662210048954,-0.17575538181559106,-0.013343970638249023,-1.0,-0.20687234845103777,0.07876648031267132,-0.4473590195011893,-0.11338381366066726,0.11930826405406304,-0.6544522056180848,-0.16907134370045926,0.14350491418811562,-0.7917179622936239,-0.2098923198166789,0.1592086177726138,-0.9171137767850341,-0.23960569728704947,0.1583032667200946,-0.36015497850545597,-0.13793309608513596,0.23501363055561814,-0.4838624628123468,-0.19453957219491852,0.2868726377190357,-0.569266530200183,-0.22182420230852257,0.3287381839014609,-0.6540173662183227,-0.24058281192747855
hello,0.0,0.0,0.0,-0.13623858030604483,-0.09500818405680243,-0.060080931713761984,-0.2523244857483974,-0.2424133495449734,-0.09897192588966533,-0.3452017279767242,-0.35983894520857174,-0.1337097029239892,-0.43755691557319903,-0.421861258691396,-0.17169535485913043,-0.11536804684134515,-0.4883008132895984,-0.08433673433157533,-0.14474413329723504,-0.699046553866884,-0.13707763666242606,-0.16624024838979026,-0.8276139578765662,-0.17704070611866088,-0.18472564308110537,-0.9431938801482833,-0.20840645621426934,-0.012945963796488961,-0.4923612679659684,-0.09789892147798226,-0.00840189206634326,-0.72260436957584,-0.14459266029785353,-0.008081936059289764,-0.8702112319022791,-0.1840997104126205,-0.009170107912495984,-1.0,-0.21578695669698236,0.07842538251584395,-0.44465822464059024,-0.11824450409958982,0.11976399327061132,-0.6502886869703239,-0.17667288729117175,0.14454444539161898,-0.7845202765925261,-0.21798821116828052,0.16119916672152168,-0.9087168458310931,-0.24780758535495576,0.15716482816962865,-0.35794184314079747,-0.14224170686176507,0.23354391188607102,-0.4801970468288228,-0.2016918164590859,0.2860027684431234,-0.561856877878926,-0.22968257644031712,0.3286252210914089,-0.6438766426958591,-0.24866722437788324
hello,0.0,0.0,0.0,-0.13816171830975732,-0.09510945346967371,-0.060679927380457944,-0.25413659502758446,-0.24219215136412012,-0.10016670563266998,-0.3469363109828876,-0.3583390668430164,-0.1353557280334555,-0.43963608379800534,-0.419197945924134,-0.17387454559297655,-0.11551378606170074,-0.48710425562309023,-0.0860069365823226,-0.1471881971502616,-0.6984848673500823,-0.13932666881235864,-0.168636008422268,-0.8272511941297429,-0.1795116767522487,-0.186909604140819,-0.9430269878610253,-0.21092374546546705,-0.012072836793320666,-0.49018957332646784,-0.09980831943925583,-0.007769457885112113,-0.7212372947366715,-0.14743493260387605,-0.007960507933396766,-0.869233873240502,-0.18735895372675496,-0.009691606128435705,-1.0,-0.21921880854210649,0.07981996043242377,-0.44201068728882575,-0.12042151679368795,0.1194575571004681,-0.6487107736563003,-0.17963213735557323,0.14286286154414227,-0.7849261110256496,-0.22119092835552276,0.15816908986943395,-0.9113507024202038,-0.2510237716126811,0.159205205022675,-0.35572059673485157,-0.1446492100270219,0.2339494195331872,-0.48299420276234,-0.20391447130436352,0.28561085207116593,-0.5673959503548349,-0.2313323455559447,0.3270227909185491,-0.6524336388929165,-0.25007230354635523
hello,0.0,0.0,0.0,-0.13658781156769959,-0.09647379998507984,-0.05970387561169808,-0.25400979488802816,-0.2450739589991122,-0.09886124909775477,-0.3486638721597076,-0.36317178556090757,-0.13388478700539627,-0.4423728711038706,-0.4261444339376001,-0.17196875696612665,-0.11615121522072103,-0.4902011467022062,-0.08347298703510218,-0.1456965063286375,-0.7007835103927028,-0.1360152205168979,-0.16675114707185001,-0.8287822119349239,-0.17592634807155644,-0.1846545410066005,-0.9429380228359205,-0.20735576392013422,-0.014297014824059644,-0.4940984018619293,-0.09742708164643518,-0.009567053045226252,-0.7255670503569078,-0.14379326488624863,-0.0096714942144028,-0.8721138045821043,-0.18253448668662892,-0.011688405081190576,-1.0,-0.21362433431946376,0.07764239854454442,-0.44581190239522445,-0.11827860313382799,0.11785359283670684,-0.6531824649056837,-0.17581081758905034,0.14285374405461587,-0.7892018315513143,-0.2161306703498525,0.15970116652855432,-0.9145687366046136,-0.24547742914519016,0.15753975854868443,-0.3582820032542094,-0.14282775533902195,0.23289843062693602,-0.48166855857072866,-0.2013858824951373,0.28401478843942446,-0.5663005177029126,-0.22885548937561936,0.3252877340769222,-0.6514684603126918,-0.24767770012768317
hello,0.0,0.0,0.0,-0.13576880777230874,-0.0964413253021222,-0.05761134250673892,-0.2523006732201784,-0.24477485255400075,-0.09509589609311213,-0.3466017255499995,-0.3615240581670142,-0.12870094192490314,-0.43918102164838957,-0.42718857338423216,-0.16538109394546535,-0.11630049902744617,-0.48190472806363804,-0.0825711514410895,-0.14607890690320188,-0.6939372246262037,-0.13410011512390857,-0.16798591389936443,-0.8235048913559662,-0.1728908679076861,-0.18641066925141608,-0.9398653025309643,-0.2032895702252643,-0.015104406768883782,-0.48772014708599204,-0.09653451399400688,-0.01201729477351004,-0.7199847821809384,-0.14121377260889947,-0.012612809497671709,-0.8691419845761954,-0.1790939125134488,-0.014092646221373581,-1.0,-0.2095878096897766,0.07678332815252444,-0.4418171561406745,-0.11688529126896197,0.11522461845580013,-0.6490857352850222,-0.1724063943711555,0.13907980551862345,-0.7836176277167354,-0.2111532900602995,0.15468915747757703,-0.907710713427441,-0.23932442266438334,0.1573083268801427,-0.35742718937488455,-0.1408037050170432,0.22960726084466643,-0.4818749389690916,-0.19721394746954862,0.2793331410623165,-0.5655208462881386,-0.2227782671340513,0.3197955479597075,-0.649046461770239,-0.2401050338644684
hello,0.0,0.0,0.0,-0.1347489418455614,-0.09786156776773403,-0.056049471919564914,-0.25073515882093655,-0.2457621666881438,-0.09268712812383445,-0.34302322422342363,-0.36129250033691496,-0.12575538927306962,-0.43399971946673455,-0.42742161017105484,-0.16170969844045,-0.11305128358726782,-0.48556149216059785,-0.0786193525077832,-0.14114888367280967,-0.6952527962263916,-0.12908759385467022,-0.16371644996220985,-0.8229104581687805,-0.16775270160070888,-0.1837263471114163,-0.9384626602643547,-0.19814928923753675,-0.01203569547664594,-0.49030493268308467,-0.0929902425730216,-0.006791024786945315,-0.7212148016112618,-0.1366724147510847,-0.006957788464099154,-0.8694532210779896,-0.17445211034096358,-0.008877247779497366,-1.0,-0.20498150183533181,0.07952024652581821,-0.44397723186114635,-0.11382821428665524,0.11770255464378145,-0.6509354496444466,-0.1685483843668232,0.14273977963716222,-0.783648546422453,-0.20674097266721758,0.1591120015310596,-0.9067872212871486,-0.23447132036277635,0.15983124535505133,-0.3596710153794883,-0.1382071135028324,0.23241610851257466,-0.4877184186590711,-0.19339667537118396,0.2831623088867129,-0.5718149395434714,-0.21815381989673022,0.32385519519500583,-0.655513132706657,-0.23504152669693842
hello,0.0,0.0,0.0,-0.13462519722864136,-0.0946209483272491,-0.05552801063326298,-0.25254451101903375,-0.2463733093052478,-0.09181587046042843,-0.3470583677787812,-0.3641133349657778,-0.12451641763683757,-0.44234873867591906,-0.42326344371853475,-0.16057212457120376,-0.1128446976404626,-0.48372057764469545,-0.08014397589361415,-0.14049584732726655,-0.693799672321195,-0.12945594933918372,-0.16264053846335366,-0.8213506091685222,-0.16731339502079648,-0.18234150966086934,-0.9367426421842776,-0.1976506746315982,-0.012057494400922618,-0.48861577196742517,-0.09480307843285414,-0.005981485191582603,-0.7208016545847725,-0.1372007102251719,-0.005108842668382271,-0.869062977529288,-0.17440279662560573,-0.006012636671267861,-1.0,-0.2048497080533255,0.07967799798397784,-0.4413298312652695,-0.11552380100546367,0.11775366278897594,-0.6498345729416242,-0.1685277512270035,0.14276669660818544,-0.7834184016068816,-0.20645522924532284,0.15911346899735887,-0.9069006610731711,-0.23464367510802864,0.16014815269385763,-0.35626703930788634,-0.13971031788298105,0.23296440221480336,-0.4829883173260853,-0.19355029426935727,0.28277855957296,-0.5679196848005045,-0.21804759060836987,0.32286062032489654,-0.6526161460525761,-0.23524014906803214
hello,0.0,0.0,0.0,-0.13493853766267602,-0.09316795216089815,-0.05874639750826899,-0.24904988652993673,-0.2413883310924039,-0.09675918248708448,-0.3417710808580803,-0.35898792548930825,-0.13077816146135152,-0.43660517063618876,-0.41933022204948717,-0.16794196682059798,-0.11239219473768274,-0.48417303143731916,-0.08155515794472341,-0.14159385040587755,-0.6982618081227991,-0.13200578323833917,-0.16326930339917511,-0.8271880590748538,-0.17019324407004777,-0.18167138839401603,-0.9424073994985656,-0.20053811849120048,-0.011708080908017556,-0.48901319803233767,-0.09493274020700494,-0.0060414725684398325,-0.7241754359235871,-0.13939489270953828,-0.00631445405510049,-0.8724594078939177,-0.17694612192281475,-0.009204523379545613,-1.0,-0.20704686601492103,0.07923920233711781,-0.4431480241107317,-0.1149891813718634,0.11708402220213723,-0.6536278623728825,-0.1702020299504117,0.1408674170823755,-0.7896921976428805,-0.2094448925689642,0.15576224557596616,-0.9131708680690783,-0.238097372141876,0.15968265600945514,-0.35968691339605435,-0.1387690116949254,0.23267889625511975,-0.48477549180513324,-0.19514969622646092,0.2810425402620917,-0.5678024963547801,-0.22166603542021632,0.3184893346441086,-0.6493339934513896,-0.2398920681075738
hello,0.0,0.0,0.0,-0.14008864510847538,-0.08224359454970138,-0.05757351749767818,-0.25856496124230455,-0.2297062219550179,-0.09407466621505378,-0.34993665287160586,-0.3404443324169457,-0.12654843640337052,-0.44171799529471106,-0.40060162518935627,-0.1626425809095976,-0.12478630520109774,-0.4785278729039987,-0.07979342982276001,-0.1649976110403904,-0.6882257959798342,-0.1293237803301367,-0.18932888493040526,-0.8166071654583844,-0.16712090027198961,-0.20981745480893113,-0.9325737172097622,-0.19706726777699315,-0.023039741554168477,-0.48821235536007024,-0.09401679315762032,-0.021299295198288336,-0.7229619588249361,-0.13756796067913318,-0.023901388464263127,-0.8696176130276725,-0.1753359263354686,-0.030705316957753907,-1.0,-0.20567653415299134,0.06741964958307613,-0.44406186249602764,-0.11473088370438218,0.10379830172476116,-0.655349343215338,-0.16951798388530795,0.12488895240687262,-0.7944803944171981,-0.2088978440077194,0.13686236034837604,-0.9233546312884898,-0.23749723494529779,0.14591755915128984,-0.36061102424289815,-0.1389098534627867,0.2160442272772621,-0.4961344147739078,-0.19384411536472018,0.26575080166328674,-0.5826750545246279,-0.21816148632053248,0.30299981098709694,-0.6665571182453599,-0.23497656597228508
hello,0.0,0.0,0.0,-0.13870416007922248,-0.08500390112706534,-0.0562017774079261,-0.26209815807476927,-0.22217123323800525,-0.09510573015630468,-0.35887859072472644,-0.3276646080330333,-0.12999883873783125,-0.45062467023631314,-0.38472615806027344,-0.1684918074478796,-0.1376209983583456,-0.4753812910455544,-0.08421612956916928,-0.18090706673766052,-0.6826779086415501,-0.13671136271805193,-0.20680187978891365,-0.8084698280403592,-0.1755096417660132,-0.22819640419837242,-0.9217150570619527,-0.20572609559654684,-0.03490438312732009,-0.4859855382474873,-0.09990718506932894,-0.03992034801838449,-0.7219333268996838,-0.14649223252510016,-0.04532528473932512,-0.8706231105908117,-0.1852275620257143,-0.05309827873925344,-1.0,-0.2158567783199563,0.05780593849117854,-0.4431695110511353,-0.12180691650696372,0.08918716027880878,-0.656219972294146,-0.17871481729257138,0.1075074918685694,-0.7992039633786646,-0.21966636681111473,0.11843789557381465,-0.9292229650149502,-0.24921307571079823,0.13878522943230917,-0.3604916560978985,-0.14675681524409379,0.20654216257331307,-0.4938022882227571,-0.20315591859557333,0.2529272546172285,-0.5836827659574754,-0.22921374278809103,0.28816396840389075,-0.6713813506395822,-0.247251455741108
hello,0.0,0.0,0.0,-0.13763703217853557,-0.09284106261460195,-0.052356394675924636,-0.26083734373832196,-0.2331417700926066,-0.08968242845214253,-0.35779665294431706,-0.3423796719304943,-0.12414754002345825,-0.44914426632463017,-0.40684788033101216,-0.16133045437434576,-0.13830546466346952,-0.4678965726077413,-0.08122301551577533,-0.1821876685199603,-0.6829995136905658,-0.13489843061321988,-0.21269760300727586,-0.8137398670173278,-0.17430843102546012,-0.23964591578836592,-0.9294998118106497,-0.20410249188351642,-0.037245202847340064,-0.48321863781744595,-0.0985242780099227,-0.043161755365910145,-0.7184497621574845,-0.14425278194313038,-0.05135615312144631,-0.8686294888522528,-0.18199914157683314,-0.06064784728476116,-1.0,-0.21163058538630844,0.056490186503522305,-0.4452907919269282,-0.12147468148587887,0.08594492001030936,-0.6587234561686391,-0.1762936862306636,0.10270479877816012,-0.7925734416061685,-0.21191186394777095,0.11154202320141757,-0.9153556812236632,-0.2374702232583846,0.14019453047678768,-0.3656179565150215,-0.14764255308946328,0.206329932295404,-0.49735747296055866,-0.20262117524848278,0.25243032385661146,-0.5878153847391341,-0.2245257453170923,0.2899061131207358,-0.6762141732220128,-0.2385722621048224
hello,0.0,0.0,0.0,-0.12873834609959986,-0.09733291402285905,-0.049553686627787565,-0.24278842181863514,-0.25137040505418684,-0.08448352897528856,-0.33615785776589285,-0.36596266479956185,-0.11659503618643015,-0.43135817232935075,-0.42576142532603917,-0.15190433430663944,-0.11443508548600498,-0.47879470717696626,-0.08155771166578142,-0.15807364540976607,-0.6970294199316037,-0.13288869217657626,-0.18945435948332387,-0.8277829549754855,-0.17008476149015597,-0.21753347375129417,-0.9433789134207607,-0.1986165913599015,-0.015288890990516212,-0.48854784015028546,-0.09884363931699212,-0.019480607584638675,-0.7259931431721822,-0.1422193941396559,-0.025809894106193648,-0.8719851928413976,-0.17761990706508934,-0.035052277905047134,-1.0,-0.20563502655715588,0.07777331629761389,-0.44400787913218853,-0.12093196265319175,0.1097593527752071,-0.6591207349522102,-0.1732886647315325,0.12930511379214873,-0.7887633032225962,-0.2055094382787554,0.13910687674999098,-0.9063577256589128,-0.22897100453771382,0.1610398057917237,-0.3588282967939003,-0.14593441598217616,0.22906415356220683,-0.4971929617635328,-0.198272990965112,0.27683894890990246,-0.5839172849637835,-0.21691081875236576,0.3141740150110821,-0.6656730880187943,-0.22879320955286234
hello,0.0,0.0,0.0,-0.12688614522294883,-0.10092832535553041,-0.048143916242387785,-0.2349502481301155,-0.24649543202670812,-0.08354504690287674,-0.3205155955957335,-0.3625979650972557,-0.1169421089368628,-0.41236414177395214,-0.4211192362504441,-0.15336205210180606,-0.10387102055912534,-0.48568208029236726,-0.07353175781373987,-0.13757265664678994,-0.7010475221298257,-0.12260489128736808,-0.1627417483588917,-0.8319377145853243,-0.15984066106299782,-0.18349547256261936,-0.9473755116996443,-0.18869631837929265,-0.00526066048101025,-0.4907821867719929,-0.0914157945069527,-0.0029462719016455727,-0.7254589499715322,-0.13274763697539363,-0.0026006568937145757,-0.8728086432100627,-0.168943456954617,-0.003649556714641227,-1.0,-0.19780688034214217,0.08548771987088914,-0.44468901405271416,-0.1146143077398082,0.12362048743241034,-0.6530865182063204,-0.16473277261570604,0.14507405222138117,-0.7814216235506756,-0.19959282834331107,0.15817152307195442,-0.8966824403466377,-0.22532452141174975,0.16573292769161763,-0.3600137345205145,-0.14087382871131357,0.24032430318636108,-0.4872428453454309,-0.19035689980202897,0.28922452152390654,-0.5735020059977253,-0.21098883412537464,0.32843559731254857,-0.6572523116729383,-0.22506777741510495
hello,0.0,0.0,0.0,-0.13009126057947842,-0.09350666077917115,-0.0576116005138786,-0.23730297630846112,-0.2430282401834238,-0.09477707857420396,-0.32477688969734914,-0.36579123162588045,-0.12804316583459446,-0.4164209657832872,-0.4260573407928218,-0.16351408640592788,-0.10522534582657771,-0.49247153666008503,-0.07474978149418883,-0.1326337401529394,-0.7059857802730718,-0.1239882352242542,-0.15404356658707286,-0.8353652758998116,-0.1627967953277798,-0.17253573077218481,-0.9515361111015801,-0.19338444383373984,-0.007103001171076702,-0.497068283246952,-0.08702860945940545,-0.0034871006046471977,-0.7257104518793577,-0.1290470153830424,-0.0015250126622503412,-0.8711024484925521,-0.16641004005483342,-0.0015620954381323372,-1.0,-0.1960698933442868,0.08332961625793353,-0.4506858465997734,-0.10589570888162678,0.1205274675156203,-0.6581034047266947,-0.15745164640150433,0.14489217094183124,-0.7883081570757764,-0.19399470953380854,0.16077837934280875,-0.9082227030519521,-0.22036457168881665,0.16395403741691678,-0.3660097692659537,-0.1287881535233768,0.2371411845531895,-0.4931672676011878,-0.18032708377371062,0.2842326148424536,-0.5797246689669425,-0.20377885478638183,0.32175431354503153,-0.6657361221340359,-0.21960765746668792
hello,0.0,0.0,0.0,-0.12796072000158068,-0.09226321023756363,-0.05182578280548789,-0.23492481871529905,-0.24996305151054118,-0.08566090511091556,-0.3194470240329836,-0.3675054829977673,-0.11633443293424778,-0.40753367186316547,-0.4281497434681525,-0.15014327225112883,-0.09998827659336244,-0.4852038753103739,-0.07404374184601267,-0.1361235041130716,-0.6951272121343844,-0.12236609271835268,-0.15937141464635488,-0.8237289653764334,-0.15939009277104216,-0.17780284918298395,-0.9392288237734879,-0.18846992060820536,-0.0018343838296022603,-0.4910792778908406,-0.08927088284961532,0.00170200154116694,-0.72530648804937,-0.13215632277374248,0.003826704339636311,-0.8718112663255023,-0.1688149049001577,0.004599000217344056,-1.0,-0.19753420505229852,0.08770886434437836,-0.44362213747999446,-0.11006695484977339,0.12305085192283627,-0.6569599494181106,-0.1626258847266776,0.14927255603195616,-0.7880069550097805,-0.19738934194612268,0.16758781029157035,-0.905227256261814,-0.22189470309949513,0.16632392167710577,-0.3569379515652065,-0.13406570676799934,0.2379731678884037,-0.4955098035341461,-0.18548115993035535,0.28937714462600356,-0.5807825044621393,-0.20606263760648635,0.32990891308213627,-0.6600504501656426,-0.21958254105303618
hello,0.0,0.0,0.0,-0.13532815704899348,-0.09131526021609904,-0.05307191589253193,-0.25294810898390285,-0.2377303666578188,-0.0904576341373077,-0.34495314905599855,-0.3434524046970486,-0.12382331952159151,-0.4306372662899209,-0.4044758405854086,-0.16082451145539944,-0.11830684018327797,-0.4694969240195265,-0.08314090570743553,-0.15978432287322752,-0.6832195869088774,-0.13369231063771853,-0.1844544676619361,-0.8156702657762005,-0.1711056388064654,-0.20355866207680912,-0.9290975838055252,-0.19943182713069268,-0.017147627544376483,-0.48262666276474886,-0.09875475720458837,-0.01584771847886455,-0.7225292839347734,-0.14238116439065393,-0.019136790719043582,-0.8717278913102525,-0.17977830941443707,-0.02271660096255046,-1.0,-0.20865924280434953,0.0723430282584327,-0.4408197996786241,-0.11945811743009171,0.10623477264636447,-0.6549111425405494,-0.17054223534748492,0.12671984114033438,-0.7911297833022671,-0.20771301349684157,0.14159492796249637,-0.9121385679405228,-0.23483902035954654,0.14955052916748185,-0.35764559786583583,-0.14311882006840107,0.2171318682828037,-0.490971185195705,-0.19260240851929392,0.2645777605537271,-0.5770144532407002,-0.2132859793050929,0.3034546364923906,-0.6577298027943314,-0.2273506602303206
hello,0.0,0.0,0.0,-0.14053431506950553,-0.08644192855389883,-0.05648038527501181,-0.25770800894684187,-0.2266607844878796,-0.09735194300529865,-0.3503856151699491,-0.3309955978203625,-0.1345434715093419,-0.44444476994986076,-0.39117731772913633,-0.17571994366418078,-0.13519361454249304,-0.46713066280108273,-0.08609942975208669,-0.1831017236532698,-0.6788950248139437,-0.1409863481717443,-0.21234328079365203,-0.8113660898607119,-0.18186898325823056,-0.23652763782894337,-0.9281248531064336,-0.2131387036154917,-0.032327836745303304,-0.4778541428280186,-0.10350500240629382,-0.035936907640249816,-0.7180447818811139,-0.1526619981220951,-0.04118186518775944,-0.8678443275081033,-0.19313055148029676,-0.04937354929078954,-1.0,-0.22441428706508595,0.06024124301285979,-0.4342949488321021,-0.12685842456532065,0.08918371985843888,-0.6548347075358247,-0.1858469941984972,0.1097743195490519,-0.7988870111665077,-0.22545797209651666,0.12243835929823459,-0.9319289387350128,-0.25361885865253786,0.14176712244674847,-0.3505030634424408,-0.15318365754101376,0.20913768865794574,-0.4932952616280115,-0.20979732023729852,0.2567152914055429,-0.5837705129999391,-0.23248025024944685,0.2919489741852159,-0.6724808444131308,-0.24787427988236507
hello,0.0,0.0,0.0,-0.1441124566242024,-0.0851939214719367,-0.0552909889839263,-0.2677584437237677,-0.22097134480098132,-0.09711049744464968,-0.3664291806612343,-0.3285640703564673,-0.13541833402772108,-0.4617778977120923,-0.38751540004786666,-0.17750185107740118,-0.14887957791688017,-0.4705870463444396,-0.08950303442484285,-0.1960822974274625,-0.6808743987890917,-0.14580813761654127,-0.22550462095134682,-0.8110114960253019,-0.186383716580705,-0.25011953274876064,-0.9269080665999532,-0.2175506593907767,-0.0435752419166146,-0.4802054838894484,-0.1081955452631034,-0.051690752582469565,-0.7168896963038279,-0.15971114823554688,-0.059066980637568677,-0.8682623284711748,-0.20087041980056655,-0.06845839965861554,-1.0,-0.2327117756151588,0.05253698554737968,-0.43542594618268887,-0.13269300743426787,0.07889228345832738,-0.6507991292982932,-0.19424523688735135,0.095174705210557,-0.7975080433626798,-0.23609647322809116,0.10436694760209007,-0.9316680935637571,-0.26567821836874356,0.13680168379210886,-0.3517061727086255,-0.15977258780069933,0.20301559842136457,-0.49345367456787503,-0.21932941176871543,0.24805896484907283,-0.5872366866218091,-0.24510138518077706,0.28224091377097577,-0.6793356656274144,-0.2625148671630557
hello,0.0,0.0,0.0,-0.13655083746094154,-0.09264246135716799,-0.047654683239152375,-0.25891781524317276,-0.23738318156036867,-0.08232978611302975,-0.3542709353894277,-0.3455848457148682,-0.11488816247698173,-0.44943779447693266,-0.39749244048285376,-0.1515251523488365,-0.14239351064336517,-0.4647446909260577,-0.08186120645900834,-0.1879827727200132,-0.679066992205455,-0.13400482974628386,-0.21764471290112672,-0.8099416706682996,-0.1720414377162558,-0.24314353162441926,-0.9267356268438477,-0.2012366578518768,-0.04059063435099562,-0.48300908209456167,-0.10122012318016793,-0.047179018892555255,-0.7225972423489868,-0.1445920147319347,-0.056992281507172185,-0.8718933530019318,-0.18107258067201867,-0.06883160012259074,-1.0,-0.2102173495448604,0.05498864087733762,-0.44586787980077536,-0.12516648566580307,0.08529102022893832,-0.66226146809739,-0.17731326945367254,0.10155230446691645,-0.7999827748548104,-0.21292493956292213,0.10948881346235158,-0.9235118161694079,-0.23945591607121308,0.13984843206481457,-0.3656551419193188,-0.1517343958340691,0.2062220800210064,-0.49962287472596206,-0.20394573222114096,0.2516454950374637,-0.5893654141766814,-0.22419418392609008,0.2872829995288769,-0.6748980000552379,-0.23791644373705112
hello,0.0,0.0,0.0,-0.12899674435651673,-0.0960092995278843,-0.04537309273901307,-0.2421629197897822,-0.24177009216202822,-0.0795084654416824,-0.3331037751026698,-0.34836068046017976,-0.11160836079150084,-0.4231499963176553,-0.4070060137892706,-0.1472503751049835,-0.11793101679049753,-0.46766361095030545,-0.08180710532076627,-0.1648661625135718,-0.6829041164503894,-0.13323371725141728,-0.19723181808328888,-0.8125690522493226,-0.1694274203823118,-0.22608164649795762,-0.9271392251776657,-0.1967141581013276,-0.018566309084811723,-0.4803959723700187,-0.10127116407865804,-0.021591731449086497,-0.7207378716127152,-0.14469001862484898,-0.028858180807698943,-0.8699416399738106,-0.1798104558235704,-0.03911319593911954,-1.0,-0.2071152075331097,0.07420398545702538,-0.4383461811036123,-0.1249540182133279,0.1062987848527629,-0.6529389121220203,-0.17664307592219888,0.12215547157644192,-0.785605406305142,-0.21016393042238538,0.1290625028794212,-0.9049782052258537,-0.23447842599386043,0.1564256053347132,-0.35478062141406413,-0.15102532531046894,0.22821163929832738,-0.48895783811431603,-0.2024717576023583,0.2763178435553035,-0.5775270115396265,-0.2217101028819338,0.3134470147055811,-0.6612112282412704,-0.2339958598576569
hello,0.0,0.0,0.0,-0.12799832018335983,-0.0929558146164033,-0.05037730344539697,-0.23786813702339016,-0.23889580193100024,-0.0866814465022425,-0.3249603712636702,-0.3578628724759361,-0.12064134403553117,-0.4190408846543438,-0.41625451378406836,-0.15777524662983283,-0.11292414844235663,-0.4755607453042446,-0.07721900919295745,-0.1498350161302368,-0.6868169499494582,-0.12779580025669054,-0.17617576646236086,-0.8161769655800627,-0.16600982915805682,-0.19751743191062576,-0.9317492970961366,-0.19557028283477257,-0.013038958703017463,-0.4840610698023244,-0.09465386995067361,-0.01246780000820449,-0.7185999459345177,-0.1377695472049886,-0.014114088686324484,-0.8689669390627317,-0.17537302205612446,-0.016465253460874577,-1.0,-0.20520217605228938,0.07847699429577605,-0.43962823669741946,-0.11729564786881595,0.11321262039825433,-0.6467743076410094,-0.16943875355999685,0.13285356353588254,-0.7751986959069064,-0.20528929944781205,0.1445377296073731,-0.8915056184975476,-0.2313447498322134,0.15880657284797817,-0.35624169689880814,-0.14304486798212204,0.23157158574901204,-0.4843663714803529,-0.1945628168807745,0.2800640633891484,-0.5705945046749813,-0.21585290843446292,0.31912216695294726,-0.6545294567470882,-0.23012114356987382
hello,0.0,0.0,0.0,-0.12954846379775417,-0.09139177772530724,-0.059107276300278906,-0.23720120531588823,-0.23713485066063614,-0.09689017543108548,-0.3235384664506264,-0.3577644604203679,-0.13044587241184355,-0.4145332988026335,-0.41766944318195404,-0.16641090035503714,-0.1055900972049711,-0.48525106827710074,-0.0779979457057504,-0.13083705806321405,-0.6958037184623221,-0.12737121284735872,-0.15202140588038895,-0.8245305670931629,-0.16604594975115064,-0.16975688836873848,-0.939620811395236,-0.19662169858314446,-0.006746231811104984,-0.4927433629248817,-0.08960823653754739,-0.0009481488956417343,-0.7226542282565978,-0.1319599411098036,0.0011051663471788563,-0.870602378072007,-0.1696936491038577,0.0016124838203042354,-1.0,-0.1999878505347794,0.08384469121368446,-0.44911392884074214,-0.1077627716680013,0.11983138296635266,-0.6563568613801322,-0.16015768034757125,0.14238579017028707,-0.7842713582167232,-0.19787903717807348,0.15755380738413,-0.9013993474118203,-0.2253770468669043,0.1643179089637781,-0.36622658419768483,-0.1299809874267983,0.2379087693129823,-0.49110065817248244,-0.1838060360200862,0.28666682696900214,-0.5733858835923858,-0.2090972114159377,0.32632825266906673,-0.6553436717828077,-0.22611662205783162
hello,0.0,0.0,0.0,-0.12841821005231693,-0.09148598374383698,-0.0525666779062978,-0.2344195750253908,-0.24811539302757638,-0.08691242113518993,-0.31784120936140303,-0.3678606384350135,-0.11827425270362248,-0.40601062192918913,-0.4257745524301222,-0.1529020088372118,-0.1008197080727373,-0.4836409307046387,-0.07389884277387132,-0.13585643106286843,-0.6938882626141828,-0.12328592989947319,-0.15763463834468244,-0.8239870776579611,-0.16132123017577293,-0.17269345425226773,-0.9410663723753467,-0.1910910677471374,-0.0019726665656258275,-0.4886656275524937,-0.08951084575400546,0.0025184714461090434,-0.7218813374102566,-0.13316256219513642,0.0066302454383813944,-0.869830078892178,-0.1704311350003062,0.010439686980571848,-1.0,-0.19976411469070252,0.08777595901341126,-0.4418383340428577,-0.11105674030713611,0.12427206812909017,-0.654281197357646,-0.164452826826888,0.15060830579399861,-0.786602603614374,-0.19992925523249647,0.16906256793756466,-0.9061947734672726,-0.22506771783248444,0.16690199701380867,-0.35617778043474513,-0.13599566151490158,0.2417004409497716,-0.494824466121845,-0.18784652438040486,0.29376364265305155,-0.582099983290075,-0.20915141546369126,0.33414477642344137,-0.6653932975160677,-0.22350047105006676
hello,0.0,0.0,0.0,-0.13305144648872477,-0.09378152715191278,-0.0539861761443147,-0.25131779607349775,-0.23894125281051964,-0.09275148321141262,-0.3444119213016116,-0.34376964915371083,-0.12730170146880243,-0.43058590492545845,-0.40249553102725033,-0.16515761790963274,-0.11963956528776452,-0.46979739377529367,-0.08662703514129286,-0.15962864944050328,-0.6858592398319372,-0.13870234641432708,-0.1848911333489589,-0.8186283274441843,-0.1766386130463369,-0.2039999539438064,-0.9325091480437963,-0.2046142269535604,-0.01858195362167775,-0.4817285948215633,-0.10103073746370289,-0.01692618052413272,-0.7209600810589007,-0.14448674129219016,-0.01754251297679575,-0.8710421285796283,-0.18075576213619107,-0.017848495504293484,-1.0,-0.20891495563400944,0.07142137751163415,-0.43957142859033504,-0.12047242324214587,0.1047067709354185,-0.6491762095408581,-0.17034218214988353,0.12571289495336613,-0.7836870285774711,-0.20637384154792116,0.13983560321106958,-0.9011962302211478,-0.23254009553962335,0.15041277863500824,-0.3572511440265845,-0.1430646405130332,0.21805026927653529,-0.4910916336939172,-0.18970159872908093,0.2650528647018583,-0.5776763512165916,-0.20886393648852916,0.3024875506006032,-0.6570358048524965,-0.2220426912958098
hello,0.0,0.0,0.0,-0.14283775773578067,-0.08254912101726926,-0.054349994753497666,-0.2656511687651448,-0.2249131621046724,-0.09445850792784476,-0.3580011324238461,-0.3283381822254417,-0.13062735128052896,-0.4472819593180593,-0.38138374826876065,-0.17090704588632102,-0.14803184816799092,-0.45783739005690693,-0.09047838411960168,-0.20047788773836323,-0.6732991060189506,-0.14422192214646756,-0.23136738215756672,-0.8078064657582629,-0.18309898617581363,-0.2544076436036538,-0.9235066786869897,-0.2120705240390861,-0.04358003570073838,-0.47631084966863535,-0.10735190739462237,-0.050461657052168825,-0.7210802960553,-0.1519257086700821,-0.05526707773571026,-0.8722578638250168,-0.18807468686814685,-0.05813930655087288,-1.0,-0.21651740703635552,0.050610082851660465,-0.43804299499970273,-0.12930301328193983,0.08163527312039918,-0.6618877892830343,-0.1821995779695191,0.10601922141188416,-0.8051949300672073,-0.21869769874451303,0.12449755632359587,-0.9321828167072739,-0.24581652104538107,0.13451467268928724,-0.3562155538049617,-0.15419736146855167,0.2028927863300922,-0.4975249049959772,-0.20542117348998512,0.25228241908593274,-0.5868475105025472,-0.22498729278234617,0.2909998847533254,-0.6705146326034874,-0.23861153865130813
hello,0.0,0.0,0.0,-0.1432747725057405,-0.07404630132386067,-0.05476735166158493,-0.27284142129123845,-0.20389643205264915,-0.09488097510870355,-0.37094511789577894,-0.30023259148289405,-0.13098921505654287,-0.4612087670061908,-0.3565000774123768,-0.17109177350833896,-0.16293370011535535,-0.45898397890894344,-0.09146411477480544,-0.21688235826447994,-0.6677205925644867,-0.14666167783863468,-0.2487390505099404,-0.7965185691576007,-0.1854015808387459,-0.2748984371422403,-0.9102977950556388,-0.21480574540655586,-0.057479643815841405,-0.47674303234092846,-0.10945538830108094,-0.0702540488853708,-0.7180312778711815,-0.1591908471765735,-0.08162971588567391,-0.869520621130744,-0.19820171053173494,-0.0956553938981602,-1.0,-0.2283563185852389,0.0383820922275793,-0.4378439944350314,-0.13307851445817792,0.06011343638992287,-0.6590989935300698,-0.19315562972411668,0.07280770329471437,-0.8056318321874121,-0.2339355805454511,0.07856593026780322,-0.9386660239258761,-0.2627145686184935,0.12230215140988654,-0.3582392663923434,-0.15917870038417167,0.18526580793444153,-0.5051375650645575,-0.21872934675026026,0.23178001583137622,-0.6010444128979923,-0.24463542250426773,0.26594340610096756,-0.6928379786211002,-0.26181517785935066
hello,0.0,0.0,0.0,-0.14278874470104988,-0.08791426153637806,-0.04726545647980774,-0.27054592815690504,-0.2275239252406502,-0.08298152648325563,-0.3697437574196185,-0.3249820956481797,-0.1161491809359654,-0.46397509735757003,-0.3735499753668496,-0.15339894768115114,-0.17106473094022318,-0.4505686506481923,-0.08949836024700307,-0.22233242842867573,-0.6616892715981171,-0.1450996369808412,-0.2578769455274422,-0.7886534192941743,-0.18339445909466953,-0.2895741610869957,-0.9022721334960987,-0.211509341877536,-0.06708855343788382,-0.469488460986198,-0.11032150912339744,-0.08149270565585703,-0.7128417445752824,-0.1564235570928443,-0.09488446021975777,-0.8676054720895829,-0.19251382617880852,-0.10920005144971684,-1.0,-0.2205208475279243,0.03242978225764269,-0.43235555971530704,-0.13553427655700545,0.05371951728411882,-0.6534146008501175,-0.19070791663059405,0.0666035765987588,-0.7954347286813058,-0.2258696217166543,0.07191111415232476,-0.9234784769931544,-0.2508461159843709,0.12215389845537257,-0.35370061475065556,-0.16289706263127302,0.1846383688235938,-0.5013912305440454,-0.21707004686381212,0.22924603514429218,-0.6011089985105837,-0.2365616265299644,0.2626807329448848,-0.6954660379153941,-0.24894390826504964
hello,0.0,0.0,0.0,-0.14276409314420657,-0.09062517511896057,-0.04471111158966245,-0.26505744589490216,-0.23599067224021972,-0.07656714137166061,-0.361304442443576,-0.33840268130119705,-0.10562887847611523,-0.45350143378380375,-0.39502560733404224,-0.1383412722057649,-0.1457817602622719,-0.4645724931473695,-0.08013623338651105,-0.2045682370045831,-0.6763891682197463,-0.12919616042701007,-0.23907035940341118,-0.8020330473329146,-0.16388099958572397,-0.2685998768537685,-0.9142458049662104,-0.1902855009208395,-0.044479511210535706,-0.48463494637019433,-0.09975198070227043,-0.05669154688100024,-0.7268030076283968,-0.14191801358870876,-0.07251257160753963,-0.873700991186209,-0.1760402632111394,-0.09131894702064848,-1.0,-0.20222893203888148,0.05110039168202556,-0.4460492646808563,-0.12342582952394114,0.0802011319689611,-0.6712989177089576,-0.17587807941796732,0.09549904305545671,-0.8119378960696687,-0.21061026730570004,0.10172442541212905,-0.9379056958398095,-0.23543262147522445,0.1359720043441535,-0.36309449771498764,-0.14886750747557445,0.20528401158303414,-0.5063807418821296,-0.2016297200785014,0.2471542803629204,-0.5998222596267727,-0.22077438664684362,0.27699829857426095,-0.6886451404853722,-0.23289903043553956
hello,0.0,0.0,0.0,-0.1357407302333853,-0.0966816244540843,-0.04096097993014067,-0.2550004088797525,-0.2556438672323222,-0.06862531370310478,-0.34794156598087805,-0.3708347501254873,-0.0950445074303315,-0.4441677759485908,-0.4168505264888087,-0.12511545316987932,-0.12916599824011624,-0.4757360141694183,-0.06770993500765841,-0.1815119951440597,-0.6892915957590258,-0.11308116448662316,-0.21310159580120633,-0.8192801838639041,-0.14618345014484949,-0.23968694370072777,-0.9333874333631454,-0.17215216179536438,-0.02969609961372089,-0.4888237039770461,-0.08737628572797392,-0.036710870581870586,-0.7260815889951613,-0.12679436037649042,-0.0453153061584094,-0.8733453126256489,-0.16025149889311277,-0.05599774891626456,-1.0,-0.18654324935971872,0.06569398187512934,-0.4487736260721868,-0.1115011350853796,0.0913044134929502,-0.6601457489636157,-0.16080312938446648,0.10309960787003039,-0.7923338516105304,-0.19426648443809097,0.10841504465225424,-0.9104674441232822,-0.2184966577500401,0.1522431442567226,-0.36920589837276746,-0.13779846427739373,0.22266135408728038,-0.509975101196038,-0.1865271254826243,0.2713947861232335,-0.6000651894473918,-0.20551685164748598,0.3097904317783793,-0.6837676371063613,-0.21816470657994325
hello,0.0,0.0,0.0,-0.12776593103417824,-0.09829000788189614,-0.04855570903495636,-0.23986293890423246,-0.2509123122496682,-0.08168291337838224,-0.3314947148611509,-0.3696460091319203,-0.11277862773702128,-0.42775634376895666,-0.42774563921602266,-0.14635725478578074,-0.11328976268073049,-0.4831398942564119,-0.06813177311267783,-0.15285646646320433,-0.6981386321227175,-0.1141997909459278,-0.1784521229838058,-0.827214465918744,-0.14883310079837825,-0.197854660404414,-0.9411606184046991,-0.1762151799450327,-0.015005776109859757,-0.49319749077250813,-0.08446799552679404,-0.0183030460273698,-0.7271861055438144,-0.12348283779085784,-0.019125155692704666,-0.8730561117277008,-0.15767705189971284,-0.01949325850672423,-1.0,-0.18519984573985812,0.07630727178344743,-0.4501655224949155,-0.10642677182512084,0.11003089534687134,-0.6615188917629871,-0.1552197715961103,0.1304626755320882,-0.7850005930991361,-0.18763608490659966,0.1437301660523703,-0.8965444431963233,-0.21150006255388745,0.15704114381894693,-0.3673789186274007,-0.13155984112619581,0.227428797829866,-0.494503847651197,-0.18085331219857995,0.2747625914143732,-0.5804678973468164,-0.20070679563739882,0.31330112288753176,-0.664188807975106,-0.2139186057565599
hello,0.0,0.0,0.0,-0.1278836889240003,-0.09406285614384695,-0.05389496975331751,-0.23640025080413749,-0.24431070268536567,-0.08895271024201752,-0.3263566492672392,-0.36357529973591957,-0.12093489598430182,-0.41965973187092265,-0.4174758430134354,-0.1551205071485036,-0.1069315533425435,-0.4906565600135655,-0.06758667142915711,-0.13718986320132817,-0.6989808124318931,-0.11446247655250201,-0.16065569245208366,-0.8251591515248707,-0.1525597712723388,-0.18034408014164913,-0.9368395523908548,-0.18272108841469645,-0.011261736726637949,-0.49884154252431473,-0.08134573235300493,-0.010094077841296714,-0.7283003813327059,-0.1204647039508823,-0.009943306171648354,-0.8744127200287084,-0.15663031059324847,-0.009732199544398773,-1.0,-0.18559731762443996,0.0778652203803337,-0.45551420763375233,-0.10163126688260915,0.10966976140744762,-0.6645601134665259,-0.1496437952590993,0.1302364893730291,-0.7891324779527652,-0.18481817183073293,0.1448417554712239,-0.8999622084960559,-0.21070791528228683,0.15661771954892062,-0.3722967901539659,-0.12590462663275145,0.22611084018071567,-0.49753921443622307,-0.17481987080530154,0.2718950828981286,-0.5827316487743065,-0.19730801741793402,0.31048079994426575,-0.665939864844437,-0.21259791768779823
hello,0.0,0.0,0.0,-0.1269954088392683,-0.08927692117563137,-0.04993429131391122,-0.2358011139785388,-0.2427366591445008,-0.08472203337529832,-0.32071661468740714,-0.35902194393926695,-0.11668317334291468,-0.40844320323001426,-0.4146365819790729,-0.15184758971020224,-0.10909249944751674,-0.4778628655376681,-0.07918480925661266,-0.15132243121790503,-0.6914935469624023,-0.13037128155077826,-0.1753263461457542,-0.8236692773916561,-0.16854212627200366,-0.18943174901787196,-0.9408092463333169,-0.1975936839766022,-0.012533865484324882,-0.486350134898686,-0.09531744466636638,-0.01703536986227843,-0.7211869626541196,-0.1400725231223024,-0.014975460466219667,-0.8713465118675392,-0.17634584048359597,-0.010028788767841398,-1.0,-0.20448874131392777,0.07812096716211797,-0.4436910719036668,-0.11660565174139907,0.10702649368446199,-0.654805345321088,-0.16843209347421187,0.12910859518168333,-0.7873138578704926,-0.2025805784441823,0.14580071307614395,-0.9032725231769626,-0.22676973678439338,0.16169235147808736,-0.36154067121663275,-0.1411543963370857,0.23318484482923713,-0.5040038221570471,-0.19003465275558273,0.281988515637347,-0.5960239759511575,-0.2104234883196673,0.3206302053117248,-0.6811093134927512,-0.22420916324878876
hello,0.0,0.0,0.0,-0.1360668320086869,-0.09779378711955407,-0.04997475919434505,-0.25165170318070834,-0.2323983128356267,-0.09101181440150896,-0.3425688346302645,-0.32864154647238153,-0.12902875527821034,-0.42928137172704456,-0.3908978190952477,-0.17047064115776553,-0.1241284182121795,-0.4664025655286732,-0.08672147385811961,-0.1669487109583201,-0.6820868472929412,-0.14224571815045764,-0.19749336903855283,-0.8126867261186839,-0.18262352808972807,-0.22170556245492817,-0.9224595392926909,-0.2117361237529617,-0.028183979491140997,-0.47797262018296716,-0.1046783443689496,-0.03111839731972348,-0.7220067755556608,-0.15227338483711023,-0.03728881046166464,-0.874230594810575,-0.19048710137878763,-0.04349937210004131,-1.0,-0.21936278116206526,0.060053935463610784,-0.4356233766276787,-0.1275164041497958,0.089315564200659,-0.6535740608912237,-0.1791662357215531,0.1043644926962531,-0.7902426565849331,-0.2147049427478381,0.11199363454201729,-0.9074719598197027,-0.2404722444475572,0.13954451332038997,-0.35233127942194115,-0.15316080904936988,0.20712079297918076,-0.49459343519081966,-0.1995329849488105,0.24810750521814512,-0.5884159662487624,-0.21777878716181417,0.2774714264939663,-0.6745279984417614,-0.23041970026847633
hello,0.0,0.0,0.0,-0.1431271850312473,-0.07491743914672098,-0.055747841142103675,-0.2637097548432714,-0.19725057449624442,-0.10160517533244572,-0.35759713619672656,-0.2866199403481288,-0.14348177637385304,-0.44664639405160717,-0.3465005938177171,-0.18982523112804514,-0.16687895772622235,-0.4403009282597063,-0.10539558528997058,-0.2214575049279784,-0.6534155683735439,-0.16666379962219774,-0.2550315387941743,-0.7848560035492677,-0.20917182505326715,-0.2802743408436143,-0.8976666614073039,-0.2389871973506344,-0.06733085287520896,-0.46238824634035264,-0.12321241498796993,-0.07706566599712304,-0.715390829935473,-0.17419509572797834,-0.08447976299706661,-0.8711667602209253,-0.21210512880045618,-0.08964227329628068,-1.0,-0.24037441557470088,0.027570337514705046,-0.42625334849812657,-0.14561918921662867,0.04857712396469666,-0.6578377119311498,-0.2014241652245744,0.06829665908337863,-0.8023490899385805,-0.2380051784880634,0.08173063166106098,-0.9266888504806835,-0.2642148230184286,0.11603192843273039,-0.34761241419995864,-0.17083862498683872,0.17775273489094265,-0.5043576940778416,-0.22272042276897436,0.22045947397992652,-0.6010940900896757,-0.24172536425232324,0.2513743650990824,-0.68821313951066,-0.25403021737837705
hello,0.0,0.0,0.0,-0.14853242799219163,-0.06641724435759326,-0.056326556884475035,-0.28446002818540805,-0.17705012426453057,-0.10262433620138772,-0.39174254120793234,-0.2585956905596748,-0.1452162273653104,-0.4884478992526263,-0.3013393909285862,-0.19171983162074357,-0.19293564560869006,-0.435378802401875,-0.10307825216599587,-0.2621916319158863,-0.6471109956759928,-0.16462688298868408,-0.30586403529566164,-0.7779263317811432,-0.20737680173747736,-0.3398609144247861,-0.8899999519020341,-0.2381528521111642,-0.09387197558272403,-0.46341909200659903,-0.12116791433275426,-0.1189130134543753,-0.7130168899442957,-0.1756143479716471,-0.13731625718119808,-0.869822855191454,-0.2146715453856256,-0.15310407094312553,-1.0,-0.24367583847264238,0.001980261969007045,-0.4329319901632789,-0.14441178888501374,0.01684431993942405,-0.6587621095218169,-0.20454632233130857,0.024041836984999617,-0.8041090092299996,-0.24160836458468454,0.0252194126138977,-0.9301199769404609,-0.2673929282983422,0.09234974367219724,-0.35951470526597146,-0.1705228518981589,0.15426611780016394,-0.5168911123891428,-0.22647391015647658,0.19285346679831766,-0.6265730267981253,-0.24866650059611262,0.22042665644241333,-0.7304952784975295,-0.26310484003445206
hello,0.0,0.0,0.0,-0.1549295120251729,-0.054845866116705264,-0.05313611641915361,-0.30237284899710093,-0.1667843941880666,-0.09405363994834921,-0.4175669642448588,-0.2486191244592266,-0.1318011352525065,-0.5196874816527395,-0.28973543197599627,-0.17366267593101406,-0.22197408004636077,-0.43602833851855366,-0.0962630020951473,-0.29893690429041136,-0.642335248464673,-0.15532257836899452,-0.3442383231170625,-0.7706719507715458,-0.1959274153017113,-0.382884675790796,-0.8843178916218788,-0.2268555990732224,-0.11865807802511742,-0.46920370531240924,-0.11694818753324081,-0.15290756472420716,-0.7105619256383509,-0.17247484700907198,-0.1785597275573494,-0.8649954192566369,-0.21411003441124632,-0.20459527333739855,-1.0,-0.2456521342375202,-0.01828495898450122,-0.4416619418437777,-0.1427884251856137,-0.013338854348130019,-0.6658811281961896,-0.20847944056471862,-0.013523576502497199,-0.8164285576508411,-0.25074077552863794,-0.020733935473116097,-0.9538276274790537,-0.27981436365370665,0.07488681192229449,-0.36928197287766285,-0.17065562593677958,0.134256399700446,-0.52297770423308,-0.23513163028957693,0.17142145528111769,-0.6361800021654167,-0.26378327542198626,0.19667742288378035,-0.7467310021641496,-0.2824376435166406
hello,0.0,0.0,0.0,-0.158507177210599,-0.06400112184512202,-0.05689518115184985,-0.3026090373308913,-0.16482054571073979,-0.10325902111523327,-0.41991908620874363,-0.2415856455076189,-0.14627901430301385,-0.5246223293448276,-0.2815415547164654,-0.19249347215320695,-0.2279224830646588,-0.4328692078783994,-0.10097474762562227,-0.30908541505244236,-0.6405872318222473,-0.16539377635404,-0.36169126694112486,-0.7667353701893149,-0.2098618377579765,-0.40568852354575663,-0.8796596168144368,-0.2421364356893254,-0.1265748808484452,-0.467414492231614,-0.12087681218368042,-0.16657492355828488,-0.7086849391224623,-0.17806297405326094,-0.19743947392866817,-0.8653940320829198,-0.21926990785336536,-0.22465361430238637,-1.0,-0.24994317152932297,-0.025240091584132866,-0.44400950009200413,-0.1465921664066336,-0.02572427879986774,-0.6727049600716386,-0.2122010734725139,-0.030338649877903245,-0.8187899092309132,-0.2510359561646005,-0.03892133452588697,-0.9514936520721212,-0.2772240816190599,0.07140658094564568,-0.3758656661649447,-0.17511264951186675,0.12568822457687895,-0.5361934214745786,-0.23906609649845623,0.15928919437497174,-0.6493709374489484,-0.2644665991220861,0.18321282633431768,-0.7593083426197575,-0.27982592946027324
hello,0.0,0.0,0.0,-0.1578996438600428,-0.0700038405293601,-0.04343413411584179,-0.3005071665646422,-0.18220474896994265,-0.0805531702470402,-0.4121491026362226,-0.2560917438882979,-0.11581308598348808,-0.5085063306008647,-0.29847299754314466,-0.15492094412853236,-0.21524256777735992,-0.44371685690164797,-0.08869853349924722,-0.2944588317776861,-0.6518848816292968,-0.14608893834863546,-0.34446568884755324,-0.7786532144546463,-0.1854737700824135,-0.386872175379042,-0.8884909285670093,-0.21423529345247658,-0.11448355714562278,-0.4756203367291748,-0.1133669314453766,-0.15423588719507067,-0.7218681224373306,-0.16513459246320528,-0.19072319705394047,-0.8755635698846616,-0.20398910611162546,-0.22486171100572544,-1.0,-0.23205401676015602,-0.011487374010251105,-0.44903144244523396,-0.1421687989063419,-0.008223779405923995,-0.6794391116430766,-0.20355143331275202,-0.013169993462261453,-0.8286185869646104,-0.2421937306278884,-0.02198596139683503,-0.9595555478257101,-0.2680399835742188,0.0863946610084198,-0.37688765439455496,-0.17221073929744865,0.1433898844391273,-0.5355469931677354,-0.233348912391561,0.17667988945433977,-0.6506056318069962,-0.2571611745146752,0.20012351279278334,-0.759819224258688,-0.27096081378433023
hello,0.0,0.0,0.0,-0.1530858264650733,-0.08722447372693536,-0.044881061836851484,-0.28619389051417965,-0.21797640780897176,-0.07939339143729274,-0.3909470430575902,-0.3042186481900006,-0.11162944907385648,-0.4867488306887326,-0.3540999436058,-0.1473146368566181,-0.19237082712448497,-0.45443437400166575,-0.08481983055346724,-0.2660542629758903,-0.6610206071214084,-0.14086130471700511,-0.311869081588059,-0.7829265004446049,-0.17969838942830615,-0.35124242314324594,-0.8902461517021453,-0.2077704213646582,-0.09016208807126035,-0.48436851879924314,-0.1070092342027989,-0.12751714767375846,-0.7294102986614188,-0.15513939326044196,-0.15705669381821302,-0.8775130416392436,-0.19173885514976716,-0.18401995665565132,-1.0,-0.21848804507283862,0.013647130818399423,-0.45424147774190327,-0.13361569137713847,0.019027259106992357,-0.6831065998546708,-0.19024025738676273,0.019710363470368652,-0.824478102046175,-0.22582310007518028,0.015486354721265255,-0.9477647412055555,-0.2501633232295946,0.11196691353893419,-0.3784732247061809,-0.16190552660389534,0.16529084807190053,-0.5338854080199695,-0.2171330536829309,0.19582115413606274,-0.6375681959915458,-0.2370940250386051,0.21489384171002815,-0.7342151627782345,-0.2489038364552541
hello,0.0,0.0,0.0,-0.14424786952145222,-0.09201296269477496,-0.0418742502073963,-0.2671332587633178,-0.22598565620582203,-0.07300667727848496,-0.3648315318664413,-0.31801773589093907,-0.10252377453816755,-0.455789621784787,-0.3700781142230546,-0.1351582563762703,-0.15460804049611204,-0.4641323313829877,-0.07231344569705188,-0.21882379897508175,-0.6698508833493627,-0.12251083721810278,-0.25705887991765664,-0.7903370903032986,-0.15876547016569925,-0.2911919223426593,-0.8954091579185806,-0.18566630758614885,-0.0556668879561448,-0.4892090090811205,-0.09344940167516169,-0.07968057847187582,-0.7334743589584899,-0.13621310336539244,-0.10016010135580722,-0.8798458647955671,-0.17113366436241365,-0.12173341865837511,-1.0,-0.19718479282184964,0.04202822190397247,-0.45729903882798273,-0.11917182792655781,0.05757349829508079,-0.6798734812823347,-0.16943367911962992,0.06754514050919136,-0.8194022048353883,-0.20325950875918938,0.06958103121446939,-0.9401072944521256,-0.22725832859448344,0.13401739151004832,-0.3816773137300288,-0.14686899458229066,0.19586553136499849,-0.5293886592787064,-0.1945689627710686,0.23025947257186372,-0.6272774146237274,-0.2115421511233477,0.2497676047882697,-0.7161491394809999,-0.2224941579878601
hello,0.0,0.0,0.0,-0.1339574893818222,-0.09167092837853343,-0.041753954633305876,-0.25311691621513954,-0.2425006676023818,-0.07093954657239211,-0.3490831086274535,-0.35404594119751454,-0.09907411321298647,-0.4473770587791321,-0.3988302997052396,-0.1301022750337116,-0.14392769519289056,-0.4784293524375356,-0.0646636738070832,-0.2038074150740387,-0.6884356375458902,-0.11169453125222896,-0.23893768469063356,-0.8145101727710965,-0.1460797853794332,-0.26680335733768634,-0.9244420316367377,-0.17229989007708632,-0.047798638260368655,-0.49503049986749487,-0.08401746262405793,-0.06677458866724227,-0.7308494576090256,-0.12425247050836591,-0.08018119524010502,-0.8766355412216125,-0.1578338010627585,-0.09246859899621032,-1.0,-0.18350855330527635,0.048240118892453575,-0.4582516162069828,-0.10827032332987865,0.06829668825219497,-0.6711257654581682,-0.15663325059963368,0.07633864854262992,-0.7994357279133609,-0.18734136942304244,0.07806016578200184,-0.9122251618914622,-0.2090561480244315,0.13918269222633295,-0.38012619631131495,-0.13507072595588288,0.2057860226906965,-0.5226074704452679,-0.18066223181978405,0.2474032551919835,-0.6183314644979376,-0.19721763706373732,0.27874919236188417,-0.7088864392271991,-0.20792085167497273
hello,0.0,0.0,0.0,-0.12981209720969,-0.09423368054546671,-0.04752355870204956,-0.24351440214767225,-0.24819961157795017,-0.0789921664817555,-0.3358791085182479,-0.3646502444300261,-0.10844279774535558,-0.4298317612166083,-0.4172285293169428,-0.14046746306839233,-0.11957582665439923,-0.4796769410827038,-0.06552521326508204,-0.16402442466895006,-0.69055683556555,-0.11314832642882748,-0.19376876676627955,-0.8178139356057054,-0.14933896814856965,-0.21755605979367154,-0.9283479593347542,-0.17756907912412348,-0.023054608555544004,-0.4919087343865237,-0.0827815169162665,-0.032310127665139764,-0.7247254137532751,-0.12319904315242666,-0.03816829411529939,-0.8726422964912621,-0.15877281021555262,-0.043020028760678446,-1.0,-0.18645244813307937,0.06866530900520841,-0.451255534597235,-0.1057163444670294,0.09191715330836824,-0.6603790381289132,-0.15422876002712962,0.10684723753796044,-0.7875546625968152,-0.18698688751330111,0.1158644852745975,-0.899862550511049,-0.21078579627012484,0.15237017469858505,-0.37058942314699167,-0.1318733952181038,0.21402911398194288,-0.49715725705437147,-0.17976216855273083,0.2544838866667509,-0.5855654010904754,-0.19864997338041332,0.2872037087203947,-0.6699083045714415,-0.21117614765619908
hello,0.0,0.0,0.0,-0.12837627722611142,-0.09360147706425499,-0.056371547990365,-0.23690133102453736,-0.2392290965854598,-0.09351530308190245,-0.32554180107278946,-0.35723436908631045,-0.12719446194650547,-0.4175749505057098,-0.4130039322008354,-0.16275556000348254,-0.10776626999280856,-0.4859982147648601,-0.07263106255057587,-0.1411356193919499,-0.697652519142611,-0.12190427521896864,-0.16681521822033538,-0.8250029991584041,-0.16043163742088598,-0.18991717613112097,-0.9359896522820881,-0.1899220480288929,-0.011820281793989935,-0.4947239014674748,-0.08542722371939597,-0.01089521967510709,-0.7282738937422707,-0.12685858564082497,-0.014153541996263383,-0.8756633307652426,-0.16345342851436018,-0.018849236329888323,-1.0,-0.1919306501515775,0.07699431605517196,-0.45354496598620764,-0.10475968595583798,0.1079490322301271,-0.656424916837949,-0.1532751777700652,0.12405971314570703,-0.7795470086845423,-0.1874332698526664,0.13285454075198877,-0.8872003768800668,-0.21204803662280242,0.15696254132918774,-0.3743947881495238,-0.12836144363927626,0.22419615032344467,-0.501243489667654,-0.17569580015332403,0.2688326542872397,-0.5872282818086423,-0.19612970086070677,0.3061276632820984,-0.6692311596924623,-0.2096645887589031
hello,0.0,0.0,0.0,-0.1273307668716735,-0.0908304314131123,-0.059508182381746,-0.23692743083942952,-0.2392500181985941,-0.09728875937047128,-0.3259043650083477,-0.3584701250039748,-0.13111774488228803,-0.416731380078886,-0.41775733403342075,-0.16635026411432574,-0.10713282398293511,-0.4925338461000741,-0.07116218919971459,-0.1393641765996827,-0.702419348692684,-0.12071397162389347,-0.1662070371926704,-0.8270004853834411,-0.1595659826276701,-0.1915852066059451,-0.9388002961180625,-0.18937715217575896,-0.011368405506198165,-0.5003639061830282,-0.08271439557886713,-0.0098950420722588,-0.7308086955904741,-0.1255653916004048,-0.01242602632843824,-0.8757696954120359,-0.16238876852889733,-0.017301541374930722,-1.0,-0.1906844452262086,0.07793373819620791,-0.45685106769903283,-0.10168862262478987,0.1067582088799153,-0.6595946404417699,-0.15275277720220276,0.12476128306264074,-0.78807106465586,-0.18704349455267666,0.13629157064773068,-0.9020146960545711,-0.21083501921118036,0.1600786442060538,-0.3768616110578074,-0.12529506528187395,0.2286508153627144,-0.5121404989279255,-0.17377059303453285,0.27583260867451426,-0.6016329066321459,-0.19453858881613817,0.3143271684117607,-0.6864320480264183,-0.20818058673006684
thank_you,0.0,0.0,0.0,0.010927723563333436,-0.22592623826718172,-0.003054299094411856,-0.04732696299832561,-0.4555308460118485,-0.025814115912111597,-0.1282010466523059,-0.6155202942812305,-0.048020756973225845,-0.18030882487687216,-0.740910512803603,-0.07881788663841266,-0.058151678793180825,-0.46314860606852903,-0.11021992705305832,-0.1434771278982972,-0.7173297585066033,-0.1718355156301096,-0.19043933250966025,-0.873045113900913,-0.20594365292283198,-0.22312752011569553,-1.0,-0.224346588965221,-0.11917444380182123,-0.3769907783243642,-0.137327302219607,-0.2042544834641892,-0.6481841160270166,-0.18359862708918398,-0.25959548003079147,-0.8151799892965299,-0.20524767568258812,-0.3012852480619657,-0.9558321364394796,-0.22269859233500489,-0.1885401085404237,-0.2611665673551165,-0.15954193604887557,-0.2922116643312403,-0.4835756593518506,-0.19886013623761614,-0.34699479942082206,-0.6197943871563028,-0.20886673544635306,-0.3813610944619172,-0.7351276333366988,-0.21834695182686434,-0.26370368079147316,-0.12403535996983886,-0.17920073521757662,-0.34647180884559514,-0.279780917358589,-0.21574733704090165,-0.38627249319069046,-0.37874891374952363,-0.21937197760798713,-0.41660820805584947,-0.46372944732392823,-0.22099112184979453
thank_you,0.0,0.0,0.0,0.02278160930831681,-0.24907827353341883,-0.010472100882229406,-0.049781978305889776,-0.5084017554706499,-0.032062261454117315,-0.13335440282869487,-0.7018636219352787,-0.052251064188997165,-0.1306693468620164,-0.8659194209992159,-0.08117499516281307,-0.08930017553478554,-0.4759292015838039,-0.10202921955570154,-0.19023421215334335,-0.7140713939696832,-0.15913158437887434,-0.24738071585529156,-0.8709384940601215,-0.190389882603204,-0.2860372791924049,-1.0,-0.20927103867689792,-0.16603739584721167,-0.3840577085189322,-0.12677472596649716,-0.26379036333060524,-0.6465072322910329,-0.1729111552211896,-0.3288023941250183,-0.8155131859839864,-0.19838616668712916,-0.37251302696506555,-0.9539142906436091,-0.21907687289077038,-0.24047191167143622,-0.2680712110058284,-0.14742131247800883,-0.3454953132396452,-0.49919876566934995,-0.1873536918308448,-0.41229131836508903,-0.6501875379511854,-0.20494767339447356,-0.4540132937361894,-0.7771942308672303,-0.22040811912635047,-0.31259996242487276,-0.13203973385512824,-0.16588091875575656,-0.40217849781763415,-0.2927971182578894,-0.20233500864258297,-0.4491295249018104,-0.4040633939058301,-0.21243006235598177,-0.4827883507282023,-0.5027441508358931,-0.21953800473710283
thank_you,0.0,0.0,0.0,0.04106123457833766,-0.3015832139884937,-0.02459247279405111,-0.010403895638210283,-0.5491066291894735,-0.053879370852728675,-0.10839842399584004,-0.7187755502103679,-0.0777257047940706,-0.12156953705682276,-0.8723753375856537,-0.10752188668108535,-0.15761798397365567,-0.5029517246753468,-0.11586601301467533,-0.30780566998657966,-0.7338253932596192,-0.17162874242789705,-0.394596785773208,-0.8794842807039333,-0.20039563214700334,-0.46471215085709555,-1.0,-0.2165484093703462,-0.25342016784724347,-0.38286676871748454,-0.12687983057713928,-0.40585707684677064,-0.6381018304354432,-0.1766803187929833,-0.5081928960489704,-0.807472443713547,-0.20322962093115404,-0.5843615601164461,-0.9451859087771444,-0.2210932104534381,-0.3272382016896046,-0.26336990516683795,-0.13323899283854854,-0.4715804474668324,-0.49463215654842463,-0.17279475173040224,-0.5686423945049452,-0.6567591968581498,-0.19772660406580833,-0.6382148916790664,-0.78793250382908,-0.21479206817829974,-0.37869202578179023,-0.1447796188496749,-0.13821178508512155,-0.49477200460976783,-0.3211633340995407,-0.1765467434564065,-0.568598909411244,-0.44096946363659056,-0.1942205531585049,-0.62939959348395,-0.5450978253713431,-0.20215393016826635
thank_you,0.0,0.0,0.0,0.05330483766960702,-0.2882320601943554,-0.038965715702427746,0.006688924554039072,-0.5375408433600399,-0.07393684944158319,-0.0943326651244358,-0.7097189439925609,-0.09702896094752146,-0.11026695855830931,-0.8763365498460037,-0.12408628296163346,-0.1739051406846006,-0.5009523514794958,-0.14273842970933032,-0.3332812586512794,-0.7342451871155803,-0.20102174369486858,-0.42894639557755454,-0.8805068743240934,-0.2287142036102578,-0.5054049232199826,-1.0,-0.24454011428179562,-0.2763306961048946,-0.38184922664436527,-0.14220742175290302,-0.4456708508487272,-0.6504391890443321,-0.19574226111338366,-0.5541556808040728,-0.8160965203610453,-0.21789028209214784,-0.6359895833236237,-0.9469207364304595,-0.23287385526419133,-0.34562631394582977,-0.2634116386168691,-0.1368999521368954,-0.5055851028627217,-0.4960846115399608,-0.1761389979509951,-0.6094878890011374,-0.6486411211144628,-0.19931341603972627,-0.6843349600146604,-0.7707007580594737,-0.2164611722951664,-0.38720120519953893,-0.14739962465215448,-0.13144116377927806,-0.5113076008591204,-0.3216774286640551,-0.16762895869178046,-0.5922804068760206,-0.43322493969621323,-0.18668068385826253,-0.6622227326121052,-0.5328239211452602,-0.19731049047414584
thank_you,0.0,0.0,0.0,0.058069583500143004,-0.2910643813249131,-0.04446158873363686,0.010493908437828756,-0.5409141811628322,-0.07909153302476356,-0.09273385636462826,-0.7151827640145374,-0.101432830571237,-0.12335734948019215,-0.876389792143555,-0.1262113079598483,-0.1825470746267576,-0.5097169453412416,-0.13590394640838402,-0.34403030337098134,-0.7414968034471057,-0.19265075142751797,-0.441800271608387,-0.884539568143808,-0.22102146838867479,-0.5225222118076668,-1.0,-0.23776428474318106,-0.28917413634192246,-0.3904659244279294,-0.13335826088303024,-0.4534941616773028,-0.6591305216066244,-0.18331314128787804,-0.5603798935098476,-0.824795250454602,-0.20665039024209808,-0.6441173651585548,-0.9570268428126006,-0.22319706033356346,-0.36305965876123786,-0.27051463634601924,-0.12729712698756498,-0.5200961433476429,-0.5053661425492431,-0.16436229204006025,-0.6225696203713531,-0.653440731768711,-0.18878499083352374,-0.6980785240540344,-0.7726774615153171,-0.20764193520677698,-0.4086219942579998,-0.15889986217598828,-0.1221424579776551,-0.5275112581047589,-0.33984451591721565,-0.15793449444413937,-0.6034286986063445,-0.44855951708813857,-0.17739709846239624,-0.6691383398275571,-0.5425005006672069,-0.18838594573117326
thank_you,0.0,0.0,0.0,0.055735291962815785,-0.2840685205203748,-0.054199219360170095,0.019780783870896077,-0.527937743337797,-0.09153193459521367,-0.06999885140542127,-0.7053898391447649,-0.11692804019785005,-0.10010696582434822,-0.8632441699371676,-0.14324286193644412,-0.17402569165009554,-0.5066084838126156,-0.12139536410010324,-0.3268449241336737,-0.7368966865173431,-0.1781786304478419,-0.41717115808111915,-0.8816621439770395,-0.21104865397276049,-0.4917762046181065,-1.0,-0.2309703651990672,-0.27955478016230634,-0.3936060623105469,-0.11604813639619106,-0.4340329991695141,-0.6613494142876657,-0.16393229992391734,-0.5363086817206608,-0.8268933730819534,-0.19147269098492095,-0.617084658983215,-0.959734433589254,-0.2111796552021821,-0.3521792336936202,-0.2788713900215964,-0.10988161334323612,-0.49391845167560094,-0.5163542379122238,-0.14759271486434403,-0.5882487903124791,-0.6668292030407978,-0.17397737398936075,-0.6590210287342441,-0.7879031720589952,-0.19347280537170614,-0.3970156393205047,-0.17290195965360655,-0.10620670153213882,-0.5011608368007813,-0.35388151703346854,-0.142560228072,-0.5690771869737086,-0.46134705092433503,-0.1613376105903905,-0.629418484999024,-0.5532238402857969,-0.17167532812025987
thank_you,0.0,0.0,0.0,0.05419663921629075,-0.27307513026361746,-0.050734854905814884,0.022541249295377284,-0.5114519392125996,-0.08821888786295991,-0.05673188982826218,-0.6877100999910409,-0.11528065473305132,-0.08244294434078754,-0.8405138538239195,-0.14376592642573918,-0.16774370300544425,-0.5042869069738497,-0.11730249761985372,-0.3085923813010985,-0.7357602218288639,-0.17532843320764585,-0.39506310581555104,-0.8814375249365491,-0.21064964656656912,-0.46680311167326355,-1.0,-0.23260788374753663,-0.2684989546821171,-0.4014695846904103,-0.11496990429107967,-0.4122291897715214,-0.6660606772205655,-0.1645560410443674,-0.5112539307235536,-0.834068515203435,-0.19474856789793554,-0.5898878780408678,-0.9679237377028381,-0.21596200101641808,-0.3365875356113862,-0.29268399904065584,-0.11176501864724232,-0.47733196962521957,-0.5237499821467756,-0.15183790246513534,-0.5703371597662331,-0.6744527128832392,-0.18059522715620965,-0.6388641416920925,-0.7961122818498277,-0.2011419003075384,-0.37846628467258486,-0.18859478522617393,-0.11061283646385141,-0.48468341735014375,-0.3520290444601862,-0.15025020594286928,-0.5547004247490764,-0.4585075297944811,-0.17198719066403345,-0.6140643899492931,-0.5525366139491091,-0.18401371387795515
thank_you,0.0,0.0,0.0,0.056977036781312294,-0.26744388301793426,-0.049787974687021314,0.03231637655872635,-0.5029185373393721,-0.09049975622553713,-0.04396657838069507,-0.6819881536477536,-0.12180685156040183,-0.05050644924498082,-0.8347052437699161,-0.1549144108193554,-0.15057022098365325,-0.5021291826952915,-0.11839973193981122,-0.2857126535212977,-0.7339188414365121,-0.17687473505436188,-0.36829143382944035,-0.8802011739228156,-0.2112440529417176,-0.43677197092696063,-1.0,-0.23252918463899555,-0.2529089171939009,-0.4046038497217196,-0.11719121544667736,-0.38825919971540823,-0.669907444603272,-0.16702407170305786,-0.47923762380853013,-0.8377476776146208,-0.19352767530443815,-0.550845964972799,-0.9719522259462773,-0.21174864213956932,-0.3237754331738994,-0.29886981342767566,-0.11523057952809788,-0.4581356404864348,-0.5308808497682436,-0.1551272651069194,-0.5450870396943197,-0.6806765233626032,-0.1792779319406704,-0.6083078022441766,-0.7999257443593271,-0.19618656011889454,-0.36876700263596557,-0.19638057679375953,-0.11548273702281274,-0.471530904705901,-0.3690668038439999,-0.1537810502845466,-0.5394501371636228,-0.47894595745034796,-0.1732752925018032,-0.5984054049039251,-0.5733449488020885,-0.18380288504417505
thank_you,0.0,0.0,0.0,0.07281698448777357,-0.2549027308943512,-0.05463045547538408,0.06143562294355493,-0.48479792333163624,-0.09754903417026917,-0.009890528572278654,-0.6646652811154201,-0.13030288971857812,-0.012440618418658157,-0.8191361716448126,-0.16485729514367922,-0.13512997539305455,-0.5038209885042745,-0.12048328050818287,-0.2636059695649547,-0.7369271216872365,-0.17826477934390245,-0.3414739253222081,-0.8821779939748842,-0.2132275349463498,-0.40665449153072913,-1.0,-0.23511427975538512,-0.2398143347964334,-0.40801893175620946,-0.1165168651659442,-0.36646068688944533,-0.6739664021288657,-0.16553590436054447,-0.4522722490646071,-0.8429760124428055,-0.19253899246248538,-0.5203920161702524,-0.9761515021645784,-0.21147867669567827,-0.3112615025828499,-0.30568691723899555,-0.11226019986222936,-0.43561711144550563,-0.5431693195322539,-0.15151808763075586,-0.5187062631661009,-0.6970041456274079,-0.17601447359100947,-0.5808112117929627,-0.8174014835975112,-0.19359797595679556,-0.35592917304060034,-0.2072689771600926,-0.11068968797342874,-0.44993475783213566,-0.38814820592923227,-0.14892996377388348,-0.5137769460541725,-0.49947114613981336,-0.1679981822312158,-0.5706383726737971,-0.5913717039355165,-0.1781373842036352
thank_you,0.0,0.0,0.0,0.07715867727055313,-0.24605286269804597,-0.05464897669692783,0.07227451202935796,-0.4711310722157817,-0.09564268795810754,0.011980626198589571,-0.6519927325725414,-0.12727895582604357,0.01737318708401229,-0.8047821978653508,-0.16061890983263183,-0.12639054405720263,-0.507672324414791,-0.107563559202677,-0.24051825008850083,-0.7401314586469145,-0.16124670278841563,-0.31583439849607126,-0.883680625928358,-0.19560524962720177,-0.3807174467801459,-1.0,-0.2178634351663903,-0.2275811843168411,-0.4178718543920285,-0.1041354804319784,-0.34286890436414963,-0.6748957581751803,-0.15109173849951646,-0.4246995250229922,-0.8396330615704597,-0.17871815282395107,-0.49307711778222757,-0.9731515936005564,-0.1979679066880372,-0.29718932152961874,-0.3182347753790223,-0.10139336196066033,-0.41324251751325713,-0.5452579315215208,-0.1399140040488657,-0.4902984167132816,-0.692934975980918,-0.16384702850752433,-0.549155931717889,-0.8147759014699696,-0.18045466083766804,-0.34277855694544657,-0.22105842496435196,-0.10171537664504338,-0.43365806159297904,-0.39533165969919626,-0.13783889588868325,-0.49143537096938367,-0.504659602813651,-0.1549127789991206,-0.5412756190779879,-0.6005554159359154,-0.16364624645738557
thank_you,0.0,0.0,0.0,0.08624739559491776,-0.23209531144203946,-0.0491605685164054,0.08256281814944613,-0.4479468568125327,-0.08740703931721087,0.02573646036955355,-0.6268381222902248,-0.1147389245349194,0.03154105938989005,-0.7780486215418501,-0.14346699337959912,-0.10592755605028002,-0.4933006843326923,-0.11556122880471462,-0.2178888099428713,-0.7387577778170602,-0.16409743024422915,-0.28936561964547464,-0.8849514965693661,-0.1905000141271578,-0.3505492523331363,-1.0,-0.20610441419649428,-0.2095658827969123,-0.40864211765055597,-0.11026943077999499,-0.3221144387751647,-0.6825539004448211,-0.15419015942154274,-0.4004230545002792,-0.853200774380402,-0.17500433705922872,-0.4635316449673585,-0.9858530378108038,-0.1880874408320246,-0.2832812650194945,-0.3158856771374063,-0.1035796682257533,-0.39487446571824153,-0.5571630582942612,-0.13676660037618038,-0.4663352692843384,-0.71132009379596,-0.15627302389380326,-0.5209037064671563,-0.8345173916786911,-0.16948427569768168,-0.3315926220153502,-0.22400781521601382,-0.09879664767607269,-0.41924679870673937,-0.40799413295945813,-0.12815489218634163,-0.47202114146795093,-0.5223050349237189,-0.14088856528949792,-0.5155599434649187,-0.6207960695964404,-0.14648817363165004
thank_you,0.0,0.0,0.0,0.09215676099147732,-0.22676102515252491,-0.046965563948869034,0.09554396802479323,-0.4421890503274136,-0.08143188283418884,0.04815691745163701,-0.6229775559973243,-0.10565374718305769,0.05721278314043344,-0.7705581698927653,-0.13093381691317169,-0.09263667576386363,-0.5015774240768872,-0.106626226514472,-0.19160273487523727,-0.741396655603644,-0.1525441101438607,-0.2582960366102958,-0.8859760320650073,-0.1793731635175847,-0.3173949763336739,-1.0,-0.19638012167735763,-0.19860976686141005,-0.42715350529041707,-0.1023406471762622,-0.2969709675739773,-0.6948183279088919,-0.14392465130086976,-0.36969256183047333,-0.8601088157960519,-0.16690440266218973,-0.4306079763769336,-0.988766039648835,-0.18282285315744398,-0.27434883172528496,-0.34016269266207894,-0.09656118416100035,-0.3730214848639043,-0.5754670296910784,-0.12838271544487254,-0.43872413129425103,-0.72358955526545,-0.14855593031173073,-0.4891994567413131,-0.8401463299687779,-0.16309011422304992,-0.3249535908254249,-0.24946898958771452,-0.09282699304836915,-0.4030423211779965,-0.42959038091227497,-0.1212377986256385,-0.44896380978071143,-0.5408615307726999,-0.13365095222780987,-0.486929230185793,-0.6363412568776199,-0.13970356212919938
thank_you,0.0,0.0,0.0,0.09734897900242814,-0.21861880261426722,-0.05525620197135087,0.10862532758565362,-0.4313984190315231,-0.09424489558650592,0.06060153818177928,-0.6089471263384214,-0.12272439541001079,0.07239800186122135,-0.7532522810658167,-0.1521389664198838,-0.07536620064821847,-0.5023538245959331,-0.10795038405014257,-0.17200500604362104,-0.7383722656626055,-0.15764365691160995,-0.23485618321263918,-0.8836750350316087,-0.1884510632889672,-0.28946878175575214,-1.0,-0.2080425145067836,-0.18188000470653673,-0.4316917646303764,-0.10155575164135847,-0.27842776000941305,-0.6924318461390354,-0.1447900836875253,-0.3476680180131997,-0.8607141527699038,-0.16957670642651576,-0.4037878207665237,-0.994088846577599,-0.18681500693888647,-0.25874955876218086,-0.34997704493672915,-0.09539369702413895,-0.3527055526436831,-0.5853449570528523,-0.1292323269940813,-0.4151830307957256,-0.7388044113085241,-0.15072233095185084,-0.46219303218629326,-0.8618699070458994,-0.16601479942340303,-0.3115761549734188,-0.26684985078139206,-0.09244248455609527,-0.38382611486088974,-0.44860329243638153,-0.12301784797560815,-0.4274657225068726,-0.5621396771743665,-0.1371261304105991,-0.46345164568335706,-0.6600359836126948,-0.14436052663681237
thank_you,0.0,0.0,0.0,0.10518903290982867,-0.20794474205364272,-0.05941372404067963,0.12004081529792275,-0.41260152873011685,-0.10057668645803042,0.07422339390398866,-0.5938685044488032,-0.13047353912025103,0.09409827231813878,-0.7447010895073124,-0.16063480030822108,-0.07024148374736934,-0.5033514650090681,-0.10664644405081411,-0.16140342924950896,-0.7428700501599241,-0.15379549582917681,-0.2197805357439143,-0.8854883281812448,-0.1828937212127674,-0.27064625405645576,-1.0,-0.20175591275341972,-0.175019691368559,-0.4337197075546356,-0.09737467204413468,-0.26301892485550504,-0.6902426372378875,-0.13870366014034932,-0.3267996777668424,-0.8590622325047877,-0.16297261649697004,-0.380070136282706,-0.994626459347324,-0.18025699326282954,-0.2490662561909206,-0.3527830664885804,-0.08900714062039758,-0.3372004582164973,-0.5821490746113862,-0.12281571303380925,-0.39509680271709596,-0.7334234363903256,-0.14569826089140359,-0.4396429321052437,-0.8561722482697219,-0.1620820440155667,-0.2977400888187699,-0.27235585554577774,-0.0840049960075281,-0.36790453225367525,-0.4455685245249505,-0.11653424257356823,-0.4116416960775741,-0.5529371809402098,-0.13296127102131672,-0.4483374091689642,-0.6463413293453908,-0.1414957372165181
thank_you,0.0,0.0,0.0,0.1053437253788149,-0.20823437312522391,-0.06034712576563698,0.11720770693961868,-0.41030601379919096,-0.10215403442298056,0.07061735563332715,-0.5900153464187634,-0.13311414422245346,0.08641233620487847,-0.7406903287355608,-0.16481970694265444,-0.07197545915494849,-0.49517615658213693,-0.10894219217308986,-0.1619850999614871,-0.7403605779113935,-0.1578852275084498,-0.22069199007559098,-0.8850008684277431,-0.18845799546036154,-0.27290480269909023,-1.0,-0.20785944737086062,-0.17679317743027617,-0.42472996931555307,-0.10032876292394002,-0.26445428755782174,-0.6877920874905291,-0.14119630126271746,-0.33216396251412766,-0.8579935207738824,-0.1660855977019959,-0.3884823826636651,-0.9912126859253454,-0.18403996371198578,-0.2511298370795992,-0.34240738239097035,-0.09281299277956287,-0.33671284576639376,-0.5780333929346061,-0.12552710636655542,-0.3951922665460657,-0.7297135698757099,-0.1483667245436291,-0.4402762523189538,-0.8486275904947856,-0.16509505517378878,-0.301068627607276,-0.25799771607698885,-0.08876134733973148,-0.3697245112262116,-0.43460353127053075,-0.12121564580534133,-0.412713698251985,-0.5444451250158373,-0.1375255998332099,-0.448562815014822,-0.6385477874390947,-0.1459957909460476
thank_you,0.0,0.0,0.0,0.09919174071414516,-0.20976734700437585,-0.053065176125673644,0.11142667727812841,-0.41602465074653167,-0.09257748434427963,0.06827221513875413,-0.5955006991356633,-0.12189043647053727,0.08494554519715743,-0.7411354336244157,-0.15244790295711888,-0.07086673252612609,-0.505774666547972,-0.10368687536301578,-0.16281287788655258,-0.7427914412237635,-0.1509568528179621,-0.22087082549472248,-0.8849562710233063,-0.1813671410670451,-0.2709842502734961,-1.0,-0.20110020456701708,-0.17500459470075902,-0.4387400851687223,-0.09794403029266127,-0.2606859582197427,-0.6972929530406177,-0.13771064489299226,-0.3238415878752863,-0.8647835569087936,-0.16289207207574993,-0.37469316267722286,-0.998379883946228,-0.1813337061353777,-0.2514813173679522,-0.35704992813779757,-0.09250584698446174,-0.3359535271937583,-0.5900032135840922,-0.12438532567266988,-0.39557529692342835,-0.7463397910079437,-0.14903772729590042,-0.44041083245151996,-0.8713427993190432,-0.16774857917548902,-0.304669340184316,-0.2705538015517306,-0.0896385725876,-0.3702536033321345,-0.4454324011052597,-0.1203497439935468,-0.41169593048998454,-0.5542580655422925,-0.13660049482219597,-0.4466313119675654,-0.6493047074801562,-0.145862189491069
thank_you,0.0,0.0,0.0,0.10353010907250888,-0.2082918073915542,-0.05102117263725201,0.1161804153316728,-0.41134435503393696,-0.08930396628640147,0.0683152279399829,-0.5912234001625903,-0.11758408408742477,0.08287306622038448,-0.7397741110111492,-0.1466404605278158,-0.0688427446023446,-0.4956944017211472,-0.10262364825077556,-0.16116386921227102,-0.7426147253595693,-0.14702818651567265,-0.21955374208373385,-0.8856915407540543,-0.17299873319866343,-0.27060181741734923,-1.0,-0.18931241970782192,-0.17128927686698786,-0.42483259867647594,-0.09692509696905734,-0.25811607054360525,-0.6924402460795733,-0.13528359807050486,-0.32080012430066396,-0.8627356305900757,-0.1566713127237032,-0.37151585420882344,-0.9964250321548542,-0.17208751352487325,-0.2458562722277204,-0.3422807086924917,-0.09128191590789833,-0.33175701602952373,-0.5818119932600977,-0.12182585251919285,-0.38889958005503844,-0.7356711300952392,-0.14218983860254875,-0.43160989712597736,-0.8564155242792523,-0.15731152443526805,-0.2981921964268192,-0.25813021818307574,-0.0880948084945518,-0.3662016367908785,-0.4431672775523624,-0.1176096801456773,-0.4079106153792949,-0.5558496683412728,-0.1316006820815046,-0.4429073250189338,-0.6528200713140311,-0.13875695732076931
thank_you,0.0,0.0,0.0,0.0952260279450821,-0.21344482417183744,-0.051460114715333245,0.10435859127250356,-0.4198336604602068,-0.09050751159728394,0.05798053530777709,-0.5957015676633648,-0.11920892233500527,0.07048104648628621,-0.7384070051738656,-0.14859489142516993,-0.07641925736314663,-0.49023718847057196,-0.10666372922777734,-0.16888245784809697,-0.7368016172456273,-0.1543014398969638,-0.2268039510116079,-0.8828574295628862,-0.1826595398632794,-0.27649756416255167,-1.0,-0.19993922110467865,-0.17741770190237238,-0.4218606372182955,-0.10072673984173189,-0.265811675103644,-0.6915178528170494,-0.14121133871071762,-0.3283462566377248,-0.8631245431213767,-0.16384910480889903,-0.37867192456532583,-0.9990838203010048,-0.17971170273550974,-0.25204179888192735,-0.34383221454355,-0.09461039659846067,-0.3389856674578916,-0.5863962301057125,-0.1259839981249177,-0.39698049112881517,-0.7397422280747942,-0.14718702574695142,-0.44038139418621286,-0.8593571780384245,-0.16255020842892973,-0.3039110206144949,-0.2638876731006454,-0.09096962518123078,-0.3756365506840266,-0.4462764936225451,-0.11993880928777532,-0.41884316484944417,-0.555790227777859,-0.13369723018386592,-0.45510243196152456,-0.6482039116939742,-0.14064833409130623
thank_you,0.0,0.0,0.0,0.09467506145468406,-0.2097722031264761,-0.044358596100153226,0.10561254184236551,-0.4174545175881621,-0.07862791254107315,0.0561774426791798,-0.5995592306884312,-0.1049097819393821,0.06568747658908501,-0.7464116476197334,-0.13212603380482324,-0.07807222221855208,-0.5044248693778295,-0.08584854889516048,-0.17216485974591023,-0.7455835535968744,-0.12826665982672827,-0.23063772818829412,-0.8870951439403799,-0.1554462676232979,-0.28051354711613863,-1.0,-0.1730479312764114,-0.17791353998138357,-0.4390267467432816,-0.0837151208831873,-0.2660166167123709,-0.7010595441552153,-0.11748976303888747,-0.32782283610476726,-0.8662314355985961,-0.13992616256072676,-0.376203907335387,-0.9950841207438379,-0.15678990756722402,-0.2499179172857278,-0.3576550306298998,-0.08186047165714307,-0.33796814397935676,-0.591645763375849,-0.10890179712451907,-0.3977618504647831,-0.7420706776762103,-0.1293897024760478,-0.4413115199208306,-0.8596137851394944,-0.1457898122720004,-0.29974443703809894,-0.2693749888519452,-0.0822976457210533,-0.36914281203157523,-0.44404667451049307,-0.11018389567728687,-0.4132693726766628,-0.5529654816587248,-0.12370849893866266,-0.4498866862167763,-0.6475759669740117,-0.13099668424674865
thank_you,0.0,0.0,0.0,0.09791367774744075,-0.20371834788784496,-0.050270614054859476,0.10663361162863094,-0.4111462990022407,-0.08580051883139327,0.05405592620291905,-0.5907378971185686,-0.11121132344994998,0.06934778418634448,-0.7400428357397255,-0.13658624466202554,-0.07437907582685767,-0.5020734181456307,-0.09230075799951723,-0.16886743371866067,-0.7457615822138175,-0.13330999548961603,-0.22799919365707466,-0.8870659745392799,-0.15795724911738135,-0.2785911531866512,-1.0,-0.17334680903984534,-0.17516465427555802,-0.4382722710884303,-0.08432077353029771,-0.26112213655329014,-0.6999873742811651,-0.11681213367393285,-0.3234181046912815,-0.8634239475660939,-0.13551357030387795,-0.37301728315164145,-0.9888181328248548,-0.1489517525082302,-0.2484561333236607,-0.35878248113552214,-0.07682714431900228,-0.3356190360468367,-0.5889761917589591,-0.10151301917733141,-0.39295945048155406,-0.7366008125984695,-0.1195427524176722,-0.43497247151148194,-0.8496974494574134,-0.1335406277433658,-0.30059044477083174,-0.2736731818760181,-0.07217926063347799,-0.3680920246232631,-0.44722179326801914,-0.09679549752897258,-0.41177250845521957,-0.5514758417268708,-0.10876481408456512,-0.44885904277400307,-0.6392227862947248,-0.11458647203959496
thank_you,0.0,0.0,0.0,0.10098537547107503,-0.2132970376458499,-0.048187545671267776,0.11151565907073972,-0.41902540834697016,-0.08465466834211467,0.06313237136650478,-0.5949198055962771,-0.11153253074518528,0.07343222870216422,-0.739800073257852,-0.139612187596884,-0.0684182449745851,-0.49716547834345476,-0.10331785901657038,-0.16727955245516235,-0.743751080635262,-0.14820973198384937,-0.22761394914725075,-0.886916590117401,-0.17409605775840364,-0.27882159746367224,-1.0,-0.18990537264998777,-0.16849805833914452,-0.42319422262684303,-0.09828979118012714,-0.26008307473202297,-0.6908864445932181,-0.13533211397847875,-0.32530747402173316,-0.857820603484091,-0.15594609713245053,-0.3766057522983217,-0.9875738621883776,-0.17114636394180885,-0.24040350818250875,-0.33819364492230486,-0.09275869018999892,-0.3282495060831059,-0.5823905823507576,-0.12141950346687837,-0.38661552820632167,-0.7352182616911419,-0.14049276705502173,-0.42974686707960935,-0.8523790364543855,-0.15534437278683408,-0.2908032715285079,-0.24959491030010317,-0.08946427884634012,-0.3574500531406231,-0.43406424566127505,-0.1180449407400474,-0.3991079586379939,-0.5485506991044351,-0.13135630832647976,-0.43438063108279856,-0.6455737589390559,-0.13837542870781394
thank_you,0.0,0.0,0.0,0.10205427022636027,-0.20885872688689058,-0.05035009354523667,0.11475859755460856,-0.41656702955896296,-0.0884215543587063,0.06773492555377321,-0.5968207115824335,-0.11628428495536965,0.07916023636646174,-0.7382569494518795,-0.14552462429433616,-0.06633586763215038,-0.4859631308443104,-0.10986067198859563,-0.16407382710913163,-0.7367094019553594,-0.15772102642318006,-0.22333802262204963,-0.8832357243224443,-0.1856247848702718,-0.2732814140548754,-1.0,-0.20274455988307757,-0.1683610319285474,-0.4178817296157771,-0.104291809331586,-0.2558859343537949,-0.6882659525573341,-0.14409512436545657,-0.31883268776819185,-0.8577803686257808,-0.16664573497333474,-0.36913209241214984,-0.990969597458411,-0.18307043119046829,-0.24319591333010482,-0.33792346455941924,-0.09807358227737743,-0.32900932129740096,-0.5789521371892387,-0.1285783440568515,-0.38805308461192506,-0.7355704885603007,-0.15045092627082612,-0.43150470258097245,-0.8573311177745968,-0.16740735041822383,-0.29628323851980726,-0.25360522985873757,-0.09412899906360589,-0.3647912800607114,-0.43235921650783105,-0.12404836371568724,-0.4093179263751524,-0.5425172682851427,-0.13910783559927667,-0.44682568590097244,-0.6357624725898604,-0.1474535807480828
thank_you,0.0,0.0,0.0,0.1016295981566519,-0.2062961449839034,-0.04370958579145095,0.11540666416093344,-0.4108902979098917,-0.07677485163068093,0.06860082035526939,-0.5895056624123675,-0.10022247329492356,0.07996617260144134,-0.7351571258150442,-0.12500919318118506,-0.06510123706959946,-0.49687104734201626,-0.0961945309649185,-0.1607271256516268,-0.7429691304560979,-0.13653573624983673,-0.21825372183092837,-0.8859743761541353,-0.15934594329966267,-0.2659787067148203,-1.0,-0.1731857207251852,-0.16497556910104097,-0.4337286944585165,-0.09062517458428673,-0.2543216544375991,-0.7008764074322227,-0.12386698737333122,-0.3168001241972121,-0.8677950092330822,-0.14242369524841497,-0.3638415341624042,-0.9966056575098459,-0.15590602778645038,-0.23819047930318826,-0.35425685944470775,-0.08410250757171993,-0.3257084960698119,-0.5927027601196215,-0.10948865774412528,-0.3855048780089226,-0.743923324563267,-0.1290130416605863,-0.42887413593058027,-0.8593438792018695,-0.14430293388682133,-0.2899409246155606,-0.26585475462879743,-0.07917458485180098,-0.35763584070073373,-0.44300753354141814,-0.1045371722801016,-0.4005383785727126,-0.5517482391776837,-0.11757078110790871,-0.4367140849443564,-0.644812805386237,-0.1245137525262082
thank_you,0.0,0.0,0.0,0.09728393892859852,-0.21221234808592737,-0.04518358653514792,0.10904128346489277,-0.4186448082046843,-0.07892921349825444,0.06510859590876807,-0.6022504464615657,-0.10377016936477793,0.07733852711721646,-0.7466433062324601,-0.12924679757883023,-0.06029288136335539,-0.4911677817940936,-0.09504622543497258,-0.15541056993630625,-0.7406259172971713,-0.13706742267815797,-0.21392235505637952,-0.8853195579551473,-0.16171364284622491,-0.2638122109633345,-1.0,-0.1768307203573629,-0.15881303295821061,-0.42869955258037956,-0.08987480287180095,-0.24918215132724397,-0.6939779898594333,-0.12393864087778468,-0.31372782968717017,-0.8602491167781794,-0.14385090318963362,-0.364452642387466,-0.9901589259868084,-0.15851488722248377,-0.23151570219536233,-0.3536880518979065,-0.08433592806926891,-0.31753863335663257,-0.5921427272936596,-0.11048514694871198,-0.3758909305384541,-0.7410563173566834,-0.13046661664012657,-0.4195143837832085,-0.8530108923579596,-0.14588305607069746,-0.28274981358186724,-0.27386309091649774,-0.08098351636367544,-0.34920572430468977,-0.45294767684603865,-0.10780527055870737,-0.39633775117337555,-0.558621921162238,-0.12209769640325678,-0.4393251043675864,-0.6455825383491606,-0.129710216311071
thank_you,0.0,0.0,0.0,0.09763913161739436,-0.20677884388299736,-0.041715922990428714,0.10919639265174626,-0.4130333941941694,-0.07413453858828463,0.06091968812757648,-0.5954406492835957,-0.0977603293448212,0.06727668660795577,-0.7426658349200042,-0.12269885433549663,-0.06210313550032656,-0.49618726678382785,-0.09256798657181475,-0.16239573985005756,-0.7491469439010764,-0.1307694877876742,-0.22157112166900936,-0.8883515291488658,-0.15220802947300358,-0.27164441527178085,-1.0,-0.1653372957714649,-0.16213937511503024,-0.42860877340712644,-0.08782063776430167,-0.25583229772187194,-0.6984157180574263,-0.11724626837431618,-0.32133283602266566,-0.864139394659991,-0.13488157447283255,-0.37148194778563737,-0.9900973827668824,-0.14878711164164726,-0.23508434464932268,-0.3482056911668179,-0.0823457125237765,-0.3256202674727877,-0.5885316685370108,-0.10444930712708708,-0.38507579372899936,-0.7400116292516398,-0.12484663174771125,-0.4290651482403835,-0.8546280023910002,-0.14197484791171952,-0.2856189807628724,-0.2661160416894013,-0.07843844582952972,-0.3525449982002349,-0.4462371878710489,-0.10310988689577247,-0.3973623261109274,-0.553987904926796,-0.117489114511499,-0.43759334754686313,-0.6454320983632724,-0.12593967349737614
thank_you,0.0,0.0,0.0,0.0980955899464838,-0.20874818078771176,-0.042760789640543063,0.10875990682623891,-0.4146819487858317,-0.07688860603629244,0.06160536826875099,-0.5929646712612459,-0.10305685248818454,0.07444219136600498,-0.7370995995320706,-0.13096079693456425,-0.07052091904012645,-0.4995191015859263,-0.0939770942473716,-0.16388079214378315,-0.7462323355079656,-0.13632236246373974,-0.22144452038294593,-0.887152661082979,-0.16243018485988459,-0.2713945007332454,-1.0,-0.17923095480433063,-0.16886942835316865,-0.42939395678897563,-0.09207703035109194,-0.2580017129501748,-0.6943829658765737,-0.12581892086325489,-0.3210429076519679,-0.860279262885191,-0.1472950295912708,-0.37235348462049095,-0.9893194923557513,-0.1642210837531395,-0.23876553107261198,-0.34421058329764004,-0.08952044322032927,-0.32749975182338265,-0.586703097522208,-0.11693206168022123,-0.3845495459471818,-0.7363962007635172,-0.1375873068255677,-0.4278730879565734,-0.8495115867815982,-0.1541474435770167,-0.28753751064869854,-0.25264821213891936,-0.08864443495682474,-0.3580627635803308,-0.4390712912069266,-0.11782731691944631,-0.4027164831958672,-0.5509187277591638,-0.13200535678045433,-0.44215783967447075,-0.6438771026119955,-0.13978028659185482
thank_you,0.0,0.0,0.0,0.0983179844267811,-0.20743697654205204,-0.04880255798421965,0.11239079081960135,-0.4114270108593889,-0.08603058777497138,0.06526295649130782,-0.5906712771985541,-0.1140549819476472,0.0784641335996736,-0.7384119503154954,-0.14332316494400776,-0.06485003642690865,-0.49871258882891784,-0.09882246297989829,-0.15900922079122026,-0.7436781938140486,-0.14422229838423697,-0.21639398951918934,-0.8860039722092532,-0.1719256574276361,-0.2647341735098287,-1.0,-0.1891835697528503,-0.16529509066661652,-0.43205584314597667,-0.09430888894823673,-0.25144149985650005,-0.6943634367050777,-0.13057274527821955,-0.31375955950832257,-0.8605254142078844,-0.15268174268377327,-0.36251912310496265,-0.9911415972402222,-0.16939915899795885,-0.2393054929815854,-0.34945204280958986,-0.0899046774088789,-0.3223164897379143,-0.586256875527904,-0.11824631479637862,-0.3793013392510366,-0.7378943693238822,-0.1388446686762328,-0.42063602772533376,-0.8562482164715041,-0.15531249320891766,-0.2928406202141134,-0.258721485007731,-0.08791992192705843,-0.3582469131158948,-0.4384493175371649,-0.11675374163389336,-0.4013974686773557,-0.5490528594918875,-0.13089173624876158,-0.43841244091359177,-0.6437840812365034,-0.13868295527873467
thank_you,0.0,0.0,0.0,0.09884475969866159,-0.21022328830811893,-0.04634193444109875,0.11164859760788977,-0.41571781821772563,-0.07992222586381598,0.06444428901168077,-0.5942136770774618,-0.10426193205474867,0.07410472785323124,-0.7376726503709129,-0.12949160796372175,-0.06902278964324067,-0.5017329015959745,-0.09053417551182934,-0.16294615489057762,-0.746680875049887,-0.1303195788667084,-0.22026825866389083,-0.8870347954527688,-0.15552528841498878,-0.26961394615900497,-1.0,-0.17146690924041905,-0.16795995869145727,-0.4363689626371637,-0.08420384191654609,-0.2559653403223218,-0.6995290661553843,-0.11437444023211209,-0.3181904883377426,-0.8641419631432344,-0.13441881400036457,-0.3676869273274114,-0.9918712687565059,-0.1501195163278788,-0.24015289098083104,-0.3555630346144193,-0.07784227490742447,-0.3252891392270694,-0.5910460853572737,-0.10145736384010882,-0.382757550946517,-0.7389881052791824,-0.12210733565649153,-0.42646783158951485,-0.8511312533686622,-0.13878771697877634,-0.291103357759135,-0.26846125678361155,-0.07369428931604166,-0.3567128439121329,-0.4476221667235825,-0.09943707163565622,-0.4011493978580451,-0.5535420429625302,-0.1132397822001926,-0.4414402034157721,-0.6417468082567712,-0.12077624604081733
thank_you,0.0,0.0,0.0,0.09740321539370225,-0.2082869744439059,-0.03990380640370367,0.10982445433870149,-0.4144484714811886,-0.07283891779667465,0.06329092189925256,-0.5955506585742197,-0.09792935340180614,0.07991258692087364,-0.7417626712662534,-0.12525978901838428,-0.06696741893980572,-0.50188918606545,-0.09171522839600106,-0.1590005252372234,-0.7464237428155985,-0.13282604829915595,-0.21659837928668468,-0.887531862538289,-0.15788705479888482,-0.26526989867434836,-1.0,-0.174027541938422,-0.16442639581955648,-0.4327702894953209,-0.09069296173901498,-0.25066423212999717,-0.6968769643250767,-0.12325877337442578,-0.3136322770374527,-0.8617667855154879,-0.14381306421260104,-0.3635348824888003,-0.9909085884462201,-0.16000207692687396,-0.23560307110063688,-0.3462745767523333,-0.08875784603311382,-0.3213060223059026,-0.5856512778047046,-0.1151575676671968,-0.3792138349970206,-0.7371593234839907,-0.13618685315815623,-0.42203424114994903,-0.8533378073340908,-0.1534520543769944,-0.2871148287615456,-0.24937730281855508,-0.08814300819601846,-0.35491384605120374,-0.42834976089605603,-0.11700982810048154,-0.3989376210482113,-0.5397634993488497,-0.13180674550414825,-0.4370948298473411,-0.635671947164929,-0.14036155495684846
thank_you,0.0,0.0,0.0,0.09413545933815122,-0.21348599347711894,-0.04428560882455149,0.10499236343263946,-0.4230274790200726,-0.07723345146595259,0.05862501654670508,-0.6050370273994017,-0.10133056169112047,0.06816077345044355,-0.7514506888769569,-0.12636480608846276,-0.06717913713747342,-0.4931558943975527,-0.09230048059041909,-0.16034800997754178,-0.7396492066158339,-0.1349509581064811,-0.21789801662858901,-0.8834056857229688,-0.16111999697999116,-0.2677108001679106,-1.0,-0.1775610094732794,-0.16578536245294506,-0.42985281281040244,-0.08799390728438904,-0.2518147163886658,-0.6945929737107245,-0.12183946430393017,-0.31429661210866033,-0.8605670252406433,-0.14329330919179933,-0.36481188216868804,-0.9917446101434457,-0.15948369371942447,-0.23874791689524585,-0.35195578008368994,-0.08335854912792338,-0.32244535865327134,-0.5896180874824702,-0.10945242489704175,-0.38008469323784305,-0.7418822431279795,-0.1307625885548782,-0.4242531488905697,-0.8587752881392247,-0.14760668930254656,-0.2919142199389657,-0.2678064393141298,-0.08076916678041766,-0.35655754418091623,-0.4490908455374386,-0.108201833827699,-0.4013044467510039,-0.558741045764707,-0.12306406207739905,-0.4420668703731933,-0.6502439202793504,-0.13127342256059846
thank_you,0.0,0.0,0.0,0.09271272525144736,-0.2164630142830852,-0.03764058437192519,0.10336080537353953,-0.4249205234186003,-0.06915676908596327,0.05850944126624903,-0.6033992886852066,-0.09349901972671447,0.06814052055147155,-0.7475270200850342,-0.11959825118325006,-0.06869474532753203,-0.4980734749747011,-0.08782323975622865,-0.1612559781343193,-0.7445419192286545,-0.12966776969925545,-0.21746048870388696,-0.8863137885298903,-0.15490050627276972,-0.2650652401968849,-1.0,-0.17042199338509104,-0.16644162472148416,-0.43160116123596354,-0.08715057506270632,-0.2522834109589732,-0.6966462241362449,-0.12016474098940319,-0.3133948285263365,-0.8617646900889282,-0.14082047546659396,-0.3612932085009554,-0.991185938507085,-0.1567517020460817,-0.2406250828855682,-0.3500044992117023,-0.08570720679498744,-0.3242009912585117,-0.5879615414217932,-0.11130984691288795,-0.38104954811805214,-0.7381588965361928,-0.13155235361004186,-0.42272477793176527,-0.8534010379266461,-0.14811910401248943,-0.29513429374010763,-0.26113359632161376,-0.08565297014035719,-0.358915704624555,-0.43886092000987387,-0.11229595126433349,-0.4019749505371473,-0.5479100958242596,-0.12593269174573452,-0.4401486871495517,-0.6406138714683426,-0.13366123705539987
thank_you,0.0,0.0,0.0,0.10665426321865219,-0.20859190904225441,-0.03878163280847381,0.1211723223016975,-0.4152335821717789,-0.06741363817391466,0.07290512950355592,-0.5981713427632938,-0.08821471349686517,0.08405251557020743,-0.7446220754851973,-0.11050486053240673,-0.05839722107754464,-0.49769784735671163,-0.08236357087669573,-0.15053137870971725,-0.7440940775991535,-0.12042543941782856,-0.20684141186471008,-0.8867586152473674,-0.14369018255135932,-0.25407421996703,-1.0,-0.15820406676739868,-0.15963741853074478,-0.43377735909046183,-0.07855949447924904,-0.24457042173851612,-0.6991752918600408,-0.10766108029020222,-0.30562465915485304,-0.8645165610425314,-0.12627077508450324,-0.35315412839500593,-0.9937650407769902,-0.14074716735762666,-0.23391149511155818,-0.3555573783079477,-0.07421598024156092,-0.31485889195100375,-0.5947170086865066,-0.096344693969948,-0.37050070080463604,-0.7476970696854066,-0.11556764398336489,-0.41130986206730574,-0.8655409588015938,-0.1316232820266522,-0.2874650518608528,-0.2705071513834609,-0.07156192621648978,-0.3492590593386127,-0.4476413556759118,-0.09535870908034705,-0.39177713282904214,-0.5554462449854526,-0.10802014955026353,-0.4286086281567111,-0.646866827800161,-0.11505785997788615
thank_you,0.0,0.0,0.0,0.09095818645215335,-0.21955784480311458,-0.03931298570685721,0.09904049054441187,-0.42904580360961325,-0.07243004292942769,0.054235044110100446,-0.610241568767921,-0.09858778024053737,0.0670699587051278,-0.757112924739565,-0.1264539044380111,-0.0699258324598326,-0.49604920730718927,-0.09208918372533165,-0.1646841317154367,-0.7408244367964663,-0.13592715353526771,-0.2219926893129661,-0.8846294043909788,-0.162414801670764,-0.2699065460817318,-1.0,-0.1791247135736332,-0.16647795919999908,-0.43027925736270844,-0.09268103344120979,-0.25554969173372233,-0.6939106054513895,-0.1280713247173381,-0.3216173579346119,-0.8607878137295369,-0.1498922685094481,-0.37386797785969134,-0.9918851471084278,-0.16651982668718818,-0.2378598241425618,-0.3487012786172363,-0.09258942921776826,-0.3224415226814122,-0.5885378350643843,-0.12024831796289547,-0.3805665531453071,-0.7390587049172815,-0.1411454061894118,-0.422807931478462,-0.8541829984180636,-0.15779618170099066,-0.29106812366535756,-0.2570249134339582,-0.09400825728934259,-0.3582420442070991,-0.4371339373375698,-0.12335527088842527,-0.40411091335331495,-0.5503270020790748,-0.13881575826540174,-0.4445845356282234,-0.6467804298481882,-0.147552530052815
thank_you,0.0,0.0,0.0,0.09839241803649744,-0.2133530145166011,-0.04202317902875197,0.11154815980277992,-0.41843041740372333,-0.0750152985305395,0.0637491896903259,-0.5985815588827225,-0.10042024039894817,0.0737264104820573,-0.7458775032354772,-0.1272473446772845,-0.06822042003424618,-0.49693325155337476,-0.08656318363463611,-0.15921148843804558,-0.7435981008876286,-0.12853718359973806,-0.21493552585270587,-0.8852188321729731,-0.15506399180433544,-0.2627716162965992,-1.0,-0.17203776748362104,-0.16753154569718567,-0.43180377814190274,-0.0844057958573818,-0.2502298003666929,-0.6957041488184541,-0.11768334478132018,-0.31190897600890755,-0.8613816533049935,-0.13956463815902012,-0.3609524237518762,-0.9924514859490904,-0.15653356803007185,-0.24036706822469997,-0.35074252185819604,-0.08218211516005292,-0.3213790227821713,-0.5882591437006222,-0.10827622149671572,-0.3775988758877191,-0.7398016210473431,-0.12907934826322373,-0.4185071272682498,-0.8571221158490152,-0.1461648758937548,-0.2931292982627685,-0.26079460884389016,-0.08196086440406568,-0.3565407834743906,-0.44051742614370953,-0.10998793380904405,-0.40067002609781527,-0.5518650867726843,-0.1244464880947715,-0.4392523718327962,-0.6479695425622872,-0.13262194273240957
thank_you,0.0,0.0,0.0,0.09791449334732079,-0.21414776713944408,-0.04351694565245677,0.10826902589341961,-0.42390881037183764,-0.07716583090054352,0.06357515146834099,-0.6032821643930528,-0.10310452459670345,0.07618129988857614,-0.7518824571128934,-0.13131216267153115,-0.06801890718577998,-0.4963106936599855,-0.09383611195819355,-0.15753318518098475,-0.7395916131300915,-0.13909745289663733,-0.21236104199398853,-0.8846277435967127,-0.16683856057823557,-0.2581193744229603,-1.0,-0.1845200920159619,-0.16569085239092016,-0.42904623585162993,-0.09311039235525227,-0.2522323065326191,-0.6943150365508726,-0.13051647725834545,-0.31334156546779285,-0.8625282429672445,-0.15421809309989218,-0.3608203846681547,-0.9941884585214161,-0.17216641119921422,-0.2377658619315273,-0.34371735947280446,-0.09223734736497538,-0.32127526061093126,-0.5871050099023518,-0.12337347724498371,-0.3789654625133169,-0.7427459610886623,-0.14716494874064784,-0.42152023667875416,-0.8633506416730461,-0.16573426178108533,-0.2905794366756255,-0.24738362496142205,-0.09292379649276347,-0.3557422722711664,-0.4276324987461149,-0.12585737553543075,-0.3995165494907385,-0.5413026000313512,-0.14335484698938017,-0.4380520475560566,-0.637811503674641,-0.15358797306911456
thank_you,0.0,0.0,0.0,0.0948680718888975,-0.2114658633719627,-0.034394484907872794,0.10943368538620513,-0.41689723344325647,-0.06361062546542345,0.06560836122173624,-0.5970960733400456,-0.08509072517070995,0.07624739628978938,-0.7433171777615634,-0.10857711352402374,-0.06740582823461315,-0.49437468154229325,-0.08552411808535718,-0.16047732988753602,-0.7431329308707296,-0.123307876640405,-0.2170780562768269,-0.8865459822356648,-0.14570651027850662,-0.2636693665086437,-1.0,-0.15933287225842696,-0.16583027274246606,-0.4300359933638509,-0.0831604587464448,-0.25361551913191993,-0.6977318881637677,-0.11095953384335784,-0.31564150120453444,-0.8625187202178353,-0.12771946870474468,-0.3625969843838531,-0.9869864627450341,-0.14095560025376372,-0.23770351740358628,-0.3492466666394916,-0.0793512205176607,-0.3242337652808746,-0.5874642002584348,-0.09964245391200205,-0.38119458835902054,-0.7379741809777314,-0.11780603824775532,-0.42230838527166226,-0.8503682084435622,-0.13343641126618408,-0.28887809133265124,-0.25890242659677243,-0.07652478353458125,-0.35528164909119814,-0.43498799541828526,-0.09939282383247423,-0.39827549801690015,-0.5417654276199133,-0.11166799778681198,-0.43540793158407487,-0.6329232888885266,-0.11849798315304344
thank_you,0.0,0.0,0.0,0.10296042268402536,-0.21002579628167647,-0.04094382232819993,0.11303180967325631,-0.41836428145161725,-0.07178146130390053,0.06373194223725592,-0.6005815333587987,-0.09454088762137206,0.07725334021797428,-0.7456228615139202,-0.11876395681185105,-0.06506456869257192,-0.5017213497903981,-0.08892083978199954,-0.15740004936014595,-0.7448410279973412,-0.12988286585838948,-0.21373641844535687,-0.8866013199858386,-0.1552833565027896,-0.2621382821726848,-1.0,-0.17160807119935872,-0.1661219124115746,-0.4345351721910332,-0.08659809599803904,-0.2499478046514545,-0.6957858491058063,-0.11912245964940954,-0.311037565540704,-0.8620491154574108,-0.13970291295037335,-0.360104605165138,-0.9933565272943897,-0.1557632592220332,-0.23882625537327756,-0.3524244556614122,-0.08371832934414838,-0.31886223726242585,-0.5893094502582796,-0.10901101222243306,-0.3732138020586658,-0.7420176861399862,-0.1285878119302366,-0.4135623093854304,-0.8602935645125572,-0.14463665288479488,-0.2899583623284926,-0.26185849885690154,-0.08264426280413702,-0.35439106266155174,-0.44405414148359573,-0.1094464778122535,-0.39643297394229476,-0.5566287442749623,-0.12249184202855232,-0.43239203524164943,-0.6525243945217711,-0.12967650129163036
thank_you,0.0,0.0,0.0,0.10231134602105155,-0.2057417410440585,-0.04689566889102348,0.11488354533310101,-0.4171876310881364,-0.08256155427239718,0.06821148993565791,-0.5998009073719128,-0.1090307346448327,0.07965592792653256,-0.7455359044355385,-0.13738733713074777,-0.05897030067181661,-0.4891810742612276,-0.10503835469736475,-0.1505938897601208,-0.7351030635095803,-0.1527667283816432,-0.20870029944563837,-0.8819601750208128,-0.1809454442664599,-0.25768692764902906,-0.9991884635986396,-0.19871528818687448,-0.1615005033784438,-0.4287333901247475,-0.1019153311031136,-0.24738694959116636,-0.6982055849192981,-0.14103340238924553,-0.30928959103728226,-0.8674467419152905,-0.16408194372113324,-0.3570452008028241,-1.0,-0.18120114680206748,-0.23680398249791873,-0.35324195078507675,-0.09794017412002841,-0.3198382735410092,-0.5987229998773822,-0.12860545044575297,-0.37856882409504816,-0.7550300736352313,-0.1503522764994596,-0.4204266777668067,-0.87581185907985,-0.16752841216640377,-0.28991129568320717,-0.2684480132685395,-0.09590149142269437,-0.3527899588907604,-0.4496452150006776,-0.1262085946249557,-0.39264639923073447,-0.5627269236478157,-0.14116326031390655,-0.42533978044955567,-0.6597508599381748,-0.14964892814544256
thank_you,0.0,0.0,0.0,0.10276320332695421,-0.20533732400622076,-0.042052072904073576,0.12211121387924516,-0.4116637946523858,-0.07544919500105803,0.08254695612711789,-0.5886031881167344,-0.09994999410034289,0.09090228679866276,-0.732751212818067,-0.12641634932730839,-0.05495648566746295,-0.4910399183857551,-0.101120154012651,-0.1433993313773891,-0.7381481075053833,-0.1442360121540377,-0.20124045291403936,-0.8832573023324615,-0.16852467109420213,-0.25151416853679215,-1.0,-0.18308674820567528,-0.1564416928845997,-0.4258665383605843,-0.09908586750822398,-0.2401341586405022,-0.6939000346088775,-0.13442650568627762,-0.29970958288062427,-0.8638042994596433,-0.15370984064755466,-0.3464700753798234,-0.9980979186036182,-0.16796135232393072,-0.23227034638220662,-0.34640375174702476,-0.09557799047143528,-0.3147339357127037,-0.5823279273543182,-0.12264148952139949,-0.3684695037906971,-0.7345473371865354,-0.1396654295391099,-0.40466411903524435,-0.8540507862164216,-0.1531020448471671,-0.28839951426983107,-0.25999314253833006,-0.09374231310013427,-0.3532952997446339,-0.43865904065477906,-0.11928956346300494,-0.3866491733060643,-0.550748713422014,-0.12850202659811905,-0.409880452656784,-0.6478950687776072,-0.13259130061963442
thank_you,0.0,0.0,0.0,0.10689954188062234,-0.20477368979652527,-0.04346554846727708,0.1292043412386912,-0.4105560049016466,-0.0782595615830913,0.09386992947473935,-0.5906581909027284,-0.10460029419916572,0.10763289820110594,-0.7337948601928357,-0.13339448384443725,-0.04142894406944341,-0.4736278529916195,-0.11131258947786997,-0.12311477595219357,-0.7243455071230257,-0.16165046293360774,-0.17649797281534482,-0.8769602100119721,-0.18974480360830195,-0.22428422051769797,-0.9983313219576848,-0.20689618056210293,-0.14712158044776233,-0.41199515859851876,-0.1115075149309262,-0.22202126268672787,-0.6880359573720817,-0.15547254279109596,-0.27932976647960767,-0.8630906907168658,-0.17817417291866183,-0.32728529339380064,-1.0,-0.19459075151420677,-0.22664756020027021,-0.33554504541457625,-0.11024322834226202,-0.30262684805151857,-0.5837479458973064,-0.14444850450210903,-0.3543751746467969,-0.7386277696738816,-0.1632581547951311,-0.39191229910811565,-0.8603221384202444,-0.17744113705101652,-0.2858801429476021,-0.2526921242946833,-0.11072582030261303,-0.3455693709895327,-0.442683164433324,-0.14345409928821315,-0.3796547377029428,-0.5609180845636585,-0.15701880784917482,-0.4065385677809025,-0.6625791838963476,-0.164023496314539
thank_you,0.0,0.0,0.0,0.09974438174002664,-0.2042388326085317,-0.04897214169176344,0.12234279555566728,-0.4134795819612378,-0.09048079316011516,0.0875688142580629,-0.6006468226037556,-0.12194453173820521,0.1080145044116538,-0.7505132789522636,-0.15670566927873963,-0.03049979889897187,-0.4675217126266308,-0.13297797696017047,-0.11869414733164073,-0.7180869950478872,-0.1910322302469154,-0.17328474962921997,-0.8741723435811065,-0.22209218584757903,-0.21988009351197807,-1.0,-0.2405063824803937,-0.1355752432065559,-0.4068234521505241,-0.13249013021800712,-0.21621518438450515,-0.6836253487845957,-0.18304545578171844,-0.2747987418616928,-0.8611179017621478,-0.20819765626687467,-0.3214738977149896,-0.9998010985143662,-0.22594982988619042,-0.2165285406349765,-0.3306162175410372,-0.12993996690197684,-0.2937327178803952,-0.5841835612478319,-0.1694916981775858,-0.346685053794525,-0.7431096189135517,-0.19064711392253944,-0.38299879339383125,-0.8656673411930319,-0.20573650568619545,-0.2768900354440562,-0.2471808149619165,-0.12891599149600416,-0.3372336196928182,-0.4438598200145798,-0.16526011227602477,-0.37267311970538697,-0.563978720997461,-0.18047279625204346,-0.40187998039264977,-0.665367574972977,-0.18827783351857774
thank_you,0.0,0.0,0.0,0.09958707496783946,-0.21502713623554026,-0.04636194747132852,0.12247330174843202,-0.4263040347083527,-0.0866314990367458,0.08796548310883526,-0.6079309824856466,-0.11661829655738111,0.10819956051436838,-0.7546150996851521,-0.14968201947120088,-0.028945265768674386,-0.4563197020207329,-0.13557551381369934,-0.10971412473282978,-0.7115037116013194,-0.1936118216682536,-0.1634954280730207,-0.8701158530175844,-0.22417369801036166,-0.21016003934347455,-0.9969801005110648,-0.24203705029588715,-0.13376390286266324,-0.39638957297814087,-0.13526735102819637,-0.20965596671822365,-0.6763913186571161,-0.1861913368763085,-0.266470621912213,-0.8575416460188509,-0.21112676161439412,-0.3121378028972014,-1.0,-0.22886603147634155,-0.21613640885678675,-0.3239316945224473,-0.13215507407153423,-0.2890727065907828,-0.5806015647290256,-0.17083053506530738,-0.33976035706956187,-0.7450545352614639,-0.1924874933479597,-0.37576482951161033,-0.8730611388083832,-0.2083964594742793,-0.2798610433278773,-0.24519656720676347,-0.13027354185343323,-0.3411741849743967,-0.4425960999404342,-0.16634217699213652,-0.37751074312114885,-0.5644049174337643,-0.1828121145543928,-0.4086025214111593,-0.6665502880683155,-0.19187738558513176
thank_you,0.0,0.0,0.0,0.10381062333339991,-0.2118659027552737,-0.05071354522367351,0.12962259057703743,-0.4268348465745429,-0.09425332168102046,0.09663606897880217,-0.6144749311777511,-0.127055959588051,0.12668898786035446,-0.7642972464013679,-0.1634972437245629,-0.02537774121288221,-0.463075808520494,-0.13909379314161124,-0.10224525137757241,-0.7122281335947279,-0.19874881537797837,-0.1523360265225775,-0.8707074276488593,-0.2309815215532008,-0.19523501356473158,-0.9999664988819001,-0.2508695488978442,-0.1348801722988274,-0.4013933243868168,-0.13876947252173746,-0.21059390717742127,-0.6774675023048125,-0.1899182306932722,-0.2642555310668109,-0.8566495209662238,-0.21467714746683106,-0.3069676849503314,-1.0,-0.23296859688626315,-0.22029513840793669,-0.32454546391639666,-0.1363452820891414,-0.29701672543321134,-0.5770124669256991,-0.1771051603286834,-0.34608901826906163,-0.7416976820447536,-0.19909240316733623,-0.3795272412409072,-0.8733842958354889,-0.21567406745778578,-0.2855406597272107,-0.24191817738455482,-0.13549921779405324,-0.3522301919807343,-0.4344049718236269,-0.17372456733312294,-0.39043121093012634,-0.5552692749005114,-0.19117321398458956,-0.4218381870225688,-0.6599489945476931,-0.2015273948919158
thank_you,0.0,0.0,0.0,0.09544678713019517,-0.2179263982958139,-0.04859205317889517,0.11999306495185703,-0.4376769118511081,-0.09315364662890793,0.09826303496637888,-0.6214615837055689,-0.12916721459166264,0.13229417033670202,-0.7681098057788137,-0.1697941850926896,-0.029940859273499525,-0.4763053849724582,-0.13181655994510869,-0.10474870728758506,-0.715100509595369,-0.19505583894550563,-0.14719878713147,-0.8720654125469235,-0.23157212618971795,-0.1804797676503907,-1.0,-0.2537837412480149,-0.13730216109931986,-0.4125434177517154,-0.1359182995075983,-0.21025736964396208,-0.6745497596875148,-0.19118487259148448,-0.25753218415293694,-0.8477348988609598,-0.22016056980524285,-0.29302538447527643,-0.9869894544880294,-0.24024330674621414,-0.22466145826278638,-0.33072817527441806,-0.1388831939337605,-0.29837845443719585,-0.5737090285179952,-0.18427502216192423,-0.34345164612578283,-0.7348528079057,-0.20863153032693948,-0.3709881853997158,-0.8650685353901785,-0.2254706542608073,-0.29427303979318514,-0.24002724301081163,-0.14337622510275433,-0.35874946676459446,-0.4295035305482337,-0.18549283860656152,-0.3930687125908572,-0.5503118461043977,-0.20390995689327318,-0.41780191163199754,-0.6558871180683978,-0.21395253047179147
thank_you,0.0,0.0,0.0,0.09508723154000288,-0.21939856148734851,-0.03539453146522469,0.12755178275189616,-0.4463373736161148,-0.07203343648622641,0.11766248718122271,-0.632379337471952,-0.10274985288608797,0.15372826874031806,-0.7762891890614804,-0.138633190359317,-0.01265211722141269,-0.47227807711316666,-0.11558001422388942,-0.07674600367035277,-0.7125206409452499,-0.17181344000779836,-0.11190776610376856,-0.8694946304807856,-0.20437171755364264,-0.1392122406392595,-1.0,-0.2248903616111576,-0.12107550658913888,-0.4145768175206346,-0.12431708649497447,-0.18743151612132852,-0.6692100951303332,-0.17161148041105187,-0.23288238268982964,-0.8340394569308239,-0.19853961288601135,-0.26904466425978024,-0.967212824268771,-0.2194697788053683,-0.21235924886754165,-0.3368814580776495,-0.13076455832239892,-0.27899821335298347,-0.5731803721691734,-0.16880290306864779,-0.32600992170169507,-0.7245110666116668,-0.1905739919527405,-0.3577766237862869,-0.8462433160372961,-0.2078237280742989,-0.28831960356614234,-0.2468484644924658,-0.13797324482395507,-0.34919410917320004,-0.43067324282180397,-0.17420608554162778,-0.38633360301188585,-0.5472275363299792,-0.1897574334448398,-0.4154962415281132,-0.6480263872056151,-0.19920595384186113
thank_you,0.0,0.0,0.0,0.0950055704602426,-0.22193491777135302,-0.03782294420766071,0.13569114544192457,-0.4615465502809716,-0.07861869887630679,0.13742509060068897,-0.652168488016257,-0.11417092661597453,0.181677168894711,-0.7943551775092604,-0.156155398675039,-0.000981937218741232,-0.4667410065535714,-0.12983330741877486,-0.061368308969941984,-0.7012692062643402,-0.1959287091183061,-0.08913994206989682,-0.8609895545694629,-0.23480044648305493,-0.10902421267670048,-1.0,-0.2596563717236715,-0.11107210941078233,-0.4042822525287609,-0.14261973791849958,-0.17695120820205198,-0.656886147104761,-0.1999556789338411,-0.21955227352427248,-0.8324784917175986,-0.23119830497105945,-0.2551934919448445,-0.9841789872814393,-0.25619518977313666,-0.20818352012501712,-0.32172355389829077,-0.15357955345853233,-0.2782114923382902,-0.5516192907813788,-0.2023814663661516,-0.32912279883804374,-0.709821367926593,-0.2263214898756237,-0.3646359713036185,-0.8457392561729136,-0.24462111841657233,-0.29278013679366555,-0.22627120619625027,-0.16547267055660012,-0.354953449802883,-0.4094533972260567,-0.20970821901507608,-0.39346568158769607,-0.5280626923729054,-0.22746287659235268,-0.4243999743069544,-0.6334838411371487,-0.23912304564655512
thank_you,0.0,0.0,0.0,0.110232682761783,-0.20564095370222701,-0.05914778967750883,0.16486177554774797,-0.4632380224943323,-0.11082608817092302,0.16847635826435312,-0.6702257771841779,-0.1509545014224491,0.22563210304174336,-0.8180867460736974,-0.19800777197974379,0.029834086564011094,-0.4484470362288577,-0.17239935129992132,-0.03243843519326994,-0.6880766241753178,-0.24616895303264522,-0.06196333536553601,-0.8550751461612438,-0.286175565247659,-0.0832579035882512,-1.0,-0.3114276615011698,-0.09242290653343382,-0.38553533961342634,-0.1767570081257843,-0.16161682969625948,-0.6485837965350856,-0.24083435432866782,-0.2059194703685114,-0.8356589875007978,-0.271222718394844,-0.24311402434980625,-0.9970450386251856,-0.2957206727686047,-0.1997558334262315,-0.3033468760173237,-0.17895582742136204,-0.27218954637075804,-0.5496805992562103,-0.2332059490779397,-0.3228611777992436,-0.7217637172347322,-0.25667262282086767,-0.35911546022634433,-0.8675864383985674,-0.274196326073761,-0.2916835794645475,-0.21043147592142078,-0.18318626044766032,-0.35599337107220824,-0.4111931874450056,-0.2306652956901085,-0.3964503837627184,-0.5400787527431625,-0.2489114043242318,-0.429603912496873,-0.6510830680179837,-0.26102296780638534
thank_you,0.0,0.0,0.0,0.11079640678113793,-0.21713451578115495,-0.052147961173877516,0.17041959512856736,-0.49015976390829097,-0.09916725712382683,0.18935683461955913,-0.7063643235127154,-0.13530250753374895,0.2652094058110911,-0.8487666090081633,-0.17818496299516373,0.03504195694998538,-0.4613897023462904,-0.15909478644444808,-0.01101851619634011,-0.69109253924351,-0.22936366185466767,-0.0340658690888974,-0.854475221885164,-0.26811253762368925,-0.046219005045744506,-1.0,-0.29393019426958994,-0.09126531338516314,-0.40615671262688274,-0.16559522359707604,-0.14015116913614578,-0.6600825281188176,-0.22590664587534784,-0.16901074813326858,-0.8376829226545562,-0.25344565964217747,-0.19011343085546997,-0.9963733539729906,-0.27687890773563,-0.20554393008633398,-0.33058001623029815,-0.17021047436580014,-0.2610674395798502,-0.5652808183907255,-0.22281147529520715,-0.3026697980072943,-0.7325986069329697,-0.2433325235169131,-0.3320116544744164,-0.8843630614816362,-0.2605012902430811,-0.303510419811142,-0.24188800874598154,-0.17647814788088623,-0.3549208869072605,-0.42193210111699087,-0.22246425199240918,-0.385614108826474,-0.5425514446082038,-0.23847846805674314,-0.4114301865605589,-0.6574132976044659,-0.2505517202288224
thank_you,0.0,0.0,0.0,0.11114800381316425,-0.22689237768148224,-0.04993361197070503,0.16752061218294742,-0.517764901492934,-0.09757113524846103,0.20762043944373984,-0.742227462105179,-0.13726073231687308,0.31620457265885293,-0.88207241331415,-0.1851932229985062,0.023699191630100595,-0.48701027117362894,-0.1545129202273757,-0.01587856300041243,-0.7064431123897424,-0.22558787842766445,-0.03324411283200284,-0.8598419989318336,-0.267179729212914,-0.03881353328489068,-1.0,-0.296134564990561,-0.10530640820423094,-0.41479009483899726,-0.16550336029295346,-0.15074396802707107,-0.6562733855121843,-0.22622037087214023,-0.17510296647673812,-0.8240824452448482,-0.2555344584838701,-0.19314517667848288,-0.9790095807592117,-0.282600800645429,-0.22285178735778363,-0.31783181202595756,-0.17541623857525507,-0.27581581355091334,-0.5440413303301727,-0.23219272678735875,-0.31607584640177666,-0.708054079363176,-0.2557051006835723,-0.34621512840565216,-0.8592687844928738,-0.2758257943834632,-0.32398597319665556,-0.20704567525300183,-0.18680678096319397,-0.37990198594878805,-0.3904214104407165,-0.23761772974641604,-0.4160547891494904,-0.5131414107816619,-0.2566642759599172,-0.4476521938576751,-0.62690462072053,-0.2720827321863065
thank_you,0.0,0.0,0.0,0.11674434829161319,-0.22696501692406917,-0.05438576433756413,0.17877901330811422,-0.5236094707098802,-0.10665923545049907,0.22663791952981047,-0.74522747402739,-0.14975251435862066,0.34432202382715105,-0.8714909141535677,-0.2011591942027677,0.03497980687985238,-0.49546640319397817,-0.1705472841078229,-0.004555710974357949,-0.716057155317996,-0.24605361202901802,-0.019216058501397806,-0.8647159021638425,-0.2890007451290052,-0.019052413655710473,-1.0,-0.31915081764424763,-0.09603798714147645,-0.4138270472047114,-0.1807045619960006,-0.13977923521898603,-0.6491850640522464,-0.2493726842877361,-0.15641197426449238,-0.8102488978490798,-0.27905364798857873,-0.16226242172065153,-0.9581009582934477,-0.305448302051836,-0.21474491979864185,-0.30810632338298316,-0.18983640349471817,-0.27138334314689616,-0.5248109430904377,-0.25419203460808387,-0.30530993872260104,-0.6859284277826257,-0.2821761925947792,-0.3248608826514542,-0.8350142665230336,-0.30454558727807163,-0.3156792722554106,-0.1901699252694948,-0.20043091695032428,-0.37321072341021244,-0.36795437789383123,-0.25742851525549443,-0.4079314099263002,-0.48538311162116854,-0.2827042885495017,-0.43425553902227687,-0.6004658205337168,-0.30273297062583365
thank_you,0.0,0.0,0.0,0.11441773943791171,-0.22888759261085356,-0.05317130368415896,0.17838279650051425,-0.5365477110930769,-0.1084379560082475,0.23044809869140281,-0.762969878454884,-0.1554293370939064,0.36054122341739403,-0.8769912435363955,-0.2104990978182447,0.02983152927464849,-0.4955204466980137,-0.17689021876143743,-0.014316747281513166,-0.7134893400289474,-0.2564799519294275,-0.02789750913782378,-0.861877872914942,-0.3018158743531928,-0.02286921176716513,-1.0,-0.33399198894296567,-0.09888784639893122,-0.41185504167452086,-0.18972992185263435,-0.1409380123588982,-0.6346439711673496,-0.26625335985966564,-0.15851119002004538,-0.7882204360621622,-0.2975224968852732,-0.1618315517474859,-0.9289164779561807,-0.3242281222820593,-0.2202115275194424,-0.3088081705037422,-0.20117460176678034,-0.28243803938442247,-0.5182085196463938,-0.27322127136008206,-0.3202904343011442,-0.6729622899976306,-0.3022738552811156,-0.34158286655377296,-0.8164963025401861,-0.3239240851336841,-0.32602740097566985,-0.19229367658913474,-0.213707313306408,-0.3813916575790516,-0.3683381356107875,-0.2744559212981752,-0.4172883344469657,-0.48065020892958193,-0.30088717466062503,-0.44584046184005655,-0.5927906362660839,-0.3214257739867887
thank_you,0.0,0.0,0.0,0.10837633705780184,-0.232433674498896,-0.05448874843686684,0.1724278623584739,-0.5334293655981146,-0.11013781463251199,0.2227312618813377,-0.7547139644880151,-0.15791803800407478,0.35189459364738845,-0.873014965778851,-0.21339092369317547,0.02524013698114337,-0.49654061788266235,-0.17057572369085833,-0.021669629056067844,-0.7124257190110093,-0.2515585595326484,-0.0333134124312222,-0.8623849278261533,-0.30007231219614383,-0.026548737500760308,-1.0,-0.33387249138771563,-0.10596034034812983,-0.41586115742694035,-0.18256337192698957,-0.14988390201233293,-0.6420658007671639,-0.25582411062879684,-0.16851963238694567,-0.7945168923778896,-0.2856963642234898,-0.17134402368109306,-0.9323856905488997,-0.3119630149920537,-0.2256732476444901,-0.31452793737563517,-0.19410475494607793,-0.292114122632301,-0.5238789182467418,-0.2598000925860593,-0.33488800044025513,-0.6754068256927501,-0.28293900081120343,-0.35539143607176543,-0.8141530446636923,-0.3018712517218847,-0.3276856771288412,-0.19840233721420827,-0.20800795963672628,-0.3895464502979929,-0.37031637546427126,-0.26175949353009764,-0.4274818660253359,-0.4828123808245709,-0.28274696846403524,-0.4530891719437748,-0.5927056672231003,-0.30001102887167674
thank_you,0.0,0.0,0.0,0.1098420343875811,-0.233052149335279,-0.04724751370975078,0.17791548042066527,-0.5266759724826465,-0.10301504265699625,0.22778423817564653,-0.7456496021056137,-0.15248735258835408,0.3548456505519424,-0.8722797110402631,-0.21045953875016246,0.027416360570452592,-0.4940659430977977,-0.16725647876370442,-0.019822318489581162,-0.709806832272973,-0.249034107044494,-0.03429996349912896,-0.8590812441931533,-0.29771016540014045,-0.03101895583472142,-1.0,-0.331595689906802,-0.10156255906191793,-0.40676586193521297,-0.18358517879962374,-0.14673466464267432,-0.6345179219664491,-0.258444009306288,-0.16761207734928077,-0.7917401417117726,-0.28990461501914927,-0.1737301893606261,-0.9398689341532428,-0.3173780627192939,-0.21976296338224088,-0.3025608181467676,-0.19871129337979299,-0.2858200415950978,-0.5120907439179915,-0.26593882736505037,-0.32811840626690686,-0.6627410622780847,-0.28912540962159505,-0.3508123333787575,-0.8076964306102546,-0.30814845983442635,-0.32085564399806854,-0.18579505507211877,-0.21540678307008998,-0.3824465508421466,-0.3558927971549868,-0.27204954906461465,-0.42029085941039174,-0.46648287647798964,-0.2935936890465212,-0.44806873949485354,-0.5808567954328745,-0.3108431371234991
thank_you,0.0,0.0,0.0,0.10421626061243368,-0.23863680179928926,-0.043674239692274526,0.16267463089750708,-0.5367376726561865,-0.09404501624408851,0.2121324370329247,-0.7527719888278153,-0.13881147414980177,0.3278527460836147,-0.8696005693157243,-0.19143649207194163,0.01952231086480361,-0.49022957933602546,-0.15552467676787546,-0.03464036114562436,-0.7069122745413523,-0.23092368068996963,-0.05448349235215966,-0.8614379938883163,-0.2748033962716933,-0.056632464547854824,-1.0,-0.30481486176179406,-0.10453857836532865,-0.4030076251919962,-0.170894023058058,-0.1583121106497005,-0.6286212549278866,-0.24009424780075597,-0.1837490084330453,-0.7869567626270132,-0.26939044209284924,-0.19488020149164614,-0.9326157489470391,-0.2946616419721579,-0.2205295444837806,-0.3005946219729365,-0.18504949532843656,-0.28751623287289185,-0.5164348362225257,-0.2471734696485838,-0.33224858372980415,-0.6668204008794296,-0.269123668935292,-0.35853938022900655,-0.8055920445539717,-0.28641004077168336,-0.3208563731878049,-0.19116568592474686,-0.20064672888003005,-0.38321381496565127,-0.36873974507323654,-0.2525519599736231,-0.42219601336738943,-0.48098793198908235,-0.2723909031083111,-0.4513446190717024,-0.5883787042676593,-0.2878857862671898
thank_you,0.0,0.0,0.0,0.1119733898824177,-0.23852903891109414,-0.046195353840064464,0.1802296595812318,-0.5358653134170973,-0.09825112983280716,0.22858881863328515,-0.7562729940646722,-0.1429735740267695,0.34634731165704585,-0.8766353165572772,-0.1966525516849706,0.024604860688435995,-0.4741590326695019,-0.16608831513637728,-0.03676588601534424,-0.690499598754783,-0.24121376484116158,-0.0663954223154369,-0.8519451670304364,-0.2847824049106332,-0.07921433472767661,-1.0,-0.31527425498060885,-0.10516578987156276,-0.38585814140114055,-0.17961749942617325,-0.16387067886038606,-0.6243738054716667,-0.24597857602330367,-0.19687203185150437,-0.7969338662593478,-0.2752353855616972,-0.21573036321414865,-0.95853295444413,-0.30245715980214194,-0.22262179827639011,-0.2877486460396903,-0.1907068898823522,-0.29120633308392807,-0.5132281049983136,-0.2485529663050282,-0.33666160102656745,-0.6821288869418911,-0.27086711901857013,-0.363571586411162,-0.8412468452821704,-0.2908337449145875,-0.32375933815861396,-0.18359430425630072,-0.20355954226830747,-0.3879885208977038,-0.35984872861479295,-0.25303714813307815,-0.4265519661015635,-0.48204049669118076,-0.27348863622947006,-0.453408645962155,-0.603821715313611,-0.2909576802578945
thank_you,0.0,0.0,0.0,0.10551506240213093,-0.23401711508494963,-0.04809474124711586,0.1710329527964161,-0.5189182165687857,-0.10119790133726767,0.21244412088137815,-0.7396686090004672,-0.14819153548871236,0.32632812925452787,-0.8685096385806919,-0.2038544464671499,0.008451110607932327,-0.49243521652770333,-0.15473759688862582,-0.0539330587505816,-0.7071350433131839,-0.22881754403574542,-0.0865199359115832,-0.8608706203143466,-0.2748199955992143,-0.1057514290436705,-1.0,-0.30681048647559567,-0.12023437940380957,-0.40221213953848317,-0.16929854394116053,-0.18612411255026612,-0.6384454068534862,-0.2341411914959505,-0.22357217446800787,-0.810570958240301,-0.2659325286680921,-0.25044650747745967,-0.9695438620627719,-0.2940680410840286,-0.23305120289983844,-0.29651249332412327,-0.18243127135806678,-0.3050850356221917,-0.5195499288702649,-0.23939554837136312,-0.34942441761036575,-0.6858351032169366,-0.26095999172027906,-0.3760692628781126,-0.838281650821312,-0.27924205336477564,-0.3275401531892777,-0.1819247352817817,-0.19787055599070008,-0.39218939139889114,-0.3613052330275089,-0.2459198504735358,-0.4286494713278856,-0.4821290959310352,-0.2629334716506111,-0.4526440293537942,-0.5985527559070164,-0.2765932708822762
thank_you,0.0,0.0,0.0,0.1004725048663292,-0.2387911843942579,-0.04335967614752163,0.1604042267544948,-0.5118711147855676,-0.09478600909937263,0.1983995308589557,-0.7256440597893201,-0.14070195190580187,0.3022979015730727,-0.8566686650261182,-0.19491840002370606,-0.0014230835932197308,-0.49056896433152636,-0.1452410676429573,-0.06878006883127367,-0.7069262590412061,-0.21588380619773975,-0.10502730675963773,-0.8625731070652223,-0.2598268381899297,-0.12859629949677223,-1.0,-0.28970965477790783,-0.12790989292580754,-0.40714468321766767,-0.1599787778257698,-0.19856062055788615,-0.6568353984708812,-0.22003635104122485,-0.23494493423354193,-0.8338677449834201,-0.24952305422654006,-0.2594562643336194,-0.9900273889863982,-0.27493507103219483,-0.23721999919268272,-0.3070771451466776,-0.17294757314392759,-0.313828429379173,-0.5447808806336544,-0.22398262818726855,-0.3584782143935702,-0.7150908157193645,-0.24437757453056977,-0.3843916976387464,-0.8629358392063174,-0.2613233418706985,-0.3269992876172479,-0.19957200971172792,-0.18783402733166174,-0.39532608143140346,-0.3938831886640693,-0.23019752296691579,-0.4327666352211601,-0.5210266908064501,-0.2447170869557808,-0.4577478725694517,-0.6370501448686017,-0.255963488600615
thank_you,0.0,0.0,0.0,0.0962039092326512,-0.22806118567224756,-0.04091265733053842,0.14571163510182245,-0.4982881461174663,-0.08683606313264496,0.18358769512767642,-0.7064611483673314,-0.12643427621313696,0.2750504790911905,-0.823806496875538,-0.1724847233988071,-0.010504980241367015,-0.5014210227928129,-0.1321473036753754,-0.07901507307941916,-0.7253388734406176,-0.1908277461348212,-0.11988516817540042,-0.8724403270350901,-0.22627613790375792,-0.14887326180653263,-1.0,-0.24993419083957416,-0.12993540709866275,-0.426227599958067,-0.14214541125728405,-0.20370053198072627,-0.6771098226578981,-0.19176466401246597,-0.2493052660587321,-0.8476877788884327,-0.2186728288805612,-0.28272419500794305,-0.9930128663393605,-0.24103612249093728,-0.2317137541893526,-0.33738457476778216,-0.14966230584389895,-0.3004451696619873,-0.5664740999049496,-0.1880387084158345,-0.34310600591619506,-0.7286999973003021,-0.21041179719627578,-0.3697649965587617,-0.8644432609405257,-0.22873930543473694,-0.31432880426874826,-0.24314636114033836,-0.1591033487371897,-0.3770313911753538,-0.42966831231367264,-0.19126252458954918,-0.4170307460527437,-0.5461622041595683,-0.20587654580356476,-0.4468738024473287,-0.6490880105014741,-0.21669043546866548
thank_you,0.0,0.0,0.0,0.09503716905150716,-0.233595940699017,-0.04477433604346065,0.14354096895534074,-0.5048958716735301,-0.09289043119532198,0.1828532775899704,-0.7146689140515369,-0.1336153371389032,0.27595853848074586,-0.8352947171163245,-0.1806570951070394,-0.008693849377352287,-0.5005932479695966,-0.14084174922841428,-0.08084579510111656,-0.7227337945071681,-0.2032490104574882,-0.12294136125544439,-0.8712828759709007,-0.24011826424329627,-0.1543889318279637,-1.0,-0.26505737665468115,-0.12722244732647936,-0.425426909153564,-0.15056397680099698,-0.2031799877217982,-0.676752699295772,-0.2050418214057499,-0.2476998508475146,-0.8487163395689742,-0.2329120436846276,-0.2826450979822215,-0.9979540999773417,-0.2556404625387064,-0.23037790315909798,-0.3357466572017817,-0.15811314695425038,-0.30424068987664715,-0.5696406227072489,-0.2022672314700231,-0.34866547223273814,-0.7346253695104864,-0.22565250435183193,-0.37986229572956015,-0.8753249468475734,-0.2438612815851181,-0.3147516675906253,-0.24112203012677086,-0.16753135245268547,-0.37769005910416753,-0.4332457703065733,-0.20417046656256663,-0.41338203173071164,-0.5544632454165991,-0.21989173474742046,-0.43998503572270314,-0.66124893056022,-0.23128231901962532
thank_you,0.0,0.0,0.0,0.08738415961734054,-0.22625115535225776,-0.0326725658744755,0.12954916162288818,-0.4621721058961484,-0.07466275693986993,0.1624789441749633,-0.6492115311956023,-0.11148949395348422,0.23232519199016125,-0.757862417654122,-0.1543479296133983,-0.01740550200692185,-0.47672424956869813,-0.12707782713080357,-0.10069950849936697,-0.7158838240660219,-0.18361651665861148,-0.14842071005601468,-0.8712391535926141,-0.21582295613981728,-0.179803448248545,-1.0,-0.23570077455667793,-0.12257315398677163,-0.40600189835874906,-0.13974457616962,-0.20250501871925292,-0.6704994371371159,-0.1891633594125218,-0.25062611725816986,-0.8504829885747646,-0.21767212602417133,-0.2802809803757043,-0.9967311432850208,-0.23889083612642434,-0.2129628866176055,-0.3247383370655435,-0.14864858925345384,-0.281801348769179,-0.5685380746063718,-0.18795039110987474,-0.325214705150547,-0.7355443344047371,-0.21505042420423992,-0.3501837327372144,-0.8683141743311568,-0.23499929769436,-0.28484620820543016,-0.23831451222672695,-0.15764067344344945,-0.3424585346358318,-0.42357618647825995,-0.19179098248855816,-0.3811722324857328,-0.540508747857637,-0.2072819180761238,-0.41048523905626577,-0.6431132436794532,-0.21685375992870984
thank_you,0.0,0.0,0.0,0.08989225003807094,-0.2142589153649822,-0.037590902429971686,0.12423615927247118,-0.45041450484321577,-0.08060906571017971,0.15340258107348356,-0.6412724836711305,-0.11665257610846978,0.22513255171682717,-0.7528705327097012,-0.15895541308591113,-0.02316666615958793,-0.48228312255671446,-0.13546884696281686,-0.11334843146934925,-0.7197735567831843,-0.19296246857948743,-0.16039834611198445,-0.8736148944077915,-0.2255366196376033,-0.19184550132819936,-1.0,-0.2457492652419272,-0.13114497365138805,-0.41420908286910274,-0.14414252554097662,-0.21601986638421847,-0.6753907695549711,-0.19452493830488507,-0.26836360299834056,-0.8504059538943727,-0.2223569156829816,-0.3023913352947139,-0.9887792015303316,-0.24247028060785417,-0.2214407516123903,-0.33238979324157986,-0.1489175759379312,-0.2980622172802506,-0.5737532948775493,-0.18819711606341877,-0.34848959658576945,-0.7383443281348154,-0.21714021638446368,-0.37996557522505087,-0.8668000764140972,-0.23853532290382556,-0.2896859704069915,-0.2446929272604089,-0.15406704059889328,-0.34608620349240604,-0.42601964060073777,-0.19056656156961493,-0.38595676390461947,-0.5375091214124246,-0.2103777008938754,-0.4171245721122813,-0.6337271520328279,-0.22265235576941345
thank_you,0.0,0.0,0.0,0.09539976338538149,-0.21134413871283061,-0.03718290284103101,0.1220807438551993,-0.44402551300497034,-0.07841056231819173,0.14846362716782965,-0.6407158314967272,-0.11225090876458772,0.22916475939094383,-0.7462640684672635,-0.15212872145421108,-0.0328093183629455,-0.4866349360231462,-0.12899658884530524,-0.11957197359912806,-0.7300951887183075,-0.1784203466426499,-0.17082701723920274,-0.8797145848210084,-0.2059389825333549,-0.20857654110287596,-1.0,-0.22365482350623098,-0.13952585205836407,-0.4183925303533897,-0.13513771552406925,-0.22822814647492082,-0.6884844554217866,-0.17723098957847006,-0.2839271023960523,-0.8617775199408688,-0.19981032341484234,-0.3219110404843565,-0.99440248705542,-0.21702278413299309,-0.22740468520072893,-0.3368939561122606,-0.13723662226559427,-0.30901737475984387,-0.5824778298269977,-0.16801327658435716,-0.35829166237027715,-0.7462836632157424,-0.19225170941885958,-0.38916519625746726,-0.872580490247758,-0.2115673732680584,-0.2940738895479363,-0.2508232203551532,-0.1400190966261871,-0.35578851355844165,-0.44205254669091276,-0.16815074097250793,-0.3946962155473729,-0.5565743754013309,-0.18332047927661135,-0.42449171704283767,-0.6547871094822842,-0.19351478770887406
thank_you,0.0,0.0,0.0,0.0920063381129225,-0.21772508807823665,-0.03551847336240043,0.11566897519728907,-0.4436268365455984,-0.0778980429536023,0.13580118887979262,-0.6341634624883198,-0.11274475098639773,0.20991391728899,-0.7434699059351864,-0.1532591839407794,-0.043242731553517905,-0.4836825939264667,-0.13202403998306775,-0.1293251254358721,-0.7238059312064534,-0.1816539004992342,-0.18243131927157685,-0.8681061407168258,-0.20841945311237384,-0.2235964684032259,-0.9861524632334112,-0.22612488720540228,-0.14809931930138684,-0.41993629222931056,-0.13884314633641864,-0.23653813007909638,-0.6909783054570213,-0.18177417115498595,-0.29343653617974413,-0.8645463830086818,-0.20284771876194874,-0.33407208216015927,-1.0,-0.2191354932220429,-0.2321941950103455,-0.3401043254782404,-0.14115093369092246,-0.3143434926756994,-0.5878322248929655,-0.17243024322160685,-0.36305001626071953,-0.7495663675994501,-0.19509943834691112,-0.39585909004347664,-0.8766046856559524,-0.21366539827878578,-0.29306914381405286,-0.253323933670218,-0.1438950193001619,-0.3524719861339113,-0.44415168278230027,-0.17330333524300853,-0.3912189577631973,-0.558443848350199,-0.18861598186498874,-0.4238418776239339,-0.6577826530866271,-0.1990093446055677
thank_you,0.0,0.0,0.0,0.09470540100686087,-0.2176472667138631,-0.03695804369564612,0.12615744942228077,-0.4458281767202166,-0.07720594712163084,0.14464625620692573,-0.6380197518205196,-0.11129777300164262,0.21481436112821764,-0.7436301202389716,-0.15060479775994212,-0.04363570129485294,-0.4959967517934939,-0.11587850657306902,-0.13027239870423554,-0.7338037838279551,-0.16345227046114277,-0.18618978116663898,-0.8779519028122285,-0.1916792601595371,-0.23021143886177164,-0.9958810528270127,-0.21105222053547956,-0.14543823842046844,-0.4284963596003836,-0.12319025947717704,-0.2328926644616432,-0.6897142419430902,-0.1654803805924863,-0.2948972358101654,-0.8617545272517841,-0.1896789353708696,-0.34301369341644894,-1.0,-0.20853496843630692,-0.22663612491138674,-0.34632786512458946,-0.12744488507708057,-0.3067959989746209,-0.5878761235872852,-0.1593179713865906,-0.3572704127118862,-0.7451366854956674,-0.1813679995557308,-0.39341166747717243,-0.870439545730836,-0.19890928617621276,-0.28811457380002903,-0.25737862762635455,-0.13291283062644438,-0.347607350170638,-0.4485206763727998,-0.16142944754068977,-0.384694745827681,-0.5617563023154026,-0.17427528110656712,-0.41524926770629955,-0.6597945052026155,-0.1828044018248058
thank_you,0.0,0.0,0.0,0.09108900288348845,-0.2155787485952782,-0.04432310347965151,0.12088140554344343,-0.4383148451658516,-0.09212801312804214,0.1381252549563023,-0.6271445071016334,-0.1318168607183202,0.20852832750434422,-0.7318961931295698,-0.17697735998165023,-0.04750737353323247,-0.4738415838814073,-0.14225852221417423,-0.14079464844611117,-0.7226208888823857,-0.19952844088381727,-0.19804081005234916,-0.8738458931152432,-0.23081518695079725,-0.24357638752103766,-0.9973366362217152,-0.25098477298939414,-0.14902592824193067,-0.40602035341184395,-0.14785182331722554,-0.2454659383203925,-0.6809534919506567,-0.19807194396612543,-0.3086146247356775,-0.8581372886525813,-0.22251408309552834,-0.35720115583942186,-1.0,-0.2407013612724909,-0.22970612150785238,-0.32635467920889544,-0.14978509957464953,-0.31829110578960035,-0.579422475838142,-0.18673926194883156,-0.3688876211308748,-0.7408928443081855,-0.2079292962667337,-0.40486570385305,-0.869276818910719,-0.22423932425585064,-0.28924365388941314,-0.24221704935503793,-0.15332786663017095,-0.3521402983629896,-0.4374724542678539,-0.18551179357386455,-0.39049440901028637,-0.5541417445290016,-0.19935637301595704,-0.4237266415005267,-0.6538702788765699,-0.20815100875947595
thank_you,0.0,0.0,0.0,0.09265169957623298,-0.214936660355243,-0.04376790923027655,0.1235894290093641,-0.43713532207581435,-0.08697783068364286,0.1412145626441001,-0.6262463451704728,-0.1227470294065456,0.20915784355397554,-0.7357448767984337,-0.1624780653494594,-0.059359583703646454,-0.4958565181550034,-0.11156753783036413,-0.1461455233973492,-0.7365513543799992,-0.1590298262688664,-0.2010001674459343,-0.8828490281695583,-0.1881771319993815,-0.24262215502917422,-1.0,-0.20715569972482167,-0.15873085642155157,-0.42970555276479,-0.1147020673555905,-0.2483789140487139,-0.6939497275783454,-0.15490125757739195,-0.3088250447595863,-0.8638315171889692,-0.17870695750139728,-0.3533869965351572,-0.9979349408143025,-0.19616223011625875,-0.23723739969344512,-0.3489753596867473,-0.11586360277040561,-0.3204825018998673,-0.594264976750776,-0.14578864656395765,-0.371682477427,-0.7490827504926775,-0.16705244877810813,-0.4072322958125636,-0.8708629583832451,-0.18339021097590041,-0.29426505725362906,-0.2627584141581978,-0.11895740791485993,-0.3541445283820859,-0.4520597459973981,-0.14577105669057253,-0.3906829218027487,-0.5620680216906887,-0.15706709627221532,-0.4204179386117444,-0.6567999149889872,-0.16347687430974897
thank_you,0.0,0.0,0.0,0.08947969036426666,-0.2161207895685272,-0.045017977743570727,0.12290693815323106,-0.43223525911444494,-0.0891487358108365,0.14250192517611796,-0.6173553654723228,-0.1266032154428621,0.2070818608220826,-0.7250840400955199,-0.16807809035503,-0.06466420261409099,-0.4952609553540639,-0.11083841532735153,-0.15324563950850317,-0.7348993593117593,-0.16064274580684354,-0.21016870571122617,-0.8810126102276764,-0.1927499191297364,-0.25563737914172147,-1.0,-0.2138086395941641,-0.1637807120688448,-0.4252492033530475,-0.11494827336343855,-0.2540566442559745,-0.6878746639044386,-0.15691720388921257,-0.31708606768841446,-0.860245015932939,-0.18288620717627252,-0.36545182327790726,-0.9991766144902886,-0.20210284361486525,-0.23965590555876778,-0.3413701873838088,-0.11755284178367921,-0.3245808042439438,-0.5813779075345041,-0.1485044232802087,-0.37604410014545775,-0.7356449599278156,-0.16982177851603955,-0.4123273499464581,-0.8590391880294235,-0.1861944959345404,-0.29375959347021746,-0.25237130489344767,-0.12274432509946773,-0.354918695339907,-0.4361614516216854,-0.1496402346511934,-0.3924385628981614,-0.5463782705306744,-0.16025417582701576,-0.42283851985718696,-0.6424781035524361,-0.16633278167540264
thank_you,0.0,0.0,0.0,0.0937054585983931,-0.21691079284122408,-0.041759417582536554,0.12470753640311594,-0.438550680307177,-0.08191075023928442,0.14119837065710392,-0.6253879494492605,-0.11509938789519103,0.1979188400386797,-0.7304640832307624,-0.15225999778633634,-0.06641596845945529,-0.49336778479174637,-0.10645278767201881,-0.1567386625921693,-0.7359915943132291,-0.15156676846213837,-0.21377217898145057,-0.8824969424167782,-0.18008840274668184,-0.2590877692924991,-0.9994859644347979,-0.1991107929371372,-0.16458210260416997,-0.4248067439641947,-0.10990236169517614,-0.25532884350304486,-0.6907185145479721,-0.14828985281234514,-0.3176658355122024,-0.863364102173201,-0.17300331178144324,-0.36498186461026383,-1.0,-0.19199453164354294,-0.24073143873114652,-0.34482502512764157,-0.11140017639252142,-0.32481819412269713,-0.5907464151475662,-0.13975835477817286,-0.3760608294963901,-0.7474505481010083,-0.1627774793931959,-0.41267649816691593,-0.8711220324666556,-0.18117578097473477,-0.29500804035667816,-0.2607631082733829,-0.11483810480639106,-0.35803652095647753,-0.446207953446229,-0.1412703091182634,-0.3958175649340443,-0.5563179222017922,-0.15376139574807782,-0.42595224844140217,-0.6508628419228253,-0.16171449179438532
thank_you,0.0,0.0,0.0,0.09571084941191482,-0.21715059989330054,-0.0443624261021076,0.12837505069699864,-0.4356466690206365,-0.08692716389386851,0.14429550729060972,-0.624382349424789,-0.12215120485753543,0.20405753110987598,-0.7335772474658061,-0.16107460970814555,-0.06666042367192723,-0.4967964744901231,-0.10885335955992909,-0.15694855974603367,-0.7377573205810052,-0.15448309787403514,-0.21419561882810678,-0.8816923523259774,-0.1832005490888853,-0.25866621424088326,-0.9978960233052853,-0.20220856155169586,-0.16832239961912265,-0.42801190192506733,-0.11110111441884588,-0.2592168496569332,-0.6930214525590074,-0.14970292235622876,-0.32150121828598305,-0.8645522157355939,-0.17371082124792225,-0.3671523793108029,-1.0,-0.1918046477187994,-0.24581037379083662,-0.34592975056502656,-0.11155812541400603,-0.32979986391146143,-0.5884204037030908,-0.13998153198663307,-0.38168767828000355,-0.7425804440212473,-0.16168975925875653,-0.41780706555029673,-0.8647144133309695,-0.17886744196844365,-0.2996454613127575,-0.2589375549097901,-0.11417014835586368,-0.36153721007999834,-0.44451144821460464,-0.13992702195047235,-0.3986855434710056,-0.5527566129140447,-0.15080855973127796,-0.4281717214970526,-0.6471428212967902,-0.15728674645072255
thank_you,0.0,0.0,0.0,0.09737870243656899,-0.21636511045045329,-0.0444988149236168,0.12926297982896304,-0.4365681644199057,-0.08708159234255514,0.1449749041783986,-0.6276513155480051,-0.12216233654279213,0.2080803433323371,-0.7309582422307164,-0.16134782917200055,-0.062415451528164474,-0.492278233946277,-0.11454775124321527,-0.15370985913831345,-0.7345810459366922,-0.16256037673870863,-0.21079621720961206,-0.8816085445078886,-0.19187478407686057,-0.25414549677798226,-1.0,-0.21130659540661798,-0.1650316532437775,-0.4247156484146834,-0.11706923327306022,-0.2545588994803874,-0.6908119733744409,-0.15827695616970397,-0.3169264238224823,-0.8626780433517374,-0.18280454363149332,-0.362972652174141,-0.9981489455691357,-0.2011761605456445,-0.2426355987080469,-0.34393302450201607,-0.11751721933173817,-0.32585349716074435,-0.5889700619759961,-0.14832807112809826,-0.38017031929173284,-0.7447684813783629,-0.17179039495267787,-0.4187867687540308,-0.8684383176296017,-0.1901248887793286,-0.29563692198994335,-0.2579837680042366,-0.11997375387994784,-0.3587228625621988,-0.4437228330685459,-0.1483063502815911,-0.3974838309240296,-0.5538657330942381,-0.16164512109755594,-0.42806563583072477,-0.6500063575207504,-0.17002328478339743
thank_you,0.0,0.0,0.0,0.09697564627575134,-0.21650656601300397,-0.04376677721595773,0.12347559519443847,-0.435691541404116,-0.08522945762163564,0.1378351917702581,-0.6263882014634027,-0.11978350683164006,0.19645581498818007,-0.7341221712812278,-0.15850918310046022,-0.06401759463845359,-0.49563121202598204,-0.10997226199704557,-0.1561217351067211,-0.7324197306954328,-0.15908617526761445,-0.21233182226552666,-0.8794500444998379,-0.19036424064424726,-0.2552206963670096,-0.9995790446483056,-0.21125244996008632,-0.16485477768943113,-0.4290433611536249,-0.11365644097301339,-0.2519693019928836,-0.6900319553683707,-0.15625978389279532,-0.3145490102934917,-0.861665976137984,-0.18286394961838393,-0.36136475020266573,-1.0,-0.2026198295146411,-0.24195558370559547,-0.3479427507197932,-0.11581903837762936,-0.3225976766178893,-0.5923345325703679,-0.14774894704488958,-0.37501390366954873,-0.7492791544366995,-0.1718821959281031,-0.4116229334532732,-0.8755779028878671,-0.1906243829562992,-0.2959404361129825,-0.2608780124819738,-0.12012958070250424,-0.3563555434234064,-0.44622481573893774,-0.14981343959049886,-0.3929937972228928,-0.559511348551517,-0.16388556211376354,-0.4209747804029741,-0.659865161524616,-0.17262238924699122
thank_you,0.0,0.0,0.0,0.09631124382446635,-0.21388296020771233,-0.04268776598568436,0.1271937220669115,-0.4346536098972158,-0.08427983460938977,0.143163894221154,-0.6258027163051549,-0.11912627406470597,0.20282702297281544,-0.7374689434742533,-0.1579805402818833,-0.05660626283226461,-0.49279275186322985,-0.10982701009244233,-0.14701694865380358,-0.7336492757667508,-0.15719089977041484,-0.20313841683544612,-0.8812949134313744,-0.18637405029054446,-0.24623833465398176,-1.0,-0.20567535667348807,-0.15768881729021697,-0.42617613025382156,-0.11355766337445443,-0.24595919576310332,-0.6887246481176597,-0.1540529619091733,-0.3093386793052263,-0.8586013177166455,-0.1789433819077085,-0.356949038599743,-0.993306487064948,-0.19759324295264347,-0.23605651523752352,-0.34698200980971505,-0.1153298679314433,-0.3163327536061301,-0.5902640429173822,-0.14465066795821735,-0.3698529674493172,-0.7442871109617916,-0.16613463149764998,-0.407700094404401,-0.8673636758574205,-0.183556509794387,-0.29217854929586345,-0.26171490064902825,-0.11918141672788016,-0.35151920916953067,-0.44347966958621315,-0.14579154611477863,-0.38812431761333255,-0.5525677625219216,-0.1569966120693245,-0.41666657235388377,-0.649065907335589,-0.16392638863048534
thank_you,0.0,0.0,0.0,0.09580955188297259,-0.21551646507770947,-0.04284383796422715,0.12761990061999132,-0.43425549213835457,-0.0845515957918605,0.14225529130522102,-0.6238795454692693,-0.11973992443098927,0.2015546752009951,-0.7323265222827601,-0.1589574323833335,-0.06320024359115557,-0.49410408986958804,-0.10678951766291267,-0.15165193350479733,-0.7301183295866077,-0.1539308442629373,-0.20703928231307941,-0.8747704995562235,-0.18389177695468434,-0.24943248443543214,-0.992341455198015,-0.20415110273841944,-0.16285380643573016,-0.4264928056388761,-0.1112820860271592,-0.25097096341597724,-0.688230206598988,-0.15370664808135823,-0.3123475935655655,-0.8607737258433372,-0.18078418789166809,-0.35781240889626,-1.0,-0.20085132527448843,-0.23984310721250088,-0.3447320173364344,-0.11392113867783263,-0.3217606749288986,-0.5891637567457259,-0.14649819624567859,-0.37178245884540384,-0.7455828047966726,-0.17029553577352638,-0.4054349656964051,-0.870903651923787,-0.18854268361910514,-0.2946097358720369,-0.25675269019221675,-0.11847870449927253,-0.3533259748505089,-0.44210223702196855,-0.14809106415902235,-0.3871342083611368,-0.5539199712355125,-0.16144284363776318,-0.4122733338948023,-0.6527711733189943,-0.16953366556355856
thank_you,0.0,0.0,0.0,0.09464619010804959,-0.21453991119557003,-0.04206363188600648,0.12292014793642746,-0.4396185350784594,-0.08284339367846007,0.13651641127410521,-0.6327486574030623,-0.11661305589813219,0.19819781901170802,-0.7394258900359004,-0.15439193846335267,-0.06533901882941609,-0.5019306432693086,-0.10703791110795015,-0.15563537547399292,-0.7383900963741256,-0.15243946418564258,-0.21217643744390055,-0.8826032786102723,-0.1814633262236678,-0.2556203457418931,-0.9997910028669376,-0.20110825041544073,-0.16510878333028545,-0.4345119739553449,-0.11057764886492712,-0.2520862622765658,-0.6962494367882043,-0.14947228141216676,-0.31383983530509874,-0.8652166845507577,-0.17373722551349682,-0.3599009650313609,-1.0,-0.1921325814875412,-0.24152706916031208,-0.3529579383593919,-0.11208669968251551,-0.3227285833574422,-0.596802924411736,-0.14097728774819868,-0.37509712077421825,-0.7495886981575032,-0.16277808953280198,-0.4110654306163383,-0.869986366807385,-0.18015925103759423,-0.29537801872653013,-0.2647187359801788,-0.11552941745478669,-0.35432649867554517,-0.4524059021048398,-0.14163640076501102,-0.38791803055034946,-0.5619223349882165,-0.15265082987224815,-0.412567274983785,-0.6571326238396709,-0.15941643676541223
thank_you,0.0,0.0,0.0,0.0947174246859561,-0.21680183008247825,-0.040921266665126514,0.12590258733142287,-0.43927981747963724,-0.0807369993850086,0.1407753777257367,-0.6286363484629053,-0.11352813034105787,0.1968824787641615,-0.7375830046528826,-0.14963784252739915,-0.05974377047833277,-0.4966144950646576,-0.10394928386500019,-0.1511677303844534,-0.7366524923222301,-0.14844567375640724,-0.2074312274674144,-0.88205860526505,-0.1763970532834669,-0.25055721607658255,-1.0,-0.1946590197875908,-0.1600177885454863,-0.4305956241847184,-0.10668490064477915,-0.24655655871568113,-0.6957540841113816,-0.14307682183016004,-0.30766014826569704,-0.8651760173687075,-0.16550716620959596,-0.3525263136946764,-0.9988046816421697,-0.18264469009028494,-0.23739860336486612,-0.35178806658860506,-0.10743712028099664,-0.315350436271942,-0.5998233663554474,-0.13273987782652402,-0.3677211242668885,-0.7539891021888063,-0.15224065507233592,-0.40511526605141795,-0.8743267507369632,-0.16857983893374062,-0.2920230313838474,-0.26743177954785896,-0.11032144971831112,-0.3464576015057673,-0.4566214024897544,-0.13278397204226167,-0.3814369530551875,-0.566140200186937,-0.1415138644379313,-0.4109048887365318,-0.658910257397878,-0.14689342897164157
thank_you,0.0,0.0,0.0,0.094514103129309,-0.2182038444173984,-0.037562765274556084,0.12472040067044328,-0.43897468692193287,-0.07746604234275475,0.1374143348829145,-0.6283676771192491,-0.11061924584699666,0.19940026175016837,-0.7394931208150572,-0.14795899544244515,-0.05980574772745879,-0.48885744298361095,-0.10794652595972583,-0.15189165724013287,-0.7331378704756457,-0.1517517210427343,-0.20817091896762285,-0.8795228664683301,-0.17805948071123767,-0.2519800546178703,-0.9976551212335616,-0.19519944033087805,-0.16053629672567812,-0.4230694316688753,-0.11192393549194189,-0.24700577204638804,-0.6943067167049009,-0.14763913598076525,-0.3068232610558243,-0.8658518324200599,-0.16839405336637098,-0.3514005660584629,-1.0,-0.18441517335921684,-0.23779915942071408,-0.34495017916713777,-0.11296970373286785,-0.31790461865039915,-0.5962818094248397,-0.13792765828252615,-0.370514488500701,-0.752174187869197,-0.15727503922874161,-0.40792478631268897,-0.8723347893059117,-0.17358347884614309,-0.2923523722777717,-0.2607326978136607,-0.1154124533223653,-0.35130068474191456,-0.4531259876549266,-0.1382064835720895,-0.38559704981793774,-0.5621872174754025,-0.14690945752622675,-0.4132194611266259,-0.6532778522911342,-0.15219848285345872
thank_you,0.0,0.0,0.0,0.09190391052908961,-0.21581737238243173,-0.040825988566377126,0.12238303668809994,-0.4412297862324972,-0.08176708742277672,0.13646998167909918,-0.6323800022939439,-0.11537395044480424,0.19501604389531033,-0.744738245997576,-0.15276888595868557,-0.057442000886927115,-0.49058700604991407,-0.11355086393198452,-0.15317544266906666,-0.7328190941309074,-0.16035735161510278,-0.21016551079532905,-0.8801290093404814,-0.18801469084020467,-0.25384876844088117,-1.0,-0.2059237061204199,-0.1593158562339216,-0.4253444666507822,-0.11709692897126307,-0.2488359686533049,-0.6907263526566113,-0.1560999643333279,-0.3125030751269856,-0.8621660734729908,-0.17822304289316349,-0.3598121192186201,-0.9974010034956027,-0.19516445182318706,-0.2377210683583992,-0.3482272991907798,-0.11813616057426042,-0.31732269644556454,-0.5967217573481621,-0.14565407051711993,-0.37107801328971074,-0.7518981901879533,-0.1653556327703536,-0.409254595671415,-0.8732879911068537,-0.18162032219825655,-0.2936155443575675,-0.26552900814672725,-0.12102406777955114,-0.35220129083546825,-0.45706380664666213,-0.14545419734543918,-0.38864555840353765,-0.5675381771469952,-0.15522383544917032,-0.4181475806070434,-0.6612367519496507,-0.1612767944190314
thank_you,0.0,0.0,0.0,0.09789696336334613,-0.2120808318137872,-0.04083125269894269,0.13194756376063382,-0.43099342786790024,-0.08150046594999344,0.1434059303696914,-0.6176236276004775,-0.11601020512970582,0.20028166746093784,-0.731286112989039,-0.15453893025603405,-0.05705681135875131,-0.4960008827166812,-0.10567488402684455,-0.14681097411110625,-0.7312991516401646,-0.15248477226278678,-0.2034560085690015,-0.8757848453061834,-0.1819111641061978,-0.2472979025373867,-0.9933750613631519,-0.201618168502179,-0.15815655638792855,-0.42974954055053094,-0.11077143809063354,-0.24604733291131567,-0.6924364740618854,-0.15068904440942466,-0.3083583947073507,-0.8634396874374552,-0.1753767218573173,-0.35488788063897214,-1.0,-0.19395341781096753,-0.23573522671932542,-0.3483870536625245,-0.11387411754973814,-0.3170579457213992,-0.5917021372304992,-0.14415664963622873,-0.36928735948408664,-0.7449201415215193,-0.16489019314718545,-0.40539138445049583,-0.8663598563401419,-0.1813665152012163,-0.2918526032644871,-0.2576545031263426,-0.11886026072325456,-0.35011125229072804,-0.441955999767912,-0.14642205415060092,-0.38546221366307215,-0.5505559028907342,-0.1569314819917719,-0.4131396028818027,-0.6452365569877065,-0.1630082268403638
thank_you,0.0,0.0,0.0,0.0969219846389253,-0.2102930282807871,-0.04450647187620145,0.12737938847342598,-0.4364257471365679,-0.08497048078001229,0.14094038785709054,-0.6301757430859933,-0.1185674849103021,0.20325102349916493,-0.7425777272842162,-0.15609769814550567,-0.05900131627468987,-0.4991940976972646,-0.10595426932770959,-0.14863048455888594,-0.7323456520485213,-0.15351636828032825,-0.2047653712821397,-0.8776476985283777,-0.1844216846431586,-0.2487507218123761,-0.9967705579617768,-0.20549451494482596,-0.15841877885224218,-0.4329427391345769,-0.10934726343785021,-0.24495047281546037,-0.6902909673484809,-0.15121126734325213,-0.30763254613928404,-0.8613232351970945,-0.1780638624005143,-0.35668743369209543,-1.0,-0.19821709077320085,-0.23526684536721212,-0.3539191090550755,-0.11142157276629089,-0.31559022379262097,-0.5953459871120441,-0.1434481792889472,-0.368082023809601,-0.7490996382998993,-0.16714358443064928,-0.40592872868344665,-0.8719054420926629,-0.18522157184275992,-0.291476910753206,-0.26928834970521537,-0.11579957545716854,-0.3520453132908747,-0.4532905571062955,-0.1448833383404258,-0.3876396557076483,-0.5647646356978103,-0.15836040982042796,-0.41487936416997895,-0.6617535358274935,-0.16663726261801395
thank_you,0.0,0.0,0.0,0.09778949869743263,-0.21110435651810935,-0.04196587673296636,0.12826194603225974,-0.4347158867541459,-0.0812051748133175,0.13873755846893948,-0.6264060527632521,-0.11376139181684723,0.19802166555952894,-0.7386194421807649,-0.15011888966614917,-0.05914415581112862,-0.4966616598448517,-0.10350880648422725,-0.14755084451040296,-0.7318820191276467,-0.1492794350841459,-0.2033102527108676,-0.8765004469855968,-0.17849144013405457,-0.2469002978338166,-0.9936484148492843,-0.19828652813571065,-0.15841691129793958,-0.4308317528071651,-0.10720013284170203,-0.24544668350293516,-0.6898650490631282,-0.14761853614338596,-0.30820235983126154,-0.8616163692459007,-0.17341788229230418,-0.3569499497617022,-1.0,-0.19280554847027523,-0.23516479992069428,-0.352637053040725,-0.10928207010432951,-0.3160544527103169,-0.5940463689041215,-0.14020265714811303,-0.36684939703513864,-0.7473323812110871,-0.1633223371974588,-0.40265392332516464,-0.8695932682138734,-0.18109720256319412,-0.2913132046461881,-0.2688906285610433,-0.11334032312360828,-0.35162426904208044,-0.4521304261694638,-0.1418143342196066,-0.3868953930598096,-0.5622489198725471,-0.155189248390111,-0.41339453610119387,-0.6590083836323739,-0.1633333113863286
thank_you,0.0,0.0,0.0,0.09893051865213823,-0.21137833248015342,-0.04211031286537205,0.13190340378161844,-0.434570362967116,-0.08258057243520686,0.143536065134193,-0.6256265997123565,-0.11642957685549142,0.2017113976712251,-0.7408731687102357,-0.15428671390868923,-0.05186407624990859,-0.4943291974420853,-0.10969820055439203,-0.1435373652178859,-0.7325410948329799,-0.15749209056731162,-0.20069814494308072,-0.8793272066889306,-0.18659574380248864,-0.24473441727811227,-0.9977578431611535,-0.2059964255338751,-0.1537608983578318,-0.42842551739268214,-0.11422242070731438,-0.24293453266054002,-0.690844648124223,-0.15582054858679661,-0.30655721587077167,-0.8629585029536276,-0.18127151511776704,-0.35498313953960786,-1.0,-0.2003742136039821,-0.23206363909676686,-0.3493807538860314,-0.1167821839295718,-0.3132523218682203,-0.5915980466242514,-0.1480188174441043,-0.3660327133559223,-0.7463218194671282,-0.170493943186574,-0.4026940984325866,-0.8695548025904167,-0.18817619866927068,-0.2890386693643403,-0.2637080012025774,-0.1212825658291566,-0.3487431440899008,-0.44667072942820696,-0.14993224608982336,-0.3840382224605709,-0.5579629313637066,-0.1626800542299724,-0.4110500613476993,-0.6556270059885105,-0.17051435856331384
thank_you,0.0,0.0,0.0,0.09519458704420405,-0.21355962100554143,-0.043340607603333026,0.12482913913807746,-0.4372354603904568,-0.0846941165338056,0.13566123093210486,-0.6267621422061294,-0.11939965323849284,0.19433967517565695,-0.7397957861643621,-0.15815519389432495,-0.06013143551771827,-0.4917488668422338,-0.11085321022647476,-0.14802606113990288,-0.7293081118854783,-0.16068270947398686,-0.20300113191045982,-0.8765263208210528,-0.19174739896952625,-0.24519123138757287,-0.9965237972385118,-0.2124755595595038,-0.16019188561990888,-0.4257140507378501,-0.11566222025304802,-0.2469826048232293,-0.685783072651656,-0.15970519341954378,-0.30895989290224707,-0.8594782975925055,-0.18673089348435545,-0.3567631126909968,-1.0,-0.20669715102915104,-0.2373589517733398,-0.3454898767806104,-0.11885286025643425,-0.3162432772195657,-0.5888644667185653,-0.15273148309817167,-0.36743297417882576,-0.7462582819134614,-0.17715322982930343,-0.4042755089050436,-0.8733534951698663,-0.19567329593171548,-0.2934021996691339,-0.25824666699606286,-0.1240432040446632,-0.3500532479134978,-0.44574707941189584,-0.15526636180929052,-0.38678626108875525,-0.560251096462816,-0.17030795183367173,-0.41675581554607316,-0.6605358203067602,-0.1795611749941724
thank_you,0.0,0.0,0.0,0.09654935835466924,-0.21018152564485332,-0.04044199115508511,0.12979930003491186,-0.4315178848855989,-0.07875058679132727,0.14224084827807115,-0.6192187040501912,-0.1100553165636514,0.20032636664231476,-0.7297600041983825,-0.1448475218280775,-0.05729272166227788,-0.4965824142171569,-0.10169279135175628,-0.14473083791971425,-0.7331095902641045,-0.14370055659945286,-0.1983702947795737,-0.876417954101311,-0.16977162814379523,-0.23886596631758011,-0.9919496334895247,-0.18699221650614764,-0.15657262865786478,-0.43176492385791676,-0.10436592023154015,-0.24273387022709986,-0.6921907204866028,-0.1399468922146967,-0.3031895387315189,-0.8637109669623775,-0.1625577381535776,-0.3470951960839843,-1.0,-0.17974830664081268,-0.23305495049140595,-0.3538023681821484,-0.105131157048155,-0.3120403819120112,-0.5928370537978562,-0.13139262780043667,-0.3617836149801617,-0.7434351473097872,-0.1526950991821557,-0.3945016388731823,-0.8626853712288557,-0.16973674828889543,-0.28801480185842426,-0.26905600072703695,-0.10769461638416415,-0.3473325550965708,-0.4493987705011147,-0.13208104493662137,-0.3824936088265873,-0.5548744917221144,-0.1431893787259528,-0.40803446257663567,-0.6484166625866836,-0.14997579049447984
thank_you,0.0,0.0,0.0,0.09954871875745244,-0.2082108889589792,-0.04369923998895134,0.13279717441976752,-0.42650933526167195,-0.08400650765555902,0.14205951437663633,-0.6145489559533609,-0.11692366534179628,0.19734843822521048,-0.7266281896438984,-0.1533981255928906,-0.05902684288399453,-0.49010219938303423,-0.10891916486996873,-0.14936370594887338,-0.7278559990050594,-0.15495926131574833,-0.20375881791816355,-0.8731867334405202,-0.1822919929247315,-0.24417988553053674,-0.9908809391932262,-0.20027094194812542,-0.15970464621909722,-0.4273185258979468,-0.11157058040065933,-0.2471280062978719,-0.6882976513758645,-0.15213722099180282,-0.30653780838673444,-0.861277896162042,-0.17630239556799143,-0.34918827713713513,-1.0,-0.1941132640447834,-0.235591310167627,-0.34970417823798056,-0.11240211833726006,-0.31705736679206,-0.5901674603113549,-0.14343293248977831,-0.3666398058327115,-0.7437702417859698,-0.1655588633234514,-0.39858160052106173,-0.8661699015060017,-0.18257999363247282,-0.2891821196595662,-0.2637080002974565,-0.1151284789603032,-0.35197412705494996,-0.4442408512897047,-0.1439014945761279,-0.3873445244927213,-0.5543773222761575,-0.15691365343071526,-0.4124050735563744,-0.6528669933559503,-0.16463469076855658
thank_you,0.0,0.0,0.0,0.09230153471577165,-0.2130415967891755,-0.042355090152262194,0.12139646137214559,-0.43514454733651836,-0.08203037380996446,0.13037412065319734,-0.623597245690844,-0.11509211948971261,0.1825458972269864,-0.7404136536126531,-0.15174086898643616,-0.06751845875352294,-0.4965896085698072,-0.10274798658351701,-0.15243831495119406,-0.7338769247352053,-0.14872756069275733,-0.2053814122174915,-0.8788848979022487,-0.17848716891383756,-0.24640668541338415,-0.9966056183088009,-0.19830038994651328,-0.16690668065801612,-0.4323030564335374,-0.10672837821977574,-0.24902427773885422,-0.6932449997305291,-0.14621369483217836,-0.3085861339809088,-0.8641638636414072,-0.17207421830308978,-0.35344209388364567,-1.0,-0.19136008883661038,-0.2426895727460348,-0.3522305846249441,-0.10926203829972933,-0.31965639295825105,-0.596234541091135,-0.13930901935434314,-0.369944489004004,-0.7480915123021371,-0.1621961201808261,-0.40513944324151246,-0.8675560261608646,-0.18009214524795605,-0.2966913734453909,-0.26311673160385884,-0.11368597698084386,-0.3547457780257614,-0.4478613524900692,-0.142039888508807,-0.3905860357033031,-0.5567015816354027,-0.15450955322365928,-0.41852033553876733,-0.6520703287227398,-0.1618326416449722
thank_you,0.0,0.0,0.0,0.09426012356332998,-0.21742887374184564,-0.03744552058120842,0.12994528514849135,-0.4359657480985875,-0.07667628664128019,0.14184333432927693,-0.6259896988837836,-0.11019942291364199,0.19304467657454027,-0.7390266218609725,-0.14792058577352554,-0.06076930063257929,-0.4945169614755969,-0.10041287309437205,-0.1485807162000441,-0.7359497338391572,-0.1449053759177277,-0.2008391118921762,-0.8813353004021537,-0.1732806017300181,-0.24008672411474682,-0.9991707245216823,-0.19169120333022455,-0.16017645210661324,-0.4279603834821419,-0.1061467461895497,-0.2454855995222038,-0.6938607940441076,-0.1425802494644497,-0.30500296376123925,-0.8647640720891997,-0.16591595792533817,-0.3480909494401909,-1.0,-0.18378147497250127,-0.2365200211940219,-0.34641025451760976,-0.10986044372479792,-0.3159688001147635,-0.5938249464934388,-0.1361385818055836,-0.3686788203877248,-0.7485801385313673,-0.1564353017226047,-0.40462513635387726,-0.8700248686365383,-0.1734207666159141,-0.2915989644326186,-0.25594364906242767,-0.11519187430843905,-0.35168148119383574,-0.4423245965224987,-0.13914121533289595,-0.38831915424170876,-0.5513430315346122,-0.14804587769678676,-0.41673259043001976,-0.645522923337269,-0.15342066351810166
thank_you,0.0,0.0,0.0,0.09219507382386846,-0.2144959142426413,-0.04618526403500206,0.12447411560956312,-0.43284394871809706,-0.08960341073822796,0.13400969192357912,-0.6215578293664834,-0.12584928231879436,0.18853825108952993,-0.7355798169660404,-0.16578783366577507,-0.06685203378386413,-0.48801187660746037,-0.11224354520973082,-0.1544827476497294,-0.7267920722777499,-0.16286804246409287,-0.20894606838851124,-0.8750304901269835,-0.19485370214189218,-0.2514224708781124,-0.9966509869481367,-0.21576565099367978,-0.16648123527515674,-0.4215834105428512,-0.1156993942203724,-0.25019675973908484,-0.6842897190344841,-0.1601919212067459,-0.3102218170798059,-0.8591822122125693,-0.18713516064173616,-0.3562182022924719,-1.0,-0.2068134243226039,-0.24259929497506638,-0.3415432519524126,-0.11775818079205448,-0.3215251780157427,-0.5844217384723217,-0.15162770048297217,-0.3713205768105351,-0.7402724845203352,-0.1744451416711728,-0.4059245008215864,-0.8643847357506259,-0.19163904248883848,-0.29667102446505295,-0.25411267222703743,-0.12218577706453,-0.3552698348118032,-0.44026506083724365,-0.1523932477160755,-0.3902766784192247,-0.5521390009136593,-0.16504393884168903,-0.417827380407197,-0.6492586118741007,-0.17240750536544178
thank_you,0.0,0.0,0.0,0.098259343319037,-0.21224646621052298,-0.04299698137347586,0.1287822962740757,-0.4328982399000095,-0.08411118771407683,0.13785947099783738,-0.6228332681752903,-0.11765953524898069,0.19092128774928957,-0.7371735417878204,-0.15526433132405879,-0.05659876936983657,-0.4825558758914653,-0.1151061494304566,-0.14893687218650586,-0.727590264443424,-0.16282068569070737,-0.20521876686174573,-0.8769835899428441,-0.1906447683436717,-0.24804137485019123,-0.996286391941565,-0.20815637947491836,-0.1568889295336985,-0.4162263226855855,-0.11764137721587486,-0.24458193921547366,-0.6868064011731331,-0.15698629143708623,-0.30638555762498854,-0.8621315600949615,-0.17951429444743586,-0.3509744797753545,-1.0,-0.1964888522202512,-0.23371506710744575,-0.337387226001887,-0.11790175580305737,-0.31421140963513683,-0.5865955197425667,-0.14667713320586365,-0.36818260951315973,-0.7418907064984377,-0.16741416756943078,-0.40432634457932864,-0.863305365824908,-0.1842647922618253,-0.28925398391650714,-0.2501131924136498,-0.11993620625649168,-0.3503938231136106,-0.43503940633521965,-0.14684990478877805,-0.38776822037501885,-0.5447672592605168,-0.15813382107171697,-0.41633995553664255,-0.6399312084817674,-0.16503554531209458
thank_you,0.0,0.0,0.0,0.09361105275986897,-0.2130813280015305,-0.04307000626135381,0.12210275489543969,-0.43052395672481203,-0.08671416761311392,0.1307671993066919,-0.6238393620141782,-0.12310479838809928,0.18762793355352497,-0.7413524783317386,-0.16369695694514386,-0.06246796199008915,-0.48398202788804484,-0.11627573668348805,-0.1526880307425064,-0.729184787772913,-0.16536044073252046,-0.2078100921836631,-0.8755226585200211,-0.1942185142951281,-0.25047471074821404,-0.9936653326566355,-0.21288171770522765,-0.16181367948737913,-0.41439682100314207,-0.12029812571081328,-0.24766362862381075,-0.6854853395020042,-0.163682397824707,-0.3087550486183256,-0.8613965378451326,-0.18877735586424932,-0.3545986004812097,-1.0,-0.20714937686561172,-0.23845551130041984,-0.3322339641517511,-0.12213037016229872,-0.31938833102982755,-0.5819300698233965,-0.155399052791111,-0.3702823285567236,-0.7392353081194526,-0.17877557778449285,-0.40471192724459926,-0.8619544322173434,-0.19666029529227014,-0.2930311985465191,-0.2447649931530423,-0.12543107967809217,-0.35248858072370864,-0.4356573476643278,-0.15608193115424793,-0.3889291256455669,-0.5485409417562089,-0.1699757315669404,-0.4173889685325964,-0.6468363368951072,-0.1783106591868591
thank_you,0.0,0.0,0.0,0.09259387525572023,-0.21435933136270066,-0.03787252047872544,0.12405356123952464,-0.43252433311189176,-0.0780609035423005,0.1319029263719313,-0.6274392498009665,-0.1118155730507562,0.18533379637176015,-0.7430677404849843,-0.1499402710213586,-0.06536600004382975,-0.49245192443814334,-0.10599951261304412,-0.15784782149324775,-0.7388970354289981,-0.1493975278929923,-0.21117559559277424,-0.8845730622009799,-0.17535400030800055,-0.250619335224198,-1.0,-0.19189815294687967,-0.16284161414427764,-0.42212196476951547,-0.11077731575378194,-0.25418810098951267,-0.6926265716126199,-0.1461572153484527,-0.3158697622843684,-0.8634018511832674,-0.1679442724059949,-0.3595778650782593,-0.9949183078963462,-0.18481956763698174,-0.2379976456703481,-0.33841817136826097,-0.11308434646228352,-0.32199097139052774,-0.5865740824424882,-0.1384820594928855,-0.3765462185559504,-0.7411110778744361,-0.15921783229863443,-0.4124938154457014,-0.8601430929505919,-0.17683329450818833,-0.29308884755099646,-0.24582829517771926,-0.11662463888352713,-0.35901335703765885,-0.4312398333765499,-0.14118393790178863,-0.3986744858521872,-0.540030242530506,-0.15193733418787278,-0.42879224552468614,-0.6347994492807362,-0.1587124404390355
thank_you,0.0,0.0,0.0,0.09298986770231996,-0.2150558966495128,-0.039534258499744415,0.12269351586764914,-0.43506338318465615,-0.07967355868544297,0.12947263553582145,-0.6285804449855101,-0.11290916430107674,0.18409552322075773,-0.7452092623501957,-0.15044480574922292,-0.06663143653744406,-0.4904903330234377,-0.10948088409767609,-0.15800864215556168,-0.7362776444131452,-0.15460449392595865,-0.21280507988954575,-0.8826188670557266,-0.1819567877082973,-0.2551849669355313,-1.0,-0.19996178929333466,-0.16463180560993368,-0.4208931012900182,-0.11364343823852453,-0.25364268019231895,-0.6892264746937757,-0.15101442606788948,-0.3149812382843766,-0.8587124274095076,-0.17377740574072056,-0.360521089594974,-0.9898599005287545,-0.19164143771596373,-0.23932273128290585,-0.33743861463116076,-0.11529157657988601,-0.3212971863078883,-0.5854898784496854,-0.1428874275554841,-0.3747219417734809,-0.7391545947216265,-0.16398075425357975,-0.41258952754422384,-0.8573523682177955,-0.18163283425091759,-0.2931342326834866,-0.24517128832570217,-0.118351769468824,-0.3579877365395617,-0.4325851203282994,-0.14523296044887068,-0.3971218396177823,-0.5428104185438068,-0.15712639307618437,-0.42849960887550875,-0.6374827664005195,-0.16467696460515555
thank_you,0.0,0.0,0.0,0.0929546837026716,-0.21195883050715805,-0.03576292204388096,0.12164093013978564,-0.43192997900226726,-0.07354571537843535,0.12798691869060325,-0.6248513233302423,-0.1059415416195599,0.18237309221581538,-0.7449822323188637,-0.14265691757614904,-0.06504486431385936,-0.4962839223342804,-0.0980214423238422,-0.15528437080161217,-0.7389042693258894,-0.14115089203556688,-0.21114356612399882,-0.8838055665568033,-0.16788872891748188,-0.2547404723067427,-1.0,-0.18553702120950158,-0.1639754631152401,-0.4274269258763093,-0.10457333467697874,-0.2515639618940217,-0.6941214659223963,-0.14027994881894695,-0.31420195030547243,-0.8623184514419839,-0.16310326603558542,-0.36091974800163534,-0.9935593953905997,-0.18071495853467362,-0.24221239515118273,-0.34329726735397564,-0.108981771744354,-0.32389482210422915,-0.5890749458275117,-0.13510117800940746,-0.3755712524449141,-0.7414571448389657,-0.15422921471340592,-0.4099941568190848,-0.8602277881610378,-0.17050533441934176,-0.3018276242451093,-0.24940249639356188,-0.11475643792707232,-0.3639557727462918,-0.43270672569941565,-0.1393703380809193,-0.3997314310391177,-0.5428744997895112,-0.14853149400147123,-0.42593864084671146,-0.6404709642175491,-0.15405564538972216
thank_you,0.0,0.0,0.0,0.09137260791829574,-0.2207518530294775,-0.03929876718896772,0.12072532982247026,-0.43620194066790546,-0.08124876664971577,0.12526335467439567,-0.6271604030888351,-0.11684512737811334,0.17932739703483327,-0.748909912169838,-0.15718846310279605,-0.066388066474187,-0.48766175561261416,-0.11103074309199504,-0.15879076545016751,-0.7338301907593786,-0.15805418217729592,-0.2153150749280598,-0.8800270664534158,-0.18631681625130844,-0.25940567245117574,-0.9974826920096442,-0.20445251840528045,-0.1677553697510813,-0.41460310257610644,-0.11710271005941783,-0.2559987984667669,-0.6872188500112644,-0.15660860747851807,-0.3183523815762774,-0.8626473356160335,-0.18032394955598818,-0.3641875190735412,-1.0,-0.19839805715392833,-0.24547076295762518,-0.3273559717959247,-0.12081053656249277,-0.3283582614197585,-0.5783332561071282,-0.14992523864776008,-0.37826367263332306,-0.7361915550748003,-0.17077044218141818,-0.4092900728109966,-0.8590296340915882,-0.18789864194270933,-0.30307221821888675,-0.23251617356403198,-0.125924212870718,-0.37187405630908804,-0.4207553681532977,-0.15321704225779226,-0.40819894642152404,-0.534382864090933,-0.16416038165737715,-0.43204195140501095,-0.6336357405007773,-0.1707501503302741
thank_you,0.0,0.0,0.0,0.08352405316730149,-0.2158536083027568,-0.043184495314665096,0.10561234329195644,-0.4396645556940402,-0.08604106755030931,0.10766475291509571,-0.632582946744698,-0.12159158656622616,0.16095016860527891,-0.7562775274720817,-0.1613576666354782,-0.0666054823708717,-0.4866799333193115,-0.1179221573745142,-0.1622867157264444,-0.7254570566754647,-0.16947752976032102,-0.22159486301562228,-0.8725953541959092,-0.2004195278904657,-0.2672635516141857,-0.9924172872992761,-0.22001105640357496,-0.16442564360532572,-0.4174954423836786,-0.12260255901581778,-0.25292882629131425,-0.6843088494211,-0.16745351747270032,-0.3153182405135736,-0.8605654939295234,-0.19297827526839303,-0.36179250847083155,-1.0,-0.2112681487161354,-0.24315257545109636,-0.33394798481897164,-0.12525511589942553,-0.3273193913858087,-0.578832407663411,-0.15894247910072268,-0.3822601220898192,-0.7331616282720128,-0.1809022498281251,-0.4194726458764884,-0.8534483727078513,-0.19735167947856327,-0.30374203548356293,-0.2427511900355934,-0.12959949865681306,-0.369014637422196,-0.43101787908726596,-0.15933755508075842,-0.4089670359984597,-0.5406339346287096,-0.17145992122788908,-0.4416291208122512,-0.6340491542274895,-0.178241598923748
thank_you,0.0,0.0,0.0,0.08526014284125824,-0.2167904125862133,-0.041031186015106226,0.11017381176590317,-0.4314813639838752,-0.08686109824858239,0.11296524078784448,-0.6208193740942068,-0.12578175642526757,0.1695764076347013,-0.7489198014620844,-0.1701097384202834,-0.06561051791106753,-0.4779211062439182,-0.13067383433588278,-0.16306121481031036,-0.7302547308549807,-0.18454667511669137,-0.22430610043616275,-0.8795826771208358,-0.21389904442334778,-0.27176141464232834,-1.0,-0.23178215682744444,-0.16103517508388107,-0.402567285469555,-0.13714598530046018,-0.25483945592419327,-0.6800763834488079,-0.18311087327265835,-0.3197496037596814,-0.8595390105896521,-0.20656488819378407,-0.367600294502515,-0.9997930064447553,-0.22397425548453054,-0.23652476666894914,-0.31399980023080254,-0.14061409910545405,-0.3248859650831084,-0.5626866946804226,-0.17554646027057333,-0.38264062212399885,-0.7205797452879912,-0.19765018775649054,-0.42220379661988006,-0.8436429106748995,-0.21494480947341257,-0.29410266252135114,-0.21735501185108777,-0.14510294791660744,-0.36514872439828955,-0.40682855719524047,-0.17746544993471608,-0.4091789862906818,-0.5184560353855325,-0.19123603778384887,-0.4460193631634395,-0.6143614264525827,-0.19947838216332994
thank_you,0.0,0.0,0.0,0.08608469898364496,-0.2214829556467354,-0.04561083424911121,0.10037739410482095,-0.44655757063806006,-0.09362236861724615,0.09950319070979496,-0.6392133417415351,-0.1332595523688251,0.16035626440284803,-0.7742694984679211,-0.1788643462138342,-0.07092014041229049,-0.47285371483794125,-0.14944221119355663,-0.17415374919613144,-0.7236396438135954,-0.20919077241996853,-0.23934983852430597,-0.8771312900154943,-0.24046698223970306,-0.2908570944982827,-1.0,-0.2595479260018586,-0.17055452402986862,-0.39269718812727583,-0.15468012898583425,-0.27229423402490405,-0.6730302246776043,-0.2074940784110463,-0.3425819653430769,-0.8568088690149573,-0.23379983588434267,-0.3958321682357947,-0.9977403152607693,-0.25283405874770976,-0.2467417242975583,-0.29992539475844554,-0.15604952320921242,-0.34478213748501946,-0.5448574057109474,-0.19667602589254418,-0.40717739082889814,-0.7030426692842849,-0.2220520647793076,-0.4512578958513948,-0.8248260348503585,-0.2407991764098865,-0.3009569204453851,-0.20093106405482022,-0.15821496666971005,-0.37974941530628126,-0.3873661697793783,-0.19539997596904088,-0.42854373922406647,-0.4992468887508321,-0.21261914261328307,-0.470506906152222,-0.5952535778731696,-0.2230815820135864
thank_you,0.0,0.0,0.0,0.0737327351649681,-0.22862239926019035,-0.04161536184733087,0.07908189425167651,-0.46503711636343764,-0.08503885801134903,0.0773217146537945,-0.665196370708008,-0.12062532088546779,0.1419669431332732,-0.7940278239169507,-0.16178065827011048,-0.09167394829806322,-0.4942300618902849,-0.13281177450275505,-0.1974653321682723,-0.7366816761404631,-0.18533952465672857,-0.2639240859991882,-0.8827392791154215,-0.21484605878235252,-0.3156082152767501,-1.0,-0.2334872334450999,-0.18969719261639506,-0.41049549685083514,-0.13842201116140426,-0.29530367012643943,-0.6789439168033444,-0.18295506541841075,-0.36883683844357507,-0.8541140245141775,-0.20708346488615062,-0.4239700201470408,-0.9907152291610762,-0.22530856186028736,-0.26561265180129034,-0.3135023244932384,-0.14075839205960244,-0.36414448455567516,-0.5495806947014081,-0.17400930876224233,-0.4256685642915346,-0.7032892300833821,-0.19880441501470236,-0.4673643728350835,-0.822701588613514,-0.21805344343117933,-0.32040273203944425,-0.21065877323495405,-0.14408571830288855,-0.40150478008654444,-0.39099996499904516,-0.17470236220870036,-0.45245381255576356,-0.49979383209489314,-0.19040004100063934,-0.4941745669552915,-0.5947162681367887,-0.2004413045166879
thank_you,0.0,0.0,0.0,0.06681073170814,-0.23754214538923749,-0.04155509322551027,0.06893466992115325,-0.47754900382788906,-0.08857930323022697,0.07196422262964224,-0.6797819991903914,-0.1278023987156582,0.1402507762327802,-0.8115722962940584,-0.17306003262026992,-0.10207448598709182,-0.49350913654603845,-0.1394006001085255,-0.2130339626906765,-0.7353072866539799,-0.19337664265599683,-0.2831128815111938,-0.8815602702549961,-0.22359700220412204,-0.33677073207314634,-1.0,-0.24295984144435978,-0.1988221797182381,-0.40338600134699615,-0.14608247844040662,-0.31125602135869934,-0.6730879667604973,-0.19040398799624986,-0.38924921337680796,-0.8467860539048433,-0.21349704260787122,-0.4469102480823939,-0.9805619548819945,-0.2320164948008194,-0.2742735932705098,-0.30179967301258837,-0.14903479319795843,-0.3772088347793387,-0.545079779576039,-0.1807307254245608,-0.44335166621181454,-0.7028961030127671,-0.20373503978428636,-0.48797545623685046,-0.8240901737453232,-0.22317969872534313,-0.3293231455664496,-0.1958093436871423,-0.15314298376409324,-0.41181565430954026,-0.3821475394009402,-0.182396814547916,-0.4640172368881246,-0.49396002674361655,-0.19673418347632102,-0.5071490251148141,-0.5887488019395026,-0.2067793921200088
thank_you,0.0,0.0,0.0,0.07310801423019041,-0.24491831537550143,-0.05026638488904265,0.08491490936140493,-0.48473660545405844,-0.10377924212695444,0.08829548692275158,-0.6888511511350511,-0.14823464746046852,0.15655582489675327,-0.8182004302807061,-0.1982144921083811,-0.09488634134062017,-0.4843597104515776,-0.15307552836180283,-0.214597034875506,-0.7315373795312512,-0.21170609239060256,-0.2885449200680148,-0.8794697537107484,-0.24304636591710985,-0.34685429937157797,-1.0,-0.26221826245431334,-0.19702015643779316,-0.3919363701971285,-0.1564880179177011,-0.3170594310684632,-0.6716451963180926,-0.20621147120963076,-0.39833241797997,-0.8536291809172011,-0.2305542547327739,-0.460079141746488,-0.9962873515743277,-0.2488012268932617,-0.27690188895742623,-0.29082536748425997,-0.15625517280557172,-0.38671908867719007,-0.5369342367852935,-0.19194500659797764,-0.4568249713567553,-0.696037902918982,-0.21618464807311677,-0.5061422252842571,-0.8193035073414648,-0.23517284707181688,-0.33428725510161506,-0.18946465244464492,-0.15779052555680442,-0.42094642833046836,-0.3788357790923779,-0.18807619103007364,-0.4768115737475725,-0.4896725340791408,-0.20218765175567563,-0.5246603330728157,-0.582210804044223,-0.21159618406914868
thank_you,0.0,0.0,0.0,0.06978691238535449,-0.2460645788243151,-0.04757556147738652,0.07640740996692044,-0.48830473553174664,-0.10063862522570548,0.08041438425489053,-0.6910575121900207,-0.1459047122153315,0.14911699178484653,-0.8208001228022646,-0.19843688971108264,-0.10661169104466932,-0.49919273411780823,-0.1560871176108031,-0.23088247615354932,-0.7355571265982488,-0.21894297203140942,-0.3082437747263399,-0.8804061587048031,-0.25347464926693963,-0.3685825420191065,-1.0,-0.27562136953524546,-0.20571389824413555,-0.396675165382482,-0.16427564890061216,-0.3306345476773065,-0.6656255790756683,-0.22029218011581028,-0.41647557806658597,-0.8435466737282046,-0.2491435646073765,-0.48145765309461097,-0.9840050509158492,-0.2707088011699161,-0.2809189712986401,-0.2838134322927146,-0.16882244402448163,-0.39716434098666237,-0.5245499034032984,-0.21224654482508143,-0.4721508559770394,-0.6819944237497623,-0.2410930750189659,-0.5243364671965675,-0.8052928204096385,-0.2625973079665444,-0.33311352665720373,-0.17017103640096407,-0.17445711783708218,-0.42546611960133296,-0.3581117072511435,-0.21271647524120865,-0.48302448278413773,-0.4714472503729018,-0.23165695100213318,-0.5313031106033762,-0.5694768488987854,-0.24411176016631334
thank_you,0.0,0.0,0.0,0.06390893451679994,-0.24880331027920727,-0.05120983086592663,0.06742880622078679,-0.4923933217706941,-0.10786548520098387,0.06569163913630575,-0.6948437654358575,-0.15523119684517875,0.13580880766330805,-0.8107733419375307,-0.2095646662668363,-0.12203250496213082,-0.4952818095597816,-0.16397174471714906,-0.2502350463310715,-0.7342377776844059,-0.22796570635012806,-0.329935768857464,-0.8791217367356763,-0.2626909416267682,-0.3923540980748183,-1.0,-0.28491350213495514,-0.2227850501770459,-0.38792077936892017,-0.17018220692088265,-0.3523516204734061,-0.6583574146753545,-0.2266332278941381,-0.43871797458631057,-0.8332998917060496,-0.2540223700231512,-0.5036719505935721,-0.9743390747327123,-0.27407835872205316,-0.2977688180680356,-0.2728426349365916,-0.1724250241424294,-0.4179635689234185,-0.5108463592778196,-0.21436984987634955,-0.4942353450213506,-0.6669975627682118,-0.24133876219509912,-0.5464873446471639,-0.7917338588724382,-0.2614847586780735,-0.3461233888943689,-0.16015401273687851,-0.17621817722951102,-0.44411993957588525,-0.3466997233220261,-0.21151703190807708,-0.5019873613867019,-0.45851504345202077,-0.2282291387433285,-0.5493119450721459,-0.5566514273208583,-0.23913221397245982
thank_you,0.0,0.0,0.0,0.060726833064899365,-0.25563882858778475,-0.04888081310462564,0.06009753713949726,-0.5002480490931367,-0.10225987697808749,0.062442592967696345,-0.7035501597627082,-0.14662912713895396,0.13398350137926035,-0.8166002865615861,-0.19713857120172068,-0.12798557586319742,-0.49385962897344665,-0.15033837840060355,-0.2526723821871218,-0.7326869041713117,-0.20917851695011747,-0.3311942392947351,-0.8780283095163446,-0.24279668288437056,-0.39332061814490304,-1.0,-0.26460330064922005,-0.22790483685290586,-0.39129722068672756,-0.15510199678803682,-0.3535419262630442,-0.6571758678511371,-0.20463308816824882,-0.4388201752959809,-0.8330517734988108,-0.22979357056183455,-0.5034877522217771,-0.9768046503760711,-0.24927331108130277,-0.30194062990448844,-0.2794649657131419,-0.15631744480228676,-0.41931707296700427,-0.5175694231687697,-0.19153964227263348,-0.49372143445463057,-0.6747452910199069,-0.2166802867050724,-0.5451474706301223,-0.8006229716430515,-0.2365397638360796,-0.350417372803617,-0.170202994547693,-0.15951764913328656,-0.44705889547602007,-0.3579531877813672,-0.18840285788979244,-0.5028602461876063,-0.4690244406664481,-0.2018660654822724,-0.5473805090987629,-0.5651445829389358,-0.21144039877016238
thank_you,0.0,0.0,0.0,0.0632701591168316,-0.2603078998543737,-0.052390523321529006,0.05980312158455706,-0.5076109842133947,-0.11093036376543608,0.058620242948738945,-0.7146047690378837,-0.15960308727500006,0.13207188399927336,-0.830504093319952,-0.21545285692338254,-0.1269626047154331,-0.4965751017746158,-0.16975713398858083,-0.25798979126897387,-0.7314539400996453,-0.2361188552675907,-0.3385331947550709,-0.8783633271886382,-0.27307257052499784,-0.4014117412318972,-1.0,-0.296500685036703,-0.22788535130482948,-0.3883513852366502,-0.17469102515898147,-0.35936668939906075,-0.6591309773043351,-0.23117122787436098,-0.448832086029703,-0.8366206956112582,-0.25796354437480323,-0.5166356453865648,-0.9782017683618679,-0.2784054077660198,-0.3037976002930394,-0.2713150441792663,-0.1755749641269705,-0.42508636324380344,-0.5140097560685069,-0.21663033785646293,-0.5025724334481865,-0.6748361331899903,-0.24420749894773697,-0.556243318016266,-0.8013652837628168,-0.2655678466044639,-0.3536830945439276,-0.157915489098874,-0.17817974656604718,-0.45285594313129296,-0.3497490998865366,-0.21212556405371064,-0.5118451655940749,-0.4613802930989812,-0.22880467025369813,-0.5601785783418852,-0.5546101592955142,-0.2406157744822212
thank_you,0.0,0.0,0.0,0.059346506844040935,-0.26032186976338284,-0.050371024663190114,0.056875245215771544,-0.5111277175407654,-0.108040145626526,0.05678709587524155,-0.7163267685786469,-0.1566668181355921,0.13102952122881062,-0.8386500390511845,-0.21315628164931869,-0.12690512945559349,-0.49548421635456275,-0.170307451901483,-0.25969639079052065,-0.7309583857377007,-0.23793152649841245,-0.34048122793058055,-0.8770303499206142,-0.27501962817082987,-0.4039672336727547,-1.0,-0.29834013389283676,-0.22692449004286463,-0.38485870071392164,-0.17757192559051824,-0.35985956240672634,-0.6559770313032829,-0.23735017719748366,-0.451371998283948,-0.8354848763745834,-0.26677509808675065,-0.5210200242740697,-0.9799879729685134,-0.28832169000003866,-0.3026009922300976,-0.26672538400331475,-0.1805457741305906,-0.4262763503826283,-0.5052331520722795,-0.2250520608212869,-0.5053019408255384,-0.6688455149806211,-0.2549219635416694,-0.5594045152702966,-0.8007802903354735,-0.2770738488155227,-0.35352505692672676,-0.15136928486830767,-0.1849078464467842,-0.45445157836454375,-0.34134871424433205,-0.22167990853266747,-0.5130757299638089,-0.45650138054187644,-0.2401772812863077,-0.5594555568185569,-0.5578662286089344,-0.25289319033554886
thank_you,0.0,0.0,0.0,0.05936430575704151,-0.26023999824034116,-0.05405696987932281,0.05881004234980299,-0.5088451262766449,-0.11433068004428064,0.05742766134199917,-0.7146499029055784,-0.1653822910716898,0.1303792137675243,-0.8389973323979562,-0.2239597576494607,-0.13029283316292709,-0.49717325662308354,-0.1697241182064743,-0.26356863769337857,-0.7288368611240229,-0.2393964487508163,-0.34450893937290594,-0.8750565006357641,-0.27842910178469105,-0.4064635707644334,-1.0,-0.3030456257971153,-0.2295777241172463,-0.38745022372285254,-0.17643327281712282,-0.3647174123342472,-0.6526911200010138,-0.2378603343019049,-0.45627386118534874,-0.8307519905048342,-0.26867748899470967,-0.5249471701757634,-0.9763742491406003,-0.2910806374730636,-0.3031106340350944,-0.2678564951586803,-0.1795767147302449,-0.42874648924022507,-0.5012752428380209,-0.22646364805417785,-0.5087313602527149,-0.6601629694651118,-0.25690694807295433,-0.5634529634301229,-0.7903245565492157,-0.2789921052193762,-0.35164080176933116,-0.150032039483948,-0.1844698919297857,-0.45393415583789404,-0.3363848653606055,-0.22331374216242336,-0.5146619058766051,-0.448530779536158,-0.24255136194996205,-0.5637827537991078,-0.5484789657401121,-0.2554437582280505
thank_you,0.0,0.0,0.0,0.0566697197680336,-0.25701106935146106,-0.05214970364310566,0.05468769458648092,-0.5070514801693883,-0.11116386450335686,0.05313132761394822,-0.7109772819369816,-0.16120776231102216,0.12357198565439427,-0.8358419805986201,-0.2187634518112629,-0.13183145869732849,-0.4954134533839647,-0.16970291398749535,-0.26469977343230033,-0.731670797269521,-0.2381839632089906,-0.3460986035508529,-0.8766809113446216,-0.27569568848271386,-0.4085795397159107,-1.0,-0.2991109870112692,-0.2288564067011135,-0.38411437210829824,-0.17703741427118325,-0.3652787075815459,-0.6496306642556623,-0.2377606874153196,-0.45713821813669275,-0.82675811965053,-0.2675374319949096,-0.525313343569056,-0.9704293162994968,-0.2891268437902768,-0.301549096995998,-0.2642061080942273,-0.18065281980628495,-0.4289714990207912,-0.4998122584510589,-0.22708515643088897,-0.5090859184886188,-0.6602553703793145,-0.25765344046158056,-0.5639517888654425,-0.7909932282370509,-0.2799138451011106,-0.3503447174523981,-0.14717637937697528,-0.185778983498867,-0.45519142382454336,-0.3321832042750061,-0.22504254209534713,-0.5191815840159856,-0.44325342928836026,-0.24556566058463014,-0.5712426295830001,-0.5421863310146656,-0.25936127129478553
thank_you,0.0,0.0,0.0,0.05429638471233537,-0.2593043217217677,-0.04959415315606468,0.05003032829206337,-0.51223944819557,-0.10643736535348637,0.05263491229316203,-0.7162652433129942,-0.15378817761559102,0.12676580413792382,-0.8391094443991831,-0.20862043107407185,-0.12997122276375367,-0.4886559999779457,-0.16964175635042714,-0.26235681117723614,-0.7280811255877127,-0.2348210320683001,-0.34297652834677833,-0.8757848048618708,-0.2701279738991365,-0.4056798822474407,-1.0,-0.2921113789077409,-0.22855583717512254,-0.37989419593897605,-0.17654390032598632,-0.3665715840915648,-0.6541710669472109,-0.23267041119980894,-0.4580817734328224,-0.8348388900621359,-0.2600554877938906,-0.5257972575621045,-0.9775766515751886,-0.28111163274985057,-0.30421340902988714,-0.2642373756715952,-0.17888033231287795,-0.43128340292650424,-0.5101796925006451,-0.22054315700896568,-0.5133464435516161,-0.6731347193542965,-0.25005906726507926,-0.5700202674678956,-0.8017954523014426,-0.27274842756627715,-0.35617486710650975,-0.1519548635502536,-0.1824584795179414,-0.460578407431313,-0.3440433326400254,-0.21761051527144654,-0.5233900740698072,-0.4557551897072574,-0.23594643623695485,-0.5742506307421439,-0.550300819948464,-0.24899661579451798
thank_you,0.0,0.0,0.0,0.059925403727322454,-0.2540643098855631,-0.051419763062618064,0.05819974670531908,-0.4883207852208379,-0.10708398934701516,0.0533565941427162,-0.6946247234512262,-0.15389380988293452,0.1203606207001909,-0.8256637994861569,-0.2071044683355363,-0.1299222934122501,-0.49700446251447544,-0.15385810903443034,-0.2647293567949027,-0.7320701326591509,-0.21483629396592463,-0.3458624200302825,-0.877409697368908,-0.2489951369140637,-0.40763144561509684,-1.0,-0.27030431212371686,-0.22707292974461346,-0.3902961100545972,-0.1583345631433617,-0.3656432179195179,-0.6569951132517373,-0.21061304295030966,-0.4554257413192352,-0.8326618984938235,-0.23800074097645024,-0.5202076327644766,-0.974880157618605,-0.25823169194520895,-0.2975533287148757,-0.27283229540153286,-0.15931916653422792,-0.4290206683916887,-0.5118444388189302,-0.20042135741964925,-0.51668612597985,-0.6693765851524769,-0.23147715735128827,-0.5767198961616368,-0.794819805050287,-0.25417833593722694,-0.3421099659404014,-0.15944757287350983,-0.16165818574820845,-0.44815324584641053,-0.3435478913419306,-0.197805249064918,-0.5171427451442999,-0.45462270119690346,-0.21751275855247804,-0.5726449804313922,-0.551648558575952,-0.2300604619566428
thank_you,0.0,0.0,0.0,0.051526786061608536,-0.2605766745353121,-0.0563406000702436,0.047576843202783506,-0.4972653490778335,-0.11749711785144479,0.03865984607253362,-0.7008768755995542,-0.16939576462165795,0.1024609079716933,-0.8409019669510884,-0.22718793520680192,-0.14499912962778558,-0.4952925554563777,-0.16166204940594459,-0.28620601973154086,-0.734595575805665,-0.22656491316333016,-0.3723878132269842,-0.8776031376054716,-0.2629640256089619,-0.43973194338119853,-1.0,-0.2857790984731594,-0.24197368877562284,-0.3919213237587884,-0.16616243322582275,-0.38854211677826805,-0.6579746596273905,-0.22255380393965263,-0.4856128749603301,-0.8293998366794226,-0.25159860910919796,-0.5596161410714905,-0.9667704805190572,-0.2727490481778111,-0.313580239682034,-0.27828630845180236,-0.16744232720712754,-0.45081060265052747,-0.5182368887324872,-0.20956379902681826,-0.5417952136587308,-0.6697534466063819,-0.23889175677914623,-0.6070875483304399,-0.7909079822068584,-0.2607524428547378,-0.360965510881455,-0.16609931014553614,-0.17075315852749046,-0.4706073275577866,-0.35028418891898266,-0.20696295187454247,-0.5392582175828404,-0.456990620857002,-0.2252193470076073,-0.5957929856860944,-0.549643282566377,-0.2368024128835945
thank_you,0.0,0.0,0.0,0.056256644833200746,-0.2681633185381243,-0.045491802427824836,0.04759079103563985,-0.5050979346185587,-0.09556973497548796,0.03791535628697253,-0.7101330143813397,-0.13752907827700045,0.09364583565670158,-0.8536839481895075,-0.18479234215401433,-0.156852449387746,-0.5044757366006706,-0.139455131196514,-0.31201100842856044,-0.7468422327630858,-0.19227742148309993,-0.4010499920695697,-0.8861880249263338,-0.22021439516274524,-0.46883759098310074,-1.0,-0.2368578242746114,-0.25270099303856913,-0.39475498068196746,-0.14307168621759161,-0.41311965780193255,-0.6610199524669834,-0.18693168027906235,-0.5153590905035575,-0.8274044073366393,-0.21051266763002602,-0.5889019049141407,-0.9557187695937389,-0.22840101553552503,-0.3205142264484807,-0.2782411606680396,-0.14305398989607213,-0.4632287476859252,-0.5128392427430367,-0.17373696219346824,-0.5556173313358562,-0.6612124822494666,-0.20029515234536074,-0.6202860407078901,-0.7766446968964756,-0.22160233663369136,-0.36199858615297303,-0.16919185817416713,-0.14440953006060378,-0.4732584186474155,-0.347766716479682,-0.1728270150175688,-0.5435676465704606,-0.44851292040574064,-0.18816649242079897,-0.6009644456505308,-0.5365495255372247,-0.19795081569487713
thank_you,0.0,0.0,0.0,0.05152621973675602,-0.2778224067767513,-0.05648708084790976,0.03793282715626528,-0.5223669369337864,-0.11403200354678382,0.019176823366044597,-0.7356322743014102,-0.16211130938021323,0.06848248779832385,-0.8869571532049301,-0.21451293632056376,-0.18570165515115789,-0.5079436178737384,-0.1506893834588484,-0.3554698095000814,-0.7464343697988416,-0.21154245627000517,-0.4554950252098534,-0.8848672778562062,-0.246454710787039,-0.5358786754574175,-1.0,-0.2685877498422748,-0.2849271463429775,-0.39321013052434456,-0.15197663749482607,-0.4592751228031838,-0.6612497789233143,-0.20376672700139295,-0.5698957890099329,-0.8332665989897319,-0.2318422948191866,-0.6541642816040939,-0.9704884167529361,-0.25325502545634093,-0.3516686290969881,-0.2717323192613387,-0.1504398721700914,-0.5107019521510573,-0.5053363770663872,-0.1881759473507217,-0.6073905622300124,-0.6531692064480602,-0.21444295310482286,-0.6772779850455949,-0.7677259161108306,-0.23516373672274346,-0.38925501214520436,-0.15791342427832789,-0.1515459353519258,-0.5074718481743207,-0.33815404606727795,-0.18416149173815147,-0.5826828477789343,-0.44156874175616123,-0.19930869576436577,-0.6467680638267006,-0.5301811297809245,-0.20911741026011935
thank_you,0.0,0.0,0.0,0.0488050218646149,-0.279933347405257,-0.06109503842525413,0.03453974910140477,-0.5204496482969896,-0.12028286848764823,0.013687406646265733,-0.7334354274883731,-0.16980992936728664,0.052992705530903586,-0.8875359110904991,-0.2238588681171696,-0.19475195549961088,-0.505795104514235,-0.15447903767490068,-0.356706653077976,-0.7443283044663145,-0.21981208545892506,-0.4575234846199356,-0.8851382868518008,-0.25873251779137324,-0.540807599778384,-1.0,-0.28392458193115644,-0.29283583602159646,-0.3889639652488365,-0.15591096147241398,-0.45865530688818423,-0.6508715476106981,-0.2127697196844385,-0.5718231877336675,-0.8195124783174365,-0.2450933295758151,-0.6609843724464576,-0.9531977104152481,-0.2694334019399553,-0.35822355163495506,-0.26328328627963954,-0.1554394317816059,-0.5142081405295227,-0.499597138052618,-0.1984446300598199,-0.6167125122779771,-0.6487671350559023,-0.2295556481411232,-0.6939393522463119,-0.7649485944128199,-0.2530747697376445,-0.39392515727723715,-0.14520345954551267,-0.15786102890690654,-0.5146542920989057,-0.329556677357078,-0.19679645740201498,-0.5934886368098032,-0.43902790972536593,-0.21696591865427972,-0.6603319240156393,-0.5320093196851334,-0.22968365035191413
thank_you,0.0,0.0,0.0,0.03886199945197366,-0.28616188876575166,-0.05505471274955205,0.007291118147032688,-0.5431122920386734,-0.10621327844073526,-0.020620649268803488,-0.7609232510899187,-0.14832918429619255,0.019460597266354015,-0.910945547903662,-0.19328049162384006,-0.22537222982035407,-0.5291372771669818,-0.12640924590025568,-0.3990896311322886,-0.7590793672200291,-0.17802906137632055,-0.5016182562433223,-0.8908823618734265,-0.21005084405076116,-0.5846206547593618,-1.0,-0.23061324192852314,-0.3203383831026698,-0.4076929926922386,-0.1263165820066641,-0.498681493919121,-0.6595546779813345,-0.16754905490089345,-0.6156190595806209,-0.8160664714430063,-0.19275425593510873,-0.7053380408006812,-0.9397807585789543,-0.21182320053143003,-0.3829016639308245,-0.2799676812017185,-0.12483651196086767,-0.5433244506396243,-0.5039550035028045,-0.15299305961453769,-0.6466377108352906,-0.6431205793499762,-0.17783829664965684,-0.7213151362507757,-0.7497157349275169,-0.19762704055921224,-0.418153192407862,-0.15884974178076303,-0.12665517357896608,-0.5394922125868645,-0.3372489592389537,-0.15225702454908766,-0.6164764445615764,-0.43635302024454603,-0.16492031074769453,-0.681249932440397,-0.5202815215091761,-0.17226947653458502
thank_you,0.0,0.0,0.0,0.03784369058712555,-0.2996530457787415,-0.04455012539499257,0.0018758529648441867,-0.554753333550016,-0.09275010895181267,-0.035623883622824974,-0.7785737195571244,-0.13258612874863335,-0.002344816206055233,-0.94479957982608,-0.17578598539874998,-0.23022809186250556,-0.5320621917406037,-0.1292939768824061,-0.42537189356498856,-0.7654061389538441,-0.17828580190304155,-0.5389604695775724,-0.8957689014866457,-0.20543228425012935,-0.6304732171271233,-1.0,-0.22231752808779878,-0.32792593952481486,-0.40241707154778944,-0.13156940179774806,-0.5211849590308998,-0.667557923032167,-0.17015981053510829,-0.6453310119712422,-0.8272282986635083,-0.1897821986902326,-0.7370614541860774,-0.9486181657001072,-0.20559972966484394,-0.3919509406588273,-0.2700346061298103,-0.13048588419483956,-0.5666568921345256,-0.5062047444221769,-0.15477933196044222,-0.6729213552573351,-0.6482436380118102,-0.17339107620367736,-0.7474649018695311,-0.7539682397948706,-0.19026716757900403,-0.4268279833544837,-0.14859509256577183,-0.13160460529314932,-0.5534187706019695,-0.3394745611550568,-0.15417227815325005,-0.6338936485661618,-0.44917963578021664,-0.16357113147919236,-0.7015125761083052,-0.5410133892041304,-0.16935787624925216
thank_you,0.0,0.0,0.0,0.029310234235082333,-0.31459904910496533,-0.04145748787392991,-0.010065661872505493,-0.572426074440785,-0.08813671850543109,-0.0481513014931627,-0.7924405552163787,-0.12743537688787585,-0.024734530650744276,-0.9627194324348146,-0.1696951416052677,-0.25102632150921245,-0.5392829108850855,-0.1225112440616004,-0.45257841330754667,-0.7685440452309656,-0.1712598314014893,-0.5678994707456492,-0.8971828938570224,-0.19822553439053736,-0.6598696545610521,-1.0,-0.21471862095078093,-0.3486080135264657,-0.4008369131490334,-0.12722874434194045,-0.5456059060152441,-0.6605996923873483,-0.1659994981590646,-0.6696558531544141,-0.8172958974366074,-0.18519470528999288,-0.7617406649066387,-0.9381665344569086,-0.20052570730151933,-0.41147922184059055,-0.2617588927790399,-0.12901436056631588,-0.5898641954286342,-0.4983214206111552,-0.15359668848251012,-0.6963171852842464,-0.6384478897430609,-0.16979237230691155,-0.7727227965155692,-0.7459074273273186,-0.1846926889181332,-0.44445182788642973,-0.13480060784186143,-0.13293634111925262,-0.5774792098424973,-0.32821042440486,-0.15504236642323124,-0.6581350994526562,-0.4376701364229346,-0.16164071779292893,-0.725911035984589,-0.5299899262163413,-0.165012851113895
thank_you,0.0,0.0,0.0,0.03961472928566505,-0.3127382951230499,-0.04744139209045926,0.0007626589644603596,-0.5694694670037337,-0.09597042005735826,-0.04227620666339376,-0.7998662768971428,-0.13638360568423472,-0.016270949013937715,-0.9787606925493336,-0.1798957437816469,-0.24602033897269418,-0.5462375841163764,-0.12601111437680926,-0.4526709390080965,-0.7722896820873101,-0.17669943605161903,-0.574073777038924,-0.8984611436332776,-0.20552836022701074,-0.6716964159038645,-1.0,-0.2235717418499849,-0.3459049853721858,-0.4064588468726304,-0.12672669194394243,-0.5456161335405535,-0.6686766186596336,-0.16728396812864643,-0.6777634118849153,-0.8249479992232106,-0.18796741672965225,-0.7772514527087473,-0.9464089818846536,-0.20455832829424692,-0.4087093973371096,-0.2683098778466284,-0.12502555572720828,-0.5875477688215315,-0.5052711115133816,-0.14997040186925953,-0.7028053208924828,-0.6428266043096533,-0.16774821815552282,-0.7859530974284415,-0.7463412324102945,-0.18396228759033217,-0.44133865552428414,-0.14525235247065033,-0.1262520350784173,-0.5716163309840611,-0.3369688526183511,-0.14846154154411934,-0.6574482126111407,-0.4451283678773544,-0.15710605606127734,-0.7311583231508623,-0.5353262524821265,-0.16224000496389052
thank_you,0.0,0.0,0.0,0.037499287792063,-0.31524902639250124,-0.05078984981515448,-0.002345281487675338,-0.5771914060755572,-0.10072149108679597,-0.04461597748037001,-0.8056382615042755,-0.14241256771806013,-0.019055604575993743,-0.9815797041526727,-0.18704140584513035,-0.254781417609476,-0.5449797809941345,-0.12470832958036454,-0.4582287157620471,-0.7705918563449643,-0.17650818731201692,-0.5789553718957359,-0.8983708147196826,-0.20690406713135479,-0.6754423196266028,-1.0,-0.22591369098546996,-0.3519054064666941,-0.4018454270090808,-0.12615636140335507,-0.553346491856191,-0.6619693665892092,-0.16832548355125102,-0.6846437574396856,-0.8204408297645941,-0.19110653716472462,-0.7832012091365884,-0.942720676666836,-0.20845581423517082,-0.4131295918163073,-0.2584829739955558,-0.12591575061382831,-0.5942607204618495,-0.49555409007544016,-0.15430298750111773,-0.706305850576465,-0.6364686651606356,-0.17434214883199953,-0.7878130442616059,-0.7440304463118408,-0.191350901482568,-0.4439863856640627,-0.12915640702260126,-0.12871597898234086,-0.5746038776449863,-0.322446176328826,-0.15455867255660838,-0.6569183686511475,-0.4323094478040127,-0.16434953462079485,-0.7273508251602661,-0.525908777327611,-0.16976443231693691
thank_you,0.0,0.0,0.0,0.04419494528595649,-0.30957849174072305,-0.05190739825490119,0.009790346979067395,-0.5702564092700851,-0.1010704053779686,-0.03038983094855947,-0.8002697475912646,-0.14129721213387156,-0.006490482862613368,-0.9766310112601588,-0.18362683599706095,-0.23973348360982863,-0.5421405360908814,-0.12450376570208885,-0.4409931712026896,-0.7684315499860077,-0.17565527777918377,-0.5585822528203289,-0.8977744140803434,-0.20523706803768946,-0.6519858904218929,-1.0,-0.22292606685580074,-0.33816288907844416,-0.40336602680550576,-0.12313082980007886,-0.5361237703885423,-0.6649900323216276,-0.1660385958380397,-0.6684831915034798,-0.8247092640266344,-0.18874703956272984,-0.7682354660863326,-0.9482644314961327,-0.20520845844467656,-0.40040216913606724,-0.26921636641820396,-0.11998477229816275,-0.5761981649470458,-0.5117316641358797,-0.14728031949148954,-0.6911829561835668,-0.6610516213224652,-0.16783886048879593,-0.7748690449973602,-0.7752886203059832,-0.1842834501983821,-0.43244212447625213,-0.15157506628289744,-0.12005581544719901,-0.5607515812209517,-0.34983502602751715,-0.14403484966427224,-0.6464414955460394,-0.46223158672168685,-0.1538106634509226,-0.7194426947447784,-0.5542294595143005,-0.15853344611129738
thank_you,0.0,0.0,0.0,0.04138381395197915,-0.30933803628382184,-0.05566326235216296,0.0034406839339529293,-0.5761604292762145,-0.1071094809509003,-0.03711337936234744,-0.8039754636395962,-0.14809167414644273,-0.015161105090354168,-0.978272160146512,-0.19156127236054737,-0.2456180724946349,-0.5382937846538234,-0.1389603971049442,-0.44589788156700033,-0.7708738977942655,-0.1931700006962039,-0.5643853481022254,-0.8990638071687289,-0.22325091249096657,-0.6604275379100056,-1.0,-0.2415229065328315,-0.344738509759324,-0.399355166308415,-0.1389617491195135,-0.5419679808183898,-0.6693028375502346,-0.18466424768106657,-0.672816047408584,-0.8331415082186069,-0.20877409577450393,-0.7717202589146529,-0.956074012367843,-0.22694084996801853,-0.4071225865815644,-0.25785911583268933,-0.13677946481750358,-0.5853373247378685,-0.5013443853442393,-0.16784570551588476,-0.6941848308214512,-0.6490896403042496,-0.1889311453040125,-0.7740862844109436,-0.7618585680736438,-0.20628800655583507,-0.43909512368905285,-0.12923308518715454,-0.13762181818041772,-0.5715494801600554,-0.3264949080234146,-0.16549165500577934,-0.6512494835787208,-0.43889270779353345,-0.17562920510516206,-0.719189471128598,-0.5325633674742765,-0.18119589573467743
thank_you,0.0,0.0,0.0,0.052222685161211244,-0.30254799613665007,-0.0525229684266554,0.026576920902518827,-0.5509026756026032,-0.10132999523874087,-0.015503568087741561,-0.7773951272952893,-0.14166306902007772,0.013732090080853852,-0.9556270603622294,-0.18440066480212816,-0.22195914407701237,-0.5347592698781752,-0.11931403872945709,-0.40552403928150815,-0.7596039543752248,-0.1702630583782875,-0.5109141535334781,-0.8920216503421288,-0.20112915520242575,-0.5942662604416628,-1.0,-0.22033630382500277,-0.32275846604295005,-0.40755928166015726,-0.11887815290256386,-0.5060678632662979,-0.6695126487653386,-0.16271254194266013,-0.6299572095515769,-0.8320887031220827,-0.1874830189561557,-0.725086167620548,-0.9604498816813458,-0.20561257942646585,-0.38627997694912225,-0.27703297387202963,-0.11719881664622213,-0.5540242357270552,-0.5172725281710516,-0.14714385227484075,-0.6620965561931655,-0.6650944055063663,-0.16860892511171874,-0.742244819134699,-0.7811249797497184,-0.1855713686187777,-0.4184958114578825,-0.1602556690099192,-0.1187318045331094,-0.5431528868943978,-0.35645949539861344,-0.14481283701479863,-0.6220909312469091,-0.47311384957734515,-0.1548935103360681,-0.6896624984738058,-0.5717309394372868,-0.16011398542549002
thank_you,0.0,0.0,0.0,0.053460077012795315,-0.2954144693381493,-0.05563680743312761,0.025667502829812495,-0.548970531795272,-0.1051605367107829,-0.009031085667944229,-0.7724899955934975,-0.14418243296944533,0.015124814743603651,-0.9466791692134355,-0.185516913065745,-0.2176345573036095,-0.5359954767888043,-0.13183929304840328,-0.4058867581234135,-0.7687822492015552,-0.18298668101737972,-0.5166495094866985,-0.8977990679760987,-0.21147638642884903,-0.6062559990902705,-1.0,-0.22836335795715726,-0.3148660168883509,-0.40615926551309567,-0.12912879605253072,-0.5013609471661101,-0.6707643149609362,-0.17240551084783037,-0.6259738819341628,-0.8316233510216876,-0.195738359921006,-0.7211404013433473,-0.9525491130511027,-0.2125375894937997,-0.3780023506334067,-0.27402479013003295,-0.12454461202980545,-0.5454012834967131,-0.513464707955121,-0.15458193544239848,-0.6508417242666614,-0.6574771015238718,-0.17600939535931084,-0.7302770672593873,-0.7666162175749872,-0.1925287297305538,-0.4109112183268607,-0.1563743537067364,-0.12285397206948641,-0.5329068103281236,-0.35126165123393294,-0.1494500831066155,-0.6080230888759379,-0.46076791347993246,-0.15962670043890842,-0.6732090260731779,-0.552052090993902,-0.164553844924309
thank_you,0.0,0.0,0.0,0.04933770788082236,-0.29308882750751547,-0.04931342542944683,0.016122069767093614,-0.5530893932136342,-0.09620622217881813,-0.02106515806771798,-0.7774484398620195,-0.13322900123231046,0.0028259423952181934,-0.94447502010013,-0.17291931687968623,-0.22218745615084312,-0.5402280830937247,-0.12800476993171697,-0.41234097141353876,-0.7722308177097074,-0.1769130218277106,-0.5211458543816989,-0.8993246467248481,-0.20369378750539602,-0.609328993048655,-1.0,-0.2191665893350301,-0.3178386550688285,-0.4086086051295495,-0.12756186456122476,-0.5036948374140279,-0.6750245740149735,-0.16794400320396266,-0.6246685951206183,-0.834977147136649,-0.18873355285567442,-0.7162825750129086,-0.95471411597604,-0.20392298167551717,-0.38004247972285576,-0.2760183680709551,-0.12452601238134277,-0.5473276024468823,-0.5165065095950968,-0.15031650349005096,-0.6499986411960876,-0.6596978204970116,-0.16802705662677123,-0.7247721415248812,-0.7672043524615334,-0.18261570000249125,-0.4123975420254017,-0.157171092269441,-0.1240073560036256,-0.5365387918181148,-0.3532485304119727,-0.14577445876931844,-0.6105313034220229,-0.46455213360869296,-0.15191347938413008,-0.6726070122785959,-0.5572514003537327,-0.15442589164190942
thank_you,0.0,0.0,0.0,0.04930392326598871,-0.30215774715184635,-0.0452662762845237,0.021799744310685952,-0.5554735053099761,-0.09248481509229478,-0.013773352818744098,-0.778621213140707,-0.1312481576025711,0.009380630060202661,-0.9508813985646016,-0.17276948539521328,-0.22034699504573602,-0.5460342829320957,-0.12313900446190948,-0.4126958400966509,-0.7733993145832877,-0.17183551676365008,-0.5261506019132093,-0.9000294095633247,-0.19893733424064222,-0.6170911711583663,-1.0,-0.215043417332865,-0.32033384012538,-0.4133644540443442,-0.125672484301238,-0.5082538619897649,-0.678263535392406,-0.16628936406753406,-0.6319004739551478,-0.8398478225204676,-0.18734400546742927,-0.723599719210493,-0.9621459606456193,-0.20339838320189493,-0.3860049603122101,-0.27762722282242597,-0.12543337803065038,-0.5559879836606817,-0.5212383921058381,-0.1505627489230454,-0.6593017383395617,-0.6688352754481556,-0.1668013616951122,-0.7318815543067622,-0.7817449397028349,-0.1811715056205253,-0.4229348476108321,-0.1525626767692423,-0.12757301354107262,-0.5524264212795201,-0.3477939803386863,-0.14895926855827607,-0.6282690733114639,-0.4629084168053352,-0.15426281834549146,-0.6897272168497897,-0.5608885695082555,-0.15654801323866066
thank_you,0.0,0.0,0.0,0.047877001952472985,-0.299485021126656,-0.05060513867651328,0.018470287981594516,-0.5560752127442914,-0.09791903860519932,-0.017687580604059228,-0.7801172156123508,-0.13547142569928658,0.007711656653110757,-0.9473517700046774,-0.17507249005805903,-0.2256160085416141,-0.5420406400869252,-0.11896046242667704,-0.4103027336956273,-0.7723657792714771,-0.16441666961273757,-0.5192302574390117,-0.8992699867018185,-0.19076016086676234,-0.6072284361642931,-1.0,-0.2066872218211032,-0.32405149956816626,-0.40959519685482737,-0.11755868365832901,-0.5044495821872161,-0.6741880157994461,-0.15510173279754233,-0.6232138009743783,-0.8344316168958341,-0.17541568324456425,-0.7136759858522513,-0.9574085606448344,-0.19053913147489573,-0.3879658787393724,-0.27655380534267354,-0.11432379431356117,-0.5536223187579997,-0.5195412113363146,-0.1381778334879627,-0.6552623157586486,-0.6656837535366337,-0.15594421475871456,-0.7295619014429288,-0.7775354578487985,-0.1708186430774447,-0.42188217125753213,-0.15832297053791194,-0.11398151157765618,-0.5480604460759719,-0.3570387589559158,-0.13446354521240936,-0.6214416438983982,-0.46982706014193876,-0.14028132454775802,-0.6820079927290948,-0.5635113997286204,-0.1425577078420447
thank_you,0.0,0.0,0.0,0.05013871475457292,-0.2971518664523478,-0.048255725881432676,0.023148080186113678,-0.5487769062257216,-0.09426310561296813,-0.014357778877152425,-0.7687546359414412,-0.13138511597129643,0.005564111499528423,-0.9408977249022414,-0.17072662785412657,-0.22486666394264443,-0.5431376191927251,-0.11680228969101454,-0.4081050632311323,-0.7729227639650007,-0.16274991001604774,-0.5161561478111811,-0.8994212138436306,-0.18935552710572795,-0.6034680418428515,-1.0,-0.20540893969626467,-0.3239029491343079,-0.4138265384406444,-0.11680297926758088,-0.5026294138860992,-0.6767496006767294,-0.1525618370071405,-0.6234923168080244,-0.8331860522456868,-0.1720548458227808,-0.7148860366028177,-0.9517263677903134,-0.18736460268135607,-0.3869549318001763,-0.2814229756065679,-0.1150149656697855,-0.5488290802899943,-0.520494075298395,-0.13729525465426035,-0.650932321542961,-0.6628518511834863,-0.15326029625466145,-0.7242475410634663,-0.7718673144354136,-0.1678456704619172,-0.4197005152609605,-0.15904506128068252,-0.11607186447893586,-0.5409051676540624,-0.35055230174112706,-0.1358762112704039,-0.6141575538928631,-0.4623491662294673,-0.14079702964771756,-0.6737163053020537,-0.5586170469498322,-0.14283214541102646
thank_you,0.0,0.0,0.0,0.05103443719091191,-0.2961698461428196,-0.05126352744018518,0.021010523926702822,-0.5507320684114962,-0.09871330225943585,-0.010829095193157655,-0.7743392868874979,-0.1369631278374455,0.010504702021167307,-0.9453671876866474,-0.17777380233260162,-0.22228286188690063,-0.5450475353584825,-0.12331144575245971,-0.408759474221755,-0.7699345016962515,-0.17257067957237038,-0.5176510574694794,-0.8982418935303533,-0.20067229965309163,-0.6046781116360466,-1.0,-0.21759340249281975,-0.3190192202021167,-0.4166227423131137,-0.12297607538056851,-0.5022103717717467,-0.6758457366748692,-0.16443923417121284,-0.6258303942590248,-0.833301292197243,-0.18671844710154709,-0.7191582911759085,-0.9522638089208496,-0.20325636283995405,-0.38188178276632345,-0.28474329263922404,-0.12097028081887633,-0.5488196792053898,-0.5239296891798265,-0.14780671153461683,-0.6524448195642306,-0.667015821726354,-0.1659824931579116,-0.7272266847540435,-0.7766991632224001,-0.18106577242571628,-0.4164460805540292,-0.1633588393219772,-0.12199882461830056,-0.5410723191461404,-0.3560194531380653,-0.14570752328280112,-0.6167070696060396,-0.468083295506128,-0.15342470479141976,-0.679176552757006,-0.5636592669684879,-0.15699448786608466
thank_you,0.0,0.0,0.0,0.04866610674383845,-0.29886095267239804,-0.04837112592772203,0.02116204862928838,-0.5533807537829251,-0.09567149280236929,-0.013851105610147364,-0.77194196426713,-0.13370693288311808,0.009989802793255727,-0.9397765347314198,-0.17411223137875487,-0.221370507176667,-0.5411267141006841,-0.12280063728512354,-0.40364416697664707,-0.7681751125804742,-0.17134090940613791,-0.5116859915282609,-0.8969658430114905,-0.19853838294478882,-0.5989803903357159,-1.0,-0.21465862839191593,-0.3191369553414519,-0.4127536593337375,-0.12409169681496043,-0.4986704222631582,-0.67591763528413,-0.1644227919679523,-0.6179597945313258,-0.8373505283111481,-0.1851266924851023,-0.7082375909392781,-0.961656818987693,-0.20031942505805933,-0.38260385947114955,-0.2814863851147239,-0.12311397497807189,-0.5484902944294278,-0.5206312813817581,-0.14913263643071548,-0.6466085522399395,-0.6643522285240008,-0.1646171175364653,-0.7161284694485747,-0.7766030026578603,-0.17732912031393908,-0.41687361578445825,-0.1606836670683692,-0.12487424894370482,-0.544855359796363,-0.355099616339694,-0.1464036948930048,-0.6163384913888045,-0.4686631779262251,-0.15089961725917123,-0.6735916027487222,-0.5670053987007928,-0.15192116497553992
thank_you,0.0,0.0,0.0,0.05084965937140251,-0.30122122746205476,-0.04980247476157381,0.024864407414383848,-0.553875388646448,-0.09665161354074979,-0.005587039294090202,-0.772250683297726,-0.13390653269136218,0.019165489119953992,-0.9396479098752082,-0.173237639620137,-0.2161801128633114,-0.5354284279310126,-0.12544094384220578,-0.40289897354285775,-0.767789905058808,-0.17348177958394162,-0.5116554477928972,-0.8973494295898663,-0.19952620460572673,-0.6001109264412383,-1.0,-0.2146101880995585,-0.3142894044516449,-0.40687553423856954,-0.12400399209483418,-0.4970148945689843,-0.6711813609958986,-0.16417446001707958,-0.6181478198023402,-0.8310610285004749,-0.18357772703331052,-0.7112871809732483,-0.953079366757387,-0.19775334736641298,-0.3781809053551285,-0.2795103510021529,-0.120376738090187,-0.5424097522627248,-0.5205946546305532,-0.14591376196122469,-0.6432011514384997,-0.6620515489498175,-0.16200702618234838,-0.7184198874915636,-0.7706703690708916,-0.17513601052928088,-0.4121128349214143,-0.16766403651401846,-0.1196335785618457,-0.5349452376574255,-0.36554511548705143,-0.14070757120491423,-0.6084488069991054,-0.47679860201679175,-0.14617625269595313,-0.6705233481107624,-0.5700711346855999,-0.1479753520046287
thank_you,0.0,0.0,0.0,0.05211064440592222,-0.2962852345441998,-0.0503432704172937,0.0238965519297299,-0.5468300275601172,-0.09781193107794653,-0.007632319119030194,-0.7679029903248934,-0.135165163951249,0.01631640177255227,-0.9357734868392614,-0.17534622238868425,-0.21431531218652045,-0.5343992818569766,-0.13068810050112178,-0.40007994893403903,-0.76928416358994,-0.17908351132797,-0.5092426631807864,-0.8983932146067131,-0.20569076484453067,-0.5979744282654417,-1.0,-0.2212992291468006,-0.31322971335391275,-0.4063801895074803,-0.1291622049463645,-0.49747204116280147,-0.6743721465441044,-0.16847931975683464,-0.6201028250238114,-0.836079718645336,-0.18874365429700996,-0.7122306032073478,-0.9572861035300501,-0.2039811833066791,-0.3773108055334873,-0.27687577228695315,-0.12487509241269687,-0.5423345535901934,-0.5163978226165864,-0.14977486046576613,-0.6438703519318166,-0.6601820026024859,-0.16764738784329203,-0.7178950345582109,-0.7697745518313541,-0.1827930855062716,-0.4108723097584279,-0.16051066706215708,-0.12315709164283205,-0.5328496773722344,-0.3562426497659104,-0.14513127555258273,-0.6052307582236915,-0.4665487027069729,-0.1517996915873839,-0.6660852001126849,-0.5602167694892063,-0.1547773748234097
thank_you,0.0,0.0,0.0,0.04659184431076263,-0.3005986462750087,-0.04947301951628952,0.021650309811902725,-0.5535983394786259,-0.09910620773006404,-0.006725546099434244,-0.7740448387221238,-0.1404734529270524,0.018161484280150422,-0.9405453708396594,-0.18528159842720357,-0.21670397670295405,-0.5344033372254144,-0.12883290188104157,-0.39806399869939313,-0.7650470702069246,-0.18292365142693423,-0.5078152538861812,-0.8955049272847622,-0.21463383429480987,-0.5978568081263956,-1.0,-0.23421713157301277,-0.3163356337443056,-0.40430518860485565,-0.13197393587850104,-0.4945096933047589,-0.6684986418922032,-0.17848459761469887,-0.6168832409385497,-0.8323292213627678,-0.2049130199395861,-0.7117151640948589,-0.9581698678003523,-0.2248091305930624,-0.381289747269456,-0.2711860883011684,-0.13285372788628672,-0.5445189084342034,-0.512042788168523,-0.16486008960334253,-0.6496465848018541,-0.6587798644177255,-0.18670907723146934,-0.7275930943468177,-0.7720945839387786,-0.20427568697785475,-0.4168799070096043,-0.14987771223548177,-0.13628422136770643,-0.5429310779491318,-0.34432274979462624,-0.1645040451901646,-0.6196736270861873,-0.45943432590766214,-0.17460947882006775,-0.6832703820120674,-0.557401453368261,-0.1799489861028295
thank_you,0.0,0.0,0.0,0.04780182981477606,-0.29638998199284666,-0.055493433483635626,0.023775479822013425,-0.5484481298734999,-0.10762215266204145,-0.002721135118148976,-0.7693664084466374,-0.1502948077759305,0.022696813086348088,-0.9379471320177086,-0.19652479675489265,-0.2165563625400211,-0.5284859516454308,-0.133546856736488,-0.3955327297449524,-0.762295732057158,-0.1881646373754607,-0.503615867894543,-0.8942614104678485,-0.22072037395878147,-0.5930713333768325,-1.0,-0.24087972807871466,-0.3154464589056661,-0.3993337503253062,-0.1336839869092322,-0.4924580514325099,-0.664012842752777,-0.17822164518431038,-0.6145677008217592,-0.8264182789481302,-0.2034980804879308,-0.7098830847506186,-0.9503622055275436,-0.22278747479209043,-0.37962347349813513,-0.2668999871752469,-0.1322931152460117,-0.5422704987928982,-0.508001970962059,-0.1629721770178226,-0.6468087364318237,-0.6549719542898799,-0.1849364065501541,-0.724845296728038,-0.7692460357638116,-0.20295248942805869,-0.4150313231470294,-0.1462284351026243,-0.1340241287990008,-0.5386146941671373,-0.34037269782556684,-0.16227765523111698,-0.6145609509516942,-0.4551904250843171,-0.1729914450844123,-0.6775045205379796,-0.5540407722151348,-0.17877089242380104
thank_you,0.0,0.0,0.0,0.04732123988823907,-0.2922560280598232,-0.05392142701142071,0.022222383161134885,-0.5427160967015074,-0.10333871827581748,-0.0034149999275774894,-0.7615438696573078,-0.1423688921864065,0.019085374255394454,-0.929449239805046,-0.18440822141654034,-0.22008365357081974,-0.5320354476621085,-0.13093661586890176,-0.4000846043483961,-0.7673484410404626,-0.1803167441718789,-0.5061699336646942,-0.8970525152337966,-0.20873928346851892,-0.5932555886965917,-1.0,-0.22547243492850103,-0.31689899436701424,-0.40260305073326863,-0.12870183592377202,-0.49380109733102623,-0.6657842262286108,-0.1670707946329132,-0.6134604478385223,-0.82583231106174,-0.18799171974320897,-0.703629073441254,-0.9463768874884727,-0.20398845961603504,-0.3802556923164916,-0.2711309387851514,-0.1246016424442492,-0.5410810192484178,-0.5074296211039939,-0.14917803575122074,-0.6411595512478399,-0.6504349250315595,-0.1678708080403626,-0.7135561569718922,-0.7609215003121595,-0.18375315748603327,-0.4146816399279043,-0.15256358974987494,-0.12356495598581026,-0.5368466236068415,-0.3439709002638036,-0.14630975614239144,-0.6082860451478218,-0.4540351037480321,-0.15380121492859758,-0.6665184790678518,-0.5488701531234714,-0.1571807463958071
thank_you,0.0,0.0,0.0,0.049454382309075125,-0.29849861008550815,-0.051275644953582555,0.027315471082081325,-0.5453788813405128,-0.10100112535128036,-9.284976063795956e-05,-0.7630224342663156,-0.14187591122812612,0.021537244778059825,-0.9320166123077743,-0.18622505390450375,-0.2155124652196403,-0.5320748105377422,-0.1272262268755299,-0.3930776975153497,-0.7606296959346753,-0.17894355515709345,-0.5002932659689749,-0.8938331695927805,-0.20945641220272362,-0.5870570961961589,-1.0,-0.22814713865646535,-0.31128225797990305,-0.4047384204045891,-0.12794640443769814,-0.4872907711887564,-0.6657810656497019,-0.1707872259649523,-0.6095315664580983,-0.8274812450447243,-0.19499928664747046,-0.7026888455032907,-0.9519527558133931,-0.2132480482405755,-0.37457153317331604,-0.2735606499743224,-0.12680132315841042,-0.5380244374999014,-0.5113678283193069,-0.1556708671091696,-0.6426581326594669,-0.6580177114632407,-0.1760923595260832,-0.7194166583798255,-0.7741932818184292,-0.19299694674065263,-0.4104458951910045,-0.15212133383880744,-0.12841201116863726,-0.5330580895028981,-0.34144218147912825,-0.1552160773753448,-0.6083556242396185,-0.4555849920246698,-0.16528349837203685,-0.6711684873111982,-0.55643673073393,-0.17045904848597743
thank_you,0.0,0.0,0.0,0.04536723639527378,-0.29521895727503206,-0.052629973614699746,0.01806404535376498,-0.54997221520586,-0.1027577415695705,-0.01155697753828595,-0.7693749824590946,-0.1443088838333296,0.015128773633446531,-0.9327808182013789,-0.18951379669011162,-0.21704873097396463,-0.5373554863274489,-0.1278840360883884,-0.3983323510426314,-0.7640698642567801,-0.1816984462929855,-0.5060580206374599,-0.8945743874715837,-0.2142307449467795,-0.5931399623922988,-1.0,-0.23426309037632118,-0.3138450600132843,-0.40884117762622435,-0.1298452613323239,-0.4952287801820512,-0.6668374916973048,-0.17327228648832102,-0.6164071548183697,-0.8284984984984985,-0.19848326849836845,-0.7085098182294444,-0.9535499985967276,-0.21774512381162564,-0.3790895568465662,-0.2756006473763483,-0.13042608748557996,-0.5443727839989522,-0.512357404133105,-0.1593993715172752,-0.6470545311666807,-0.6587787787787788,-0.18083203081208404,-0.7214261925476879,-0.7738037102523084,-0.19867507245185465,-0.41761247228536946,-0.15253178412056917,-0.13423729355145894,-0.5438541345083401,-0.34282113889590526,-0.160040152485159,-0.6190829146903913,-0.4554792175352923,-0.17000169112660418,-0.6803291141608898,-0.55255199124358,-0.17569475568649115
thank_you,0.0,0.0,0.0,0.048758719505227165,-0.28964383590338627,-0.051423834950934555,0.01989983872527319,-0.5420779658474629,-0.10047899472288689,-0.012440017603128016,-0.7651014807612138,-0.13941028688263096,0.01441990193344514,-0.9326919749972741,-0.18153475270568661,-0.216840724795517,-0.5252530636680752,-0.13205371721458609,-0.395255029338235,-0.7638087393583087,-0.18084818255323779,-0.502427911244475,-0.8960239972604057,-0.20852977699789108,-0.5888360408522741,-1.0,-0.2252866241602096,-0.3140525591398332,-0.39864838200658076,-0.13071391475041003,-0.4940906456356792,-0.6686863880801462,-0.16929196840778155,-0.6156005758235288,-0.831816064144811,-0.18943628852810823,-0.7068572338064595,-0.9541370436807071,-0.20525969952879144,-0.3770972681299407,-0.26975521889167997,-0.12664786711086942,-0.5419958603098651,-0.5135048647063455,-0.15029683358169846,-0.6446200206217689,-0.660382507069212,-0.16796348117145207,-0.7179950650644304,-0.7724357122056895,-0.18411829509019229,-0.41104874955510584,-0.15145161281272812,-0.12532288666002958,-0.5323363963000514,-0.34291424534817894,-0.14777541974678446,-0.6069310539788736,-0.45502851530931626,-0.15575090198589786,-0.6691000952536453,-0.5501430113879819,-0.16018553615897071
thank_you,0.0,0.0,0.0,0.053851391031181,-0.289175374842377,-0.04631425022868897,0.022077700420290575,-0.543149121372238,-0.0887370261863762,-0.021213651265494213,-0.7614771441500485,-0.12251739820660434,-0.005077622193618126,-0.9284122081518181,-0.15879885403117897,-0.21922313802740778,-0.5419485852388141,-0.11473663977842898,-0.39975635572999146,-0.7662237065743717,-0.16045136909355634,-0.5043075199038224,-0.8962065865361042,-0.18741018930059125,-0.587737295370815,-1.0,-0.2037163333132752,-0.3161739633936602,-0.41631617499269197,-0.1150032982231854,-0.4946665503871472,-0.6715705557799218,-0.15093756470590086,-0.6141355222828115,-0.8297657541593945,-0.17069346052668768,-0.7038687206720158,-0.9509752695170869,-0.18609778715411127,-0.3784742093398155,-0.2862282130295693,-0.11336926374431167,-0.5433852985507854,-0.5208155935327128,-0.13678650235774575,-0.6451149688796332,-0.6624047477975823,-0.15347429381292282,-0.7179565396562443,-0.7707333432395499,-0.16794599428486545,-0.41180522831146793,-0.16416091787958556,-0.11438086515284092,-0.5363984215429519,-0.3556454018623937,-0.13601510174847603,-0.6114269705354934,-0.4649643694350051,-0.14256197711691804,-0.6735169589062938,-0.5561143501777692,-0.14546967469634525
thank_you,0.0,0.0,0.0,0.05181347636298007,-0.29078340175194933,-0.047107740090160104,0.021470206336487514,-0.5443201979971772,-0.09298866545624082,-0.023328305983084614,-0.7666228532373315,-0.1300681036718948,-0.006983633001305585,-0.9364683386686784,-0.16977634178481302,-0.21265719693736249,-0.5356574462724221,-0.12283116060227443,-0.3965366440926821,-0.7645859602786174,-0.1718016380367011,-0.5034486659636256,-0.8961310290446265,-0.1993947883204534,-0.588404475123434,-1.0,-0.21588525852435095,-0.31139369292989705,-0.40763599407674456,-0.12403176566660906,-0.494964519939957,-0.6700214645780056,-0.16481193112828135,-0.6148545348494056,-0.831683450662145,-0.18642272848078953,-0.7051303361970906,-0.9545382826874229,-0.20249334864968824,-0.3768512752953607,-0.2781093385829401,-0.1227761905703224,-0.5439787459215707,-0.5166800276988925,-0.14944890941249217,-0.6476404066881831,-0.6633577083837929,-0.16761668085798076,-0.7219538863343562,-0.775995431296184,-0.18307360189456173,-0.4135964903229292,-0.16040367890222032,-0.12391739329210819,-0.5367512185805462,-0.35515255872365964,-0.1474385751402907,-0.6116367242588755,-0.4691472722200407,-0.15525964515353793,-0.6739251810962376,-0.5646429752708024,-0.15912390472690668
thank_you,0.0,0.0,0.0,0.046418711489937536,-0.2896860442307953,-0.04467396388058581,0.0062213647883557575,-0.5466602359126682,-0.0883087161134573,-0.04190945144542578,-0.764977436998127,-0.12348884642901271,-0.023061453351640816,-0.9277210096927101,-0.16168947602556208,-0.22152280452629572,-0.539948956044782,-0.12388945407217045,-0.4056574799547719,-0.7674254350176825,-0.17386738005750751,-0.5134997584755773,-0.896959909915009,-0.2025379783236164,-0.6014787641298283,-1.0,-0.21986215958551517,-0.3172964704402128,-0.4101093976661114,-0.1266373742991496,-0.5002258434287078,-0.6668748187175025,-0.16739064239459914,-0.6224718108616029,-0.8255119195039833,-0.18897139004954824,-0.7156973616402802,-0.9481378494843551,-0.2052685821866339,-0.3811221987388769,-0.27914767395186474,-0.12675098031723672,-0.5475314125569317,-0.514454072224246,-0.15321897884155314,-0.6502373768462051,-0.6601149184894508,-0.17159857682911558,-0.7239734005803637,-0.7723272766344467,-0.18698649168187478,-0.41628919390226454,-0.1584103294883041,-0.12918862099384656,-0.5423780255271736,-0.3530522915685058,-0.1524705129345394,-0.6190797056575357,-0.46705682959250383,-0.160663936696794,-0.6817114515237379,-0.5626140235593481,-0.16481371691235291
thank_you,0.0,0.0,0.0,0.04404566218679368,-0.2964326100657159,-0.03756352514596021,0.010396677541156557,-0.547667304446622,-0.07937548519093834,-0.03418383245129623,-0.7595655058921713,-0.11430205196318613,-0.023211496176362367,-0.9218718774608826,-0.1521005649477539,-0.21733438555637605,-0.5357349753304492,-0.11358790752264077,-0.39994644033699717,-0.7576582502239687,-0.1622547286967356,-0.5042697497513201,-0.8916055196967486,-0.18978536193163908,-0.585305650918859,-1.0,-0.20620629642139437,-0.31525861632420277,-0.4118082863594246,-0.11928491652154402,-0.4974800655932706,-0.6651750709253681,-0.1597043498992483,-0.6182244382015373,-0.8262033865020476,-0.18157476013238263,-0.7080197124271055,-0.9540816216690303,-0.19792439250173874,-0.37978162970953194,-0.2839403475275177,-0.12210426367212221,-0.5479044945655476,-0.5166238541934118,-0.14838546004635206,-0.6527408422757783,-0.664927584471367,-0.16681522120975556,-0.7263991385524458,-0.7846091880937299,-0.18241581860311665,-0.41579764818602444,-0.16304864372462247,-0.1265660283722232,-0.5439490170416514,-0.34483979979057255,-0.15028284059318667,-0.6233800003800284,-0.4551423781894419,-0.1590705753741972,-0.6871878864928277,-0.5532898522223189,-0.16350706725183967
thank_you,0.0,0.0,0.0,0.0551999284763925,-0.28739173849520516,-0.04336856456469034,0.032666219769864495,-0.5349963955270585,-0.08870251563477179,-0.014074420011822521,-0.7486032903122858,-0.1265275312051141,-0.004015469620762669,-0.9204182923889601,-0.16656674658812187,-0.200720668247781,-0.535573375261659,-0.117126512653867,-0.38480700508851234,-0.7596606853666698,-0.16773640843159757,-0.48814484888563126,-0.8923398065467489,-0.19562696090242512,-0.5683391848647597,-1.0,-0.2116278924823235,-0.2998408448839307,-0.410622651481229,-0.12044718757869365,-0.4837070655591573,-0.6666288803726169,-0.16290872996491887,-0.6033778306241001,-0.8268521351268054,-0.18439554298840208,-0.6932091805227938,-0.9542454504610368,-0.19996958689771044,-0.3652182696040135,-0.2816311833875105,-0.12152660792436845,-0.5319937997784127,-0.5137601839092254,-0.14910749825747757,-0.6356794535234241,-0.6561962794898134,-0.16465091546380922,-0.7079932724049776,-0.7698105492039792,-0.17770268887958585,-0.4031628448439439,-0.15902553611583806,-0.12491036348338617,-0.5287345904537863,-0.3456385877407179,-0.14833201080485348,-0.6063028104326386,-0.45623253169804817,-0.15447288873450157,-0.6690487435648558,-0.5520073952995862,-0.1565792467154384
thank_you,0.0,0.0,0.0,0.05485469328927295,-0.2869082867677562,-0.05604729557334307,0.030062669128512,-0.5379012756051339,-0.10645871162845202,-0.015553920820968207,-0.7521332536868657,-0.1468379623495611,0.0034877807753463702,-0.9206891505546835,-0.18967203577920722,-0.2041244590979288,-0.5315213761950249,-0.13032496739629407,-0.3807435302547275,-0.7582134482860707,-0.18579276032472206,-0.48510750961509996,-0.8915575431363195,-0.21932756449446947,-0.5707605962842225,-1.0,-0.23985027067058085,-0.3034275587520738,-0.40530620856456856,-0.12922887598173607,-0.47860431807271536,-0.663003253937947,-0.17502431447264039,-0.597691589040716,-0.8274415121236639,-0.20080477193891585,-0.6893754972439149,-0.9563167356140754,-0.21983649586647105,-0.3690888636475209,-0.27656111635966674,-0.12681591966500047,-0.527701568583216,-0.5100597385981946,-0.15816942041206083,-0.6279474408263346,-0.6557292055077482,-0.1785134419990517,-0.7002402884960945,-0.7703175315790874,-0.1947420499709186,-0.4059866574678494,-0.1580264114981718,-0.12775909042385417,-0.5274623855940825,-0.3440095950509264,-0.15485558131991065,-0.6009054289385747,-0.45332699509342284,-0.16454745779243657,-0.6622252768358068,-0.5477116193278593,-0.1694808177391324
thank_you,0.0,0.0,0.0,0.059009304987388454,-0.28001883667844113,-0.05769298262670557,0.03807073338635373,-0.5302239297697852,-0.10656787353708666,-0.004953567219018779,-0.7403365720009916,-0.14472938054508672,0.011872636775573509,-0.9064194920916362,-0.18496216189493195,-0.1969876981007578,-0.5267916731559823,-0.12837303371797038,-0.36710972180880036,-0.7547204587155117,-0.18195331584422958,-0.4660502047244675,-0.890358643353666,-0.21397935543258734,-0.5456840137975905,-1.0,-0.23322304067574545,-0.2940053468888608,-0.40515225547106903,-0.12531026491055147,-0.4627226372824313,-0.6625421959106714,-0.16927652615242678,-0.5771992328937802,-0.8250533352624648,-0.1940291565139454,-0.6655872131760907,-0.9535626112207255,-0.21201998146646203,-0.3569771738900045,-0.2847281906006449,-0.12139115987395173,-0.5115467732972574,-0.5180637663956974,-0.15234831702843368,-0.6132668643104845,-0.6643821818292406,-0.17436904152173716,-0.6880015703375765,-0.7826792871183476,-0.19147171339951624,-0.39216711193355186,-0.17585053040363388,-0.12089162848701372,-0.5088709328118535,-0.36535064882404383,-0.14877955439730728,-0.5814518618729593,-0.47577523898344604,-0.1601837278643159,-0.6422975586964355,-0.5732196620272284,-0.1659627821045499
thank_you,0.0,0.0,0.0,0.05724776864832643,-0.2745025217864364,-0.04993321067567844,0.03917945579724365,-0.5237606900445252,-0.09531502201732937,0.01300059339331417,-0.7341547496963207,-0.13112798887758317,0.038081687175946975,-0.8912702707426823,-0.17056696415057923,-0.17987304662687525,-0.5241706413927606,-0.12766341570180811,-0.33995994910476535,-0.7572939354770816,-0.17931619312669736,-0.4359417231183188,-0.8929432326402723,-0.20977521790379647,-0.5136783195562651,-1.0,-0.22835355978664262,-0.2755771349139976,-0.4064544181853337,-0.12733634435279428,-0.43374249180863145,-0.668548658702258,-0.16962120413772028,-0.5436428799379541,-0.8316315396925708,-0.19382250178240112,-0.627875538410279,-0.9558385991809262,-0.21233437298235486,-0.3391852762053966,-0.2867558324363958,-0.12502133557442946,-0.48601912733881747,-0.5238311476169033,-0.1540204042190258,-0.5835297946332954,-0.6730871354744146,-0.17651855673498282,-0.6557707004257547,-0.789686489030693,-0.19492650977311873,-0.37576356817328743,-0.17560405655418504,-0.12519829039815128,-0.4871368078827427,-0.36530737611495506,-0.15245356791359024,-0.5570890138624823,-0.4777243249272584,-0.16448477277952353,-0.6160328098029368,-0.5745402373104741,-0.1715948495818814
thank_you,0.0,0.0,0.0,0.05518170220041825,-0.2643027186279281,-0.04958492689584289,0.04270924579009439,-0.5148033477572744,-0.09414038782625285,0.022117995729811962,-0.7215023696474684,-0.1289230313093935,0.05369669389240354,-0.8691949336454867,-0.16709589281763795,-0.16191860337669284,-0.5064713077560469,-0.12788855195228915,-0.30588444187239416,-0.745256189361357,-0.1803150512310921,-0.3923289184674672,-0.8871344583130565,-0.21130754113652542,-0.4619132546812046,-1.0,-0.2299420674043197,-0.25913877234286015,-0.4009164682826742,-0.12753412415310197,-0.4018038256325271,-0.6651386934276808,-0.16999031526812963,-0.5034623596515456,-0.8313899155169163,-0.19391853752834803,-0.5826477796337459,-0.9603291639813585,-0.21179574112512656,-0.32867935447383306,-0.29261485446725677,-0.12518694558997204,-0.46202215762868654,-0.5310056862770888,-0.1538348545569285,-0.5521352255439668,-0.6844974637538197,-0.17589114300067732,-0.6191611316436717,-0.8064177331176319,-0.19357540994442396,-0.3732341632579693,-0.1898090691077762,-0.12551222957501323,-0.4754906112857475,-0.3768404992700346,-0.1514889802863459,-0.5414963194837193,-0.48728369568553176,-0.16290828074712285,-0.596290986571267,-0.5809610992007646,-0.16948445800815234
thank_you,0.0,0.0,0.0,0.05809320400603831,-0.26368657406737506,-0.045061699975600694,0.04878016039285633,-0.5104475368987077,-0.09018808265836045,0.03214359869463974,-0.7168241998270235,-0.12637064415853105,0.0711013048895571,-0.8615848457150149,-0.16747306785110924,-0.15439621160309,-0.5035150550702131,-0.13438531839115944,-0.29122839254461397,-0.7412131468376882,-0.18894012805866356,-0.37498973595202684,-0.8843594388533834,-0.22112711469282464,-0.4427004618690836,-1.0,-0.24120278622306648,-0.25193813991217984,-0.3987419197317453,-0.13725187522016397,-0.3902936711923782,-0.6648552546957038,-0.18338294149043644,-0.49016769580273223,-0.8337249507107777,-0.20944834967005022,-0.5684675196707973,-0.9639563245799673,-0.2292266906895792,-0.32007511801258043,-0.28707988663260947,-0.13685099986031213,-0.4541166982593046,-0.5282451781638241,-0.17025308851344412,-0.5429479147725758,-0.6815367951519175,-0.19555568833795725,-0.6087343169269537,-0.7997677317857387,-0.21529000944898138,-0.36155128598278846,-0.17823634803168248,-0.13799246659669004,-0.4654720041227041,-0.3673343687745607,-0.16908512266382764,-0.532404144252107,-0.4764833445228163,-0.18402362728748706,-0.5890298726944246,-0.5686118701034389,-0.1931533563113905
thank_you,0.0,0.0,0.0,0.05505840599313931,-0.2625162458712174,-0.043588271971742566,0.04395099588007803,-0.5119599204851274,-0.08920316851947988,0.03569601149022254,-0.7218966643875706,-0.1274046120750348,0.08606208340114992,-0.8564415546072895,-0.17155957385745077,-0.14038927464529202,-0.4987691505142762,-0.13497146962029358,-0.2716264074163413,-0.7374954535647665,-0.19177805953407218,-0.352632355891337,-0.8823266427470551,-0.22548716699442398,-0.41699267374436666,-1.0,-0.24682541128071195,-0.2373215104797698,-0.3988286111771594,-0.14075232438796859,-0.3729393938246936,-0.6634621108604144,-0.1883542540034735,-0.46816239367707424,-0.8363352136162165,-0.21491726424082408,-0.5424422847897353,-0.9727212165486457,-0.2350811991465387,-0.3083362266497323,-0.28850998392015753,-0.14357203900431484,-0.4379128997637058,-0.5308754997637746,-0.17829955655949056,-0.5235766001645491,-0.6873060775473027,-0.20459644764083848,-0.5860839338183552,-0.8091063248183232,-0.22499462934202594,-0.35475614762348323,-0.17924465000277,-0.14803610504694276,-0.45623129165558374,-0.36507522221186095,-0.1799538331506741,-0.5223216636047407,-0.4758656120198629,-0.19585752812504373,-0.5770561844767066,-0.568299586769039,-0.20608737300772761
thank_you,0.0,0.0,0.0,0.059666614554572436,-0.2545199972892765,-0.04562295586103722,0.05570620722139432,-0.5025533807888877,-0.09125641282360442,0.052495274685532584,-0.7118985666042887,-0.1284986152160192,0.10479076770508401,-0.8469905601066039,-0.1707600489002481,-0.12388744592811081,-0.49869160621775566,-0.13245855077259316,-0.2431795780530698,-0.7358995408544281,-0.18796065695109698,-0.31735334415386174,-0.8809983983918163,-0.22077263590004748,-0.3747868827820075,-1.0,-0.2420146815368226,-0.2216742810711652,-0.4078043676197365,-0.13645970912044741,-0.3459014061542818,-0.6664746570834091,-0.18372976436485874,-0.4295174979216668,-0.8381776053978288,-0.20999096790597618,-0.49425363515405835,-0.9781418560538709,-0.2298625129915485,-0.2940927027188423,-0.30452999475971515,-0.13793812070691178,-0.4148351390285814,-0.5417902651476774,-0.17375240209343346,-0.49515240103678465,-0.6982974777522735,-0.20161351542247705,-0.5550850556604134,-0.824472683757197,-0.22301143604927148,-0.34066271487013017,-0.20160318496595156,-0.14110031347760002,-0.4331381422284429,-0.382337321362313,-0.17457743453488955,-0.49719097919519695,-0.48922520946042514,-0.1929091322362094,-0.5526355076601424,-0.5798864985168183,-0.20488246599672771
thank_you,0.0,0.0,0.0,0.06229672611932492,-0.2480428219019984,-0.047349322348736,0.06244590338246901,-0.49671446276074765,-0.09581138859431138,0.060904795221176616,-0.7025911271136617,-0.13607155365761514,0.12404440632508251,-0.8309364209682022,-0.18193261836684865,-0.11499401242268642,-0.48853028369518436,-0.14029439279694594,-0.231363984410976,-0.7260178107952328,-0.2002293058539451,-0.3015447790591915,-0.8766771467038807,-0.23460780820620464,-0.3538309080739434,-1.0,-0.25655860696933785,-0.21194434918784938,-0.3981236778182524,-0.14571324224723525,-0.3315465509572891,-0.6581816244885516,-0.19680565003599423,-0.41111857276158636,-0.8287116394305275,-0.22309381535383588,-0.4725047656867543,-0.9670998075328999,-0.24296691935388537,-0.2856720339542168,-0.2945648886392567,-0.1486639563873918,-0.4022036425174265,-0.5329616946403302,-0.18759364046356353,-0.4790267554940339,-0.6882557272905838,-0.2137530316865386,-0.5365979740490096,-0.8136918972747305,-0.23371682108001848,-0.33587026662174624,-0.18972454635771252,-0.1534985247395525,-0.42479864623306085,-0.3756748410622458,-0.18848765879815157,-0.4858284526697086,-0.48422655310129414,-0.20594863167640393,-0.5396907264339016,-0.5751049404348735,-0.21749690854104237
thank_you,0.0,0.0,0.0,0.05963996672586588,-0.25123327095948855,-0.04484714478471003,0.05837804965359285,-0.4959509360293032,-0.09309252594004869,0.062313107882500836,-0.7054579401485563,-0.1335367758922225,0.13557523130599322,-0.8288867235973367,-0.1800347390006589,-0.11379269407555398,-0.48784520219360605,-0.13700992071952817,-0.22578394861986914,-0.7254444115774278,-0.1945527171026278,-0.29164148592058026,-0.8753071499870783,-0.22859930419731012,-0.3420397123583051,-1.0,-0.2506625361302936,-0.21059787124246088,-0.39875670083421777,-0.1433253758471493,-0.3268416474300923,-0.6577833679263736,-0.19214026383960822,-0.4044250762366895,-0.8280781839637655,-0.21874665351834352,-0.46507158386631087,-0.9671613859989706,-0.2391167265729583,-0.28456345721626586,-0.29530083048098515,-0.1469018512955705,-0.3991932130290292,-0.5285711285873986,-0.1833509502533811,-0.4735079260859192,-0.6850351218704018,-0.20976369965024194,-0.5266387353977163,-0.8120323925117656,-0.2297714386476958,-0.3349872295381188,-0.19199112557480305,-0.15222247404966152,-0.4266533023387629,-0.3861383568391292,-0.18260032289111022,-0.4823234882747699,-0.5009473472046106,-0.19738700814481888,-0.5274390077548706,-0.5977579807739527,-0.20748976460358723
thank_you,0.0,0.0,0.0,0.06346595578486847,-0.2474666811384411,-0.045390941948620804,0.06620406624873902,-0.49392623928494434,-0.09576274252966475,0.071958747501013,-0.7011346389587337,-0.13778969378289338,0.14034466538351,-0.82809169964869,-0.18596565663433373,-0.10421265963693604,-0.48470064853293765,-0.14822461389886393,-0.215837277912173,-0.7263218137677866,-0.2083975136867344,-0.2807431035569625,-0.8771453895458086,-0.24213154254766622,-0.3293422065606444,-1.0,-0.26313629043683606,-0.20252528603401518,-0.39438569054768663,-0.15393258521033595,-0.31841756110119396,-0.6568051782038531,-0.2042044769817589,-0.39325216013569936,-0.8271424858151516,-0.2292889250801793,-0.44972434413328105,-0.9630099459806825,-0.24857097891617297,-0.27783879380848514,-0.2924847645140619,-0.15630882547973596,-0.39147848534128926,-0.5307296603594769,-0.19259240844842085,-0.4634488146739822,-0.6896494328459754,-0.21742354534252767,-0.5138405370396077,-0.8171505087154111,-0.23690499281999644,-0.3298583426167229,-0.19221671129256715,-0.160288394549561,-0.42116040357057943,-0.38499729233320795,-0.19135232518497836,-0.4777571749860894,-0.5010398003027491,-0.20668454009943246,-0.5240167479904281,-0.5986878777435084,-0.21726938289013106
thank_you,0.0,0.0,0.0,0.06665079924280255,-0.24000323311183536,-0.04489637818565201,0.071051442088789,-0.4907401656340419,-0.09211374466699446,0.07286344226700767,-0.6989711184728449,-0.13141027700548338,0.13907233872411667,-0.8255898482938462,-0.17704793005448838,-0.09925520829968959,-0.49357758565717386,-0.14274035056043394,-0.20561398731633002,-0.7270162104451044,-0.2031802562536093,-0.27072773339150286,-0.877403281177873,-0.2390449819931381,-0.31966200730862154,-1.0,-0.2621655411227287,-0.1979938971701493,-0.4076945742851336,-0.14946914034472808,-0.3103138917639623,-0.6669050092860869,-0.20070302095511705,-0.3867300303584564,-0.8412815379541988,-0.2287504524614275,-0.44412157494285326,-0.9815491508360956,-0.25043060395391775,-0.2749304475160111,-0.30642347437949347,-0.1531723950051213,-0.384157867948251,-0.5386042994093443,-0.19199461269458257,-0.45531779816471213,-0.6961456238622205,-0.21943865145416078,-0.5040464415314416,-0.82320062502412,-0.24062708671912938,-0.3307692040134976,-0.20042212647661867,-0.15838602593381115,-0.4174205763386234,-0.38194876809660644,-0.1929024761293962,-0.47487820758399923,-0.49399861897097935,-0.2110918150756237,-0.521424583277226,-0.5911113937875557,-0.2236442020049078
thank_you,0.0,0.0,0.0,0.06913197072101458,-0.24164019075702617,-0.04369017521824444,0.07227156780877325,-0.48999960856971375,-0.09109771918075847,0.0704577777197881,-0.6968943268703844,-0.12982920575143772,0.13701462644503015,-0.8273694579995303,-0.1747136910043017,-0.09207957125335978,-0.49329936588293627,-0.14592712285302695,-0.19825381318337204,-0.7286326361525013,-0.20441132334035764,-0.26152215821612174,-0.8775141241094961,-0.23769672005495276,-0.30955571031549284,-1.0,-0.25887014242780315,-0.19317060162834998,-0.40663343858458806,-0.15199396609824498,-0.30471118968711675,-0.6711351152109809,-0.201695734955399,-0.3791191513791394,-0.8490305576576812,-0.2279212991042991,-0.43531312791941756,-0.9937274927585397,-0.24832403194008104,-0.27188291015370164,-0.30659038125309884,-0.15430171266670611,-0.3776958130007046,-0.5441221849638579,-0.19138778533247686,-0.4460447600532345,-0.7036735732366065,-0.21782572079867032,-0.49296991205866236,-0.8314830641162809,-0.2384750139408117,-0.3274281725424702,-0.20368515304924192,-0.1577524764450522,-0.41228797526160593,-0.39333116959369535,-0.19022230165511977,-0.46619396023068294,-0.5076064690378643,-0.2073102927370331,-0.5104205266042118,-0.6064264698207249,-0.21924863105022951
thank_you,0.0,0.0,0.0,0.06867033175992045,-0.23603361392208366,-0.04098252342268972,0.07318118232634012,-0.4815566085908784,-0.08581814041623358,0.07650954843161466,-0.6878336384226922,-0.12262526161673405,0.146506303690341,-0.8155642927837394,-0.16535761170353352,-0.09289789628124612,-0.48769480164083984,-0.13790573327056507,-0.19322104186596503,-0.7259192883445323,-0.19327011950872158,-0.25442137770198475,-0.8769173702712746,-0.2251200344534652,-0.3004649980768734,-1.0,-0.24549286916328011,-0.19272842151283842,-0.4054995797159413,-0.14371139331867136,-0.29989445828999606,-0.6704566266280862,-0.19024742009426657,-0.3715467569988727,-0.8464533168452769,-0.21514461493759757,-0.4252352029894981,-0.9858778361838452,-0.23465658661469846,-0.2707204768278118,-0.3088356318072019,-0.14560190746712076,-0.37476688355600823,-0.5460900378618353,-0.1800818478180011,-0.4424901192697123,-0.7033857379561292,-0.20595548075373069,-0.4895679652668419,-0.8268648928367344,-0.2266517707698631,-0.3259400885950482,-0.20888276654416635,-0.14855750732735482,-0.40702186137301377,-0.3938498093133774,-0.17970518967655727,-0.46126902882635973,-0.5033800814616708,-0.19655822180617935,-0.5063281420461496,-0.5967740213347648,-0.20836872141727497
thank_you,0.0,0.0,0.0,0.07152965916503799,-0.2373744775165126,-0.04369804071119789,0.07772975331905893,-0.4811158613212429,-0.08880624954604836,0.07767706727084325,-0.6852566280669764,-0.12491431860076016,0.1467364802736951,-0.8120602741360461,-0.16606608384275284,-0.08889530487876049,-0.49060502388218036,-0.13654584786113233,-0.19376923446037167,-0.7269377766422809,-0.1910179632432537,-0.25338665917930375,-0.8767457724714912,-0.222024168687068,-0.29662431572981685,-1.0,-0.2410169216806082,-0.19007351081668886,-0.40988999801576237,-0.13928459023057144,-0.2991615947564251,-0.6701172515844721,-0.18356286715687065,-0.3694099292288578,-0.8443446633734374,-0.20605036678401553,-0.4199116949409722,-0.983402922146556,-0.22304256973521236,-0.26929590040942736,-0.3152439704465313,-0.13869869097861606,-0.3714046230143034,-0.5482476134030713,-0.17072133187569896,-0.4346551965627298,-0.705883296998873,-0.1940836225418711,-0.4763134064431957,-0.8314655994148444,-0.21224829270451373,-0.326010567038052,-0.2176661669327447,-0.13969437623443356,-0.40550003436751453,-0.40513415002652137,-0.16797545662588606,-0.4560775869336007,-0.5149427359394717,-0.1826112355429073,-0.49691073329900903,-0.610185655907257,-0.1921224046609072
thank_you,0.0,0.0,0.0,0.07487675490868151,-0.23406303370053042,-0.04292601439565386,0.08441615207035312,-0.47260770708536975,-0.08894925307300201,0.08558971329389772,-0.678502666762822,-0.12608768787865626,0.1582018808561055,-0.8036148094993831,-0.16849464379693577,-0.08203582023366712,-0.4852552752057232,-0.13663459931588864,-0.18289534109705916,-0.7293944284086142,-0.18861138416185813,-0.24225679941903103,-0.8784088665163237,-0.2177367310493976,-0.28766176757627293,-1.0,-0.2358377611753605,-0.18458877577980612,-0.40594636911487697,-0.13941689296470686,-0.2902544604361402,-0.6777398275488491,-0.18191657877783468,-0.35910550183538853,-0.8520863554827481,-0.2033191960684336,-0.4104201948251631,-0.9881774573035506,-0.21972707639611913,-0.2648080912398677,-0.3142493839576834,-0.13825610067006663,-0.3663883698112974,-0.5556569020751148,-0.16783889062018906,-0.42998133925328685,-0.7124524303982473,-0.1899555301360092,-0.47275926562318643,-0.8336307255877208,-0.2078568765976871,-0.32268245263063133,-0.22080516165077363,-0.13845837881791387,-0.4015094969900735,-0.4146757176361882,-0.16383668097484744,-0.4502742297904178,-0.5257080559304725,-0.17628414827865685,-0.4892565182787573,-0.6199929316093319,-0.1847384408445885
thank_you,0.0,0.0,0.0,0.07565720801733496,-0.22887343137100163,-0.04030284824427819,0.08891063116474471,-0.4662187569814699,-0.08462792356482987,0.09508450822709025,-0.6686662111744848,-0.12062416884590536,0.1688002065823556,-0.7888370679298954,-0.16217302680963402,-0.07654985987839043,-0.4810407481092979,-0.13438936983983074,-0.17727332118072817,-0.7290786957389785,-0.1854224402644652,-0.23689045716759904,-0.879011665492139,-0.2134010190605177,-0.2828385971209618,-1.0,-0.23078901818120842,-0.17694585820763772,-0.40207490302621346,-0.13846550079117537,-0.28117581743300596,-0.675296502467647,-0.18050587864358125,-0.34931406880188254,-0.8498690066750378,-0.20220491763535,-0.400660913840546,-0.985351381194074,-0.21895336733207454,-0.2551488976172574,-0.31140337531747636,-0.13834891583702913,-0.3568261100832073,-0.5544801572082614,-0.16804434639022758,-0.41988823790425,-0.7122787468964239,-0.1906612579937743,-0.462902635047764,-0.8343855810201972,-0.20888892505968817,-0.31168975287406725,-0.21948822052633918,-0.13936298323956678,-0.3919732601465114,-0.41334971760081346,-0.16570678958455445,-0.4406087931252464,-0.523905447893685,-0.17864930596136416,-0.47976148654684475,-0.6177951433946122,-0.1873607566540643
thank_you,0.0,0.0,0.0,0.0810571496737694,-0.22439250545947909,-0.04306669348359255,0.10241055870274095,-0.45356741995674194,-0.09062601014056038,0.11298845243880667,-0.6557386786999864,-0.1293461070289755,0.18377776697105716,-0.7791211111716723,-0.1738882679807183,-0.06995231951570806,-0.48548680994419924,-0.1360164975265608,-0.16748981783894382,-0.7309318044072055,-0.18823757575042768,-0.22416869211083648,-0.8795944564134315,-0.21781775722935495,-0.2671326140191525,-1.0,-0.23612757397819803,-0.17124495379637375,-0.4098561752412011,-0.1391196332959973,-0.26792383459581576,-0.6836010335721655,-0.18157653800715814,-0.3319316780991254,-0.8563834700256565,-0.2036170735991106,-0.37962774691516177,-0.9905543912945991,-0.22029147405186142,-0.24994312872621074,-0.31989120533483556,-0.1383731468310341,-0.3472606486360522,-0.5643601679799553,-0.16794785128807743,-0.4097412903724848,-0.7208314009067419,-0.18931729361016172,-0.4518952249997307,-0.8422976712641285,-0.20674778826458837,-0.3062057901321078,-0.22661301456263624,-0.1388576949793805,-0.38198133643087306,-0.42123320420752774,-0.1644018212946409,-0.42603976517793934,-0.5332219624620219,-0.1750663070526705,-0.4597233885683681,-0.6292655495201109,-0.181989915468901
thank_you,0.0,0.0,0.0,0.08337790253469826,-0.22029125410332523,-0.04535190299970627,0.10679025969724862,-0.45419678508123185,-0.09392613876359704,0.11954644633777844,-0.6521818986309943,-0.13391489260549186,0.19571930242844388,-0.7686371173602977,-0.17978408180403638,-0.056705125985196364,-0.47854503481573746,-0.14241896311543764,-0.1535595742287277,-0.7267872236268069,-0.1980689858778784,-0.21186644169228333,-0.8794468949305306,-0.22786532006140311,-0.25558690743551765,-1.0,-0.24599933046378597,-0.15863249693663403,-0.4033312017218094,-0.14666703546546536,-0.25297826459863415,-0.6784820003644255,-0.1941019562765151,-0.317191397067143,-0.8531311033285409,-0.21725549126455804,-0.3660167313846786,-0.9870211628020391,-0.23404454025390808,-0.23883126007356284,-0.3174301418711883,-0.14727329926537197,-0.33134948155093863,-0.5658565653244038,-0.18105010862060977,-0.39071897366908465,-0.7235960337629797,-0.20265079143721937,-0.4311858944523132,-0.8460032122175227,-0.21934036342488392,-0.2973602119652717,-0.22976389093212135,-0.14944779171227734,-0.3682137173609285,-0.4274418389108255,-0.177734067032106,-0.4082823257593593,-0.5445979256861507,-0.18958513427071422,-0.4389208379004465,-0.643455581941673,-0.19713709664867393
thank_you,0.0,0.0,0.0,0.08932425971340754,-0.21488350895273525,-0.03942817316583447,0.11370214346488065,-0.43800611241454857,-0.08155755331788364,0.1254070101744296,-0.6352403502399696,-0.11615989554647364,0.19721331702369088,-0.7556577492017508,-0.1556125848431179,-0.05417956581611806,-0.48940498182223724,-0.1190363146808964,-0.1429328485715357,-0.734793916423972,-0.16534264856627068,-0.19765812545432337,-0.8820115061190931,-0.19194045065902676,-0.23955589322087167,-1.0,-0.20932569724527494,-0.1563441285206692,-0.4214682186468393,-0.12296174103476597,-0.24533180472008692,-0.688013072604355,-0.16105155073754412,-0.308054299458103,-0.8574952232177127,-0.1819981816114012,-0.35367259041849813,-0.9887692308435058,-0.1984607806090373,-0.23468207059933752,-0.3387962910958976,-0.12376173036515709,-0.31779244987577066,-0.5824207974655575,-0.15092871907806268,-0.3718834241430236,-0.7360874656878735,-0.17162299278104942,-0.4072076346120825,-0.8553257360782928,-0.18887933504279086,-0.29071071342991556,-0.24995900327507103,-0.12585314670504352,-0.3573841820392986,-0.43778145518981526,-0.15136800562400776,-0.39875957347956864,-0.5483470876876093,-0.16353592611723658,-0.43023644851044696,-0.6457950556420908,-0.17155013206579298
thank_you,0.0,0.0,0.0,0.09585461134382582,-0.21101434095662414,-0.04414819797131364,0.1275996304809143,-0.43274109000644206,-0.0896173457070979,0.14085486237139108,-0.6281795163622371,-0.1260127928889046,0.21033880421534276,-0.7429268609828873,-0.16718374453237025,-0.03804699089555162,-0.47629897000582694,-0.13467458650160788,-0.12854165515615096,-0.7273310920138489,-0.18553428674784272,-0.18358479894238058,-0.8794118094595812,-0.2123410607002461,-0.2265441185624754,-1.0,-0.22898713795310457,-0.14334438858188303,-0.41016553416753687,-0.13626833691608814,-0.2306046623426999,-0.6874202316174792,-0.17961119573517473,-0.28981046971285296,-0.8605913330637804,-0.19960332396640196,-0.3340844088935527,-0.9927993739689867,-0.2144962157526905,-0.22545896342133728,-0.33396642186935876,-0.1342341185634425,-0.3087654513162348,-0.5877000398796142,-0.16454918582377648,-0.36251627102091405,-0.7454511323377453,-0.18278535182484715,-0.39923749461633345,-0.8652471824088345,-0.19752142258190966,-0.28450951614172343,-0.2570048692838033,-0.13381673946535647,-0.3485600334660023,-0.45538906546709396,-0.1599350591315883,-0.3860160314258846,-0.5712498821146887,-0.1702984494016622,-0.4157370441906973,-0.6677041930228658,-0.17670773849566587
thank_you,0.0,0.0,0.0,0.09465046395267573,-0.20460831800147686,-0.0484031080911305,0.12354597679570457,-0.42966390228954376,-0.09140034068599119,0.1313601970875327,-0.623494096781057,-0.12576907395367712,0.19669494026531076,-0.7390327062109462,-0.1636686661404258,-0.04723269579456968,-0.48256326838439983,-0.12206131831540962,-0.13074450041564573,-0.7220549815109317,-0.17436723356567113,-0.1824297530470929,-0.8736647759732146,-0.20516306895300895,-0.22267088005058,-0.9979093767171376,-0.22511495175343157,-0.15154810367443736,-0.42187681302483093,-0.1238834877559412,-0.2330614982060012,-0.6859608643008572,-0.16872541318679765,-0.2881854470301013,-0.8591739005978919,-0.1923916426078934,-0.3300263356681359,-1.0,-0.20955970842001345,-0.23286035716866738,-0.34659709496142105,-0.12408010695542247,-0.30773795465161863,-0.587883331738578,-0.1581212189399481,-0.3553278756365395,-0.741934111170191,-0.17808099476983655,-0.3884572014103289,-0.8664847434402062,-0.19281154773812031,-0.29267684322424803,-0.2668357511035101,-0.12687076726083224,-0.34709473936651475,-0.45961542576535136,-0.15660134647192497,-0.3811751045372202,-0.5735180988578725,-0.16853747430105118,-0.40876970077949215,-0.6724793277319067,-0.17524006939186945
thank_you,0.0,0.0,0.0,0.09937207539244072,-0.20144523462171376,-0.043550591538355776,0.13093847064882733,-0.4131873891294786,-0.0855398033686719,0.13698045826536193,-0.606657401053985,-0.11941322922200014,0.20268776235777863,-0.7247764600713785,-0.15761047373402076,-0.040057298566109706,-0.4853197949075648,-0.11781743717255704,-0.12263183159316786,-0.7246743611443248,-0.1670059147900413,-0.17494391851792548,-0.8729278374507292,-0.19616261330617116,-0.21645636988723416,-0.993741011648029,-0.2152394331871335,-0.14550263950035702,-0.42207550588397735,-0.1199803543236534,-0.22288438868510518,-0.6861963547117682,-0.16163382983595503,-0.279763781977627,-0.8605388619308106,-0.18430210102237374,-0.32258188414980604,-1.0,-0.20142937835514785,-0.2261304052873631,-0.3434664627713279,-0.11990685930235362,-0.2988241120715613,-0.5890578148949693,-0.15160411945333685,-0.34675793770539304,-0.7460932574840945,-0.1723947731392864,-0.37952051102619794,-0.8713571345919916,-0.18855057107805492,-0.2835858472087936,-0.2596040247072921,-0.12155642547915071,-0.33868085917381546,-0.4509372519441743,-0.15079050849951572,-0.3737245332053261,-0.5641763063719778,-0.16354879244992093,-0.40150921661600075,-0.6635730151563426,-0.17110391047465998
thank_you,0.0,0.0,0.0,0.10086709387726531,-0.19806580010795324,-0.0477997070265153,0.13167679785352202,-0.41228894609433675,-0.09119099104567716,0.13503564672892335,-0.6039024362049904,-0.1258984873426109,0.19565643893625267,-0.7239784337530838,-0.1647226746989796,-0.03812897941149744,-0.48389691973601867,-0.12460560506463673,-0.11909632660321978,-0.7233095859726276,-0.17736200728329762,-0.17123169458669993,-0.8717867290710529,-0.20848195243328424,-0.2127681692676165,-0.9924996251177227,-0.2288202391361858,-0.1429123488309292,-0.42287250695258116,-0.12657322527019746,-0.21871426777865152,-0.6862118137848147,-0.1733124960109809,-0.2757971185279826,-0.8609670004055472,-0.19891807939684056,-0.3202779844402181,-1.0,-0.21740820449995324,-0.22378601559060737,-0.3467669092778467,-0.12667234430487317,-0.29460224107354727,-0.5911280215752377,-0.1632876161097764,-0.34162259324775207,-0.7501978768337523,-0.1870303777511154,-0.3744041619478594,-0.8773751240643597,-0.20453230273548592,-0.28301316085644623,-0.2628224991017275,-0.1286417205168186,-0.3374308153553065,-0.4513072072763446,-0.16242728335880838,-0.37054857398634883,-0.5657053839516991,-0.17802824613998214,-0.39588162518130016,-0.6668105722260879,-0.18714553163266415
thank_you,0.0,0.0,0.0,0.1003408010036569,-0.19691284763387948,-0.037374406197071816,0.12969436290502215,-0.4084738057078261,-0.0744319198911789,0.13290829563896328,-0.6000692188042003,-0.10357993431654151,0.18883532509365963,-0.7179881934207164,-0.1367577110948772,-0.03445785797259162,-0.48166725635500773,-0.11345509393409581,-0.11312808503358388,-0.7240324726614079,-0.1584653144985394,-0.16362134384039284,-0.8688922754398009,-0.18422787525402942,-0.20469760015223726,-0.986419787315221,-0.20083160594908767,-0.1396083734274146,-0.42425125071164305,-0.1163848026637622,-0.21492202408763977,-0.6915005798689537,-0.1543673218438612,-0.27021712083170946,-0.8642163041947477,-0.17474315443076358,-0.3124033354830965,-1.0,-0.18994896143789938,-0.220339411586604,-0.35159592349447527,-0.11615080128127647,-0.29199134969736856,-0.5929422339620787,-0.1440361908363259,-0.3373150161326758,-0.7479660478142202,-0.1639064890694978,-0.36742299053589594,-0.8678059466419743,-0.17956184810778175,-0.2784960458324892,-0.2714785445336521,-0.11691912567581673,-0.3343931445343452,-0.46080693939778694,-0.14276070755706222,-0.36575112169434526,-0.5702900100913896,-0.15392138316346715,-0.38804669701539984,-0.6654794134706661,-0.1602404444373893
thank_you,0.0,0.0,0.0,0.09432802461428333,-0.19864303854260154,-0.03916434145096625,0.12411460304962665,-0.4097017592860837,-0.07710602678928268,0.12815344512220578,-0.5979393997251672,-0.10752832153464485,0.17677156975288832,-0.7211611032948274,-0.1414574581143956,-0.038611128571066244,-0.4777958993733163,-0.11297638874911828,-0.11692595881540532,-0.7239527532038755,-0.16087669261535098,-0.16793764637809377,-0.8720228347857127,-0.18895477177558437,-0.2112199562088572,-0.9921269517801199,-0.20674679425119386,-0.14189996973782815,-0.4210654332429249,-0.11649159954696366,-0.21456352448912303,-0.6893620352941047,-0.15760265565265222,-0.270509789206093,-0.8631659902968859,-0.18022340266357353,-0.31610327198508975,-1.0,-0.19690241207446307,-0.2222468236928388,-0.3504817923649533,-0.11736493534411983,-0.2901321532189042,-0.5952035166502596,-0.1476168872226981,-0.3353086450092858,-0.7515976646614236,-0.1668442066228297,-0.3681764985643191,-0.8724645585228027,-0.18170331108624013,-0.2822932897532853,-0.2729651052425708,-0.1197034797257767,-0.3326716929282771,-0.46757607565007353,-0.14687919755441783,-0.36302617937796033,-0.5805749623613253,-0.156934851752156,-0.3870177330655895,-0.6758199890703307,-0.16212127563145134
thank_you,0.0,0.0,0.0,0.09261282427771556,-0.19679511816826895,-0.032903112005465855,0.12462197763382202,-0.4033752530307048,-0.06896166546430926,0.12855366892660267,-0.5864605614661487,-0.09890529144222497,0.17480693315301715,-0.7104380226750316,-0.13290142614662812,-0.04169304791597864,-0.4833369928048858,-0.10444532440176961,-0.11907868172168821,-0.724678997975284,-0.15072152728287247,-0.16701268988718299,-0.8693325649096317,-0.17807688715969475,-0.2050622053984953,-0.9874893890349585,-0.1953242862239309,-0.14107658700411255,-0.42526921416578434,-0.1115767081578392,-0.2144773032153468,-0.6913366002315148,-0.1520304122106654,-0.26681161361843925,-0.8639945704468917,-0.17510274016997135,-0.30569746405284504,-1.0,-0.19196213203713355,-0.2174930944948718,-0.35047222860876875,-0.11587387953657521,-0.2874722766613798,-0.5961571550847462,-0.14612116587706786,-0.33076031067541667,-0.7547089795122637,-0.16563130007868235,-0.35889852440857073,-0.8785755983196794,-0.18069275607593435,-0.2749745999228179,-0.2649175725263233,-0.12095171967126049,-0.3303490806626181,-0.45858245110803597,-0.14860866259549782,-0.3617314335645999,-0.573443242380114,-0.15888303399013118,-0.38537739446827435,-0.6725678617709026,-0.16414552000646862
thank_you,0.0,0.0,0.0,0.09565785001807206,-0.19607092118010722,-0.03579768086302985,0.12892726209376337,-0.4010166685019038,-0.07393959059681045,0.13348208803236025,-0.5864510945259265,-0.10468662421623981,0.18328529454604536,-0.7083859443469354,-0.13905761492380464,-0.03557102161570895,-0.4714578838456713,-0.11406571085836824,-0.11264947530728057,-0.7213427716354629,-0.1624580589665772,-0.16311154254169663,-0.8713191462624786,-0.19027638032432692,-0.2046258765901907,-0.991606725282132,-0.2073179457488395,-0.13781946216655935,-0.41397381312250636,-0.11834592555255691,-0.21012428945381756,-0.6883810130064898,-0.15981860976620643,-0.26506565759297906,-0.8642328036955225,-0.18192281178234404,-0.307910485698954,-1.0,-0.19821971782634595,-0.21702181943614532,-0.343481824646738,-0.11931035722826383,-0.2848791583591774,-0.5935193491646075,-0.1489336039288829,-0.32856079114694287,-0.7532132252584908,-0.16658599393127244,-0.35854327758972326,-0.8752845278717521,-0.18056645516075018,-0.27631983963306256,-0.2649889425638464,-0.12136035218268384,-0.3283939538085085,-0.4626823826434587,-0.14742819048168238,-0.35771948352300803,-0.57908581706504,-0.15605821476075943,-0.38075533284485347,-0.6781115123951496,-0.160410682001776
thank_you,0.0,0.0,0.0,0.09858578766388715,-0.18948217702035816,-0.03875596052590893,0.13045387585015875,-0.39348989255166283,-0.0765488129346904,0.13338927264075906,-0.5771407903421258,-0.10673557334430152,0.1823052058583568,-0.7009427163912535,-0.14066408503468533,-0.035089216242287516,-0.47289390278603727,-0.1127099838661389,-0.11176752337506085,-0.720179750941516,-0.16125627685718244,-0.16054326723075632,-0.8708509635952393,-0.18878029540373914,-0.19876238218012957,-0.9911350103843243,-0.20584285992449577,-0.1355294234328762,-0.41766448931046274,-0.11608442681808134,-0.20517401860559206,-0.6862403865794465,-0.1585202622415953,-0.256512449185292,-0.8618423212083834,-0.1818607775575389,-0.294581456828013,-1.0,-0.19862712219273762,-0.2126961499876616,-0.3473484650209438,-0.11680704945327139,-0.2778643673827134,-0.5950837692440598,-0.14857282931661628,-0.32101695142056846,-0.7538518030784198,-0.1690763303117561,-0.34981433371286524,-0.8793325380610969,-0.18483224496862866,-0.2702846174644774,-0.26653831061979677,-0.11867248891858397,-0.32268962067403456,-0.45398888324335684,-0.1487300897441348,-0.3541232084236411,-0.5679681082976595,-0.16161085322122454,-0.37780670948962336,-0.6685955757307892,-0.1686797896279138
thank_you,0.0,0.0,0.0,0.10137848740358402,-0.19217275811174167,-0.04277596602696028,0.13660534238452904,-0.3965641855143421,-0.08234419667641048,0.13772336770646781,-0.5808322694269413,-0.11466211117305636,0.1931120201467019,-0.7007147432915501,-0.15056853478945037,-0.03410024902123128,-0.4711373961117158,-0.10971863096012625,-0.10694342825240137,-0.7198602118766038,-0.15767708669003383,-0.15420979198547774,-0.8707887044166529,-0.18575885254079572,-0.19219762607121912,-0.9917081642464368,-0.2034314308166707,-0.1333849019070229,-0.4152029197685738,-0.11229439143702538,-0.20017332888305442,-0.6839473825757597,-0.15327866567039505,-0.25039016080512444,-0.8607785959486519,-0.17634720383242403,-0.28916924092420776,-1.0,-0.19313146761012767,-0.20989916399958464,-0.34395979113138647,-0.1132015356680918,-0.2728203452006467,-0.5869731458612287,-0.1444169822144129,-0.31322307266759397,-0.7443614285395349,-0.16465962040459112,-0.34089046521913957,-0.8682283374450214,-0.18012222761389998,-0.2681997512091747,-0.2627108443450856,-0.11601140653187679,-0.31761016208109705,-0.4494345796683218,-0.14516653667671398,-0.3487709070616027,-0.5636573284168398,-0.1573843816701939,-0.37365928527895453,-0.6622691957407939,-0.16414816870925175
thank_you,0.0,0.0,0.0,0.09570774634256157,-0.1891168401137495,-0.04163125410565048,0.12721102470153664,-0.3924876582490533,-0.08288123331127906,0.13091172319030278,-0.5760275645523364,-0.11610049429408868,0.18536297022292655,-0.6992908458590594,-0.1532490752473151,-0.032188909596023274,-0.46800286503683364,-0.11901543761912656,-0.10671531487187014,-0.7141698210626849,-0.1697582417171802,-0.15337741791898016,-0.8632874634116233,-0.1985494676273868,-0.18996657197907535,-0.9836421757426778,-0.21643101402588716,-0.12971847608274154,-0.4113432946275584,-0.12268975446378008,-0.19611198892293552,-0.6803036802228348,-0.16804398871863185,-0.2452750135299452,-0.858785462565545,-0.1931018281655622,-0.2823361803872464,-1.0,-0.21105790392330523,-0.20653669316478518,-0.3387775459345721,-0.12382244525233219,-0.27071045544104355,-0.5872851319544735,-0.15872836296507883,-0.31186535384091085,-0.7483545238990682,-0.18160930380038912,-0.33885543737442725,-0.8754309099041686,-0.1986001126104862,-0.26578253922673545,-0.25698360501795003,-0.1260627861307704,-0.31916864802692896,-0.44662873876967907,-0.15879798524134656,-0.3497965416511648,-0.5616813916728298,-0.1736366251946179,-0.3732790228402266,-0.6617935024857631,-0.18210858248834277
thank_you,0.0,0.0,0.0,0.09477777816834984,-0.18952493548726013,-0.039993086359459425,0.12595667696605187,-0.3978998159233885,-0.0792275485241582,0.12871849011091074,-0.5820985983540512,-0.11201969056584239,0.1811332604525871,-0.7052062864916357,-0.1488140391443749,-0.037117937529561426,-0.4767449099672818,-0.1081659160579339,-0.10713243165867752,-0.7207560537692742,-0.1567806155498387,-0.15214125272863405,-0.8687853638588832,-0.1860672024851252,-0.1883639990985597,-0.9875949627140383,-0.204850379140477,-0.13273146179014017,-0.42063798383578477,-0.11358141247306824,-0.1966944324343536,-0.6871587327811426,-0.15527252895063945,-0.24471768865704532,-0.8623956049707325,-0.17970437354045482,-0.28201169607088417,-1.0,-0.1978235972238071,-0.20756124072244894,-0.3462241641465005,-0.11729936554739762,-0.2696191570908162,-0.5931974064452983,-0.14976941745833,-0.3091455181660923,-0.7517341985285588,-0.17179765230306004,-0.3363697186357943,-0.87577754109111,-0.18897057847283313,-0.26604956281316555,-0.25917549457163425,-0.12248129010684211,-0.31715232349365147,-0.447924285262896,-0.1540105906274356,-0.349195167686255,-0.5643181959320358,-0.16839354340688306,-0.3753230323858446,-0.66422496638151,-0.17700149771932588
thank_you,0.0,0.0,0.0,0.09507874923528196,-0.19178679842087595,-0.03797566626056935,0.12996295514593267,-0.39729579018293265,-0.07606311264374223,0.13304559317016096,-0.5849614922070766,-0.10747562752298721,0.18619788408204482,-0.7086502575134384,-0.1423811892718342,-0.03454172555015236,-0.47845970087425355,-0.1018636358942397,-0.10823111254650673,-0.7251794992137589,-0.1464560032094628,-0.15375699853737593,-0.871383987374814,-0.17352702176903384,-0.19031921656358416,-0.9900927797553816,-0.19074917237886452,-0.13214807742763254,-0.4257351956332495,-0.10559375617630123,-0.19859115604277164,-0.6923273539347232,-0.14250871441525967,-0.24598352852038255,-0.8646555703659424,-0.16430365067944425,-0.28136831291750614,-1.0,-0.1807281395833796,-0.21004134789315557,-0.35534887117623276,-0.10735744740318519,-0.2728373097097432,-0.5979225481294292,-0.13486312760364952,-0.31222955501633787,-0.7526260893543222,-0.15387505681157398,-0.33811696239436584,-0.8730557825904453,-0.1693016742561322,-0.2713186548391326,-0.2727209198997301,-0.11055480297004133,-0.3197834819015026,-0.46135173661623424,-0.13633976921542254,-0.3492123974742703,-0.5727356043747459,-0.14649797712083248,-0.3726237473930335,-0.6692185860440197,-0.15222965391002874
thank_you,0.0,0.0,0.0,0.09847578959289897,-0.18956961897885768,-0.042063247514200576,0.1318357061624346,-0.3918057567649617,-0.08361088439820485,0.13306372583717532,-0.5765740343128234,-0.11717247571162122,0.1883139149871252,-0.7019232735446465,-0.1546065386682748,-0.029107227966193673,-0.46083487091400716,-0.11995869183175857,-0.10767767904753366,-0.7150830765455635,-0.17050043341124324,-0.1543182029103138,-0.8661740116620186,-0.19877787902964952,-0.19117853395811804,-0.9894697352215296,-0.21593952083548493,-0.12891414558490197,-0.40640136911531305,-0.12216861013156399,-0.19991796948118645,-0.6823026430657865,-0.16450229581074993,-0.2505856176827283,-0.8610752211206171,-0.18636976028909719,-0.2888849040250795,-1.0,-0.2023145701874989,-0.20626247563858754,-0.33775668945903903,-0.12190244351287298,-0.27272615019685753,-0.5885256370932096,-0.1530660479952156,-0.3126081615254059,-0.7490992372656075,-0.17205134502748826,-0.33849504277698866,-0.8728281574671367,-0.1867700818046877,-0.2653440326926616,-0.26057926287360067,-0.12319246779956926,-0.3175639688614353,-0.4563563034515737,-0.1518736659799546,-0.3469278273001971,-0.5713536529928163,-0.16309010071181784,-0.3698055334028587,-0.6684974494249999,-0.1692629365768505
thank_you,0.0,0.0,0.0,0.10113784449524545,-0.18903273122979383,-0.04568421479060839,0.13543034347526217,-0.3929443522617263,-0.08741951374962767,0.13805059006220768,-0.581701868131146,-0.12165680734701467,0.19488968780871171,-0.7043630423142033,-0.1592882323806387,-0.0386970532083294,-0.4731428683632105,-0.11016662543330355,-0.11136768495030407,-0.7219940857200836,-0.15851176441824819,-0.1565718870676413,-0.8721511429552983,-0.18787758382645756,-0.19231164196603528,-0.9928113842881324,-0.20663276638268097,-0.1358213139728248,-0.4177251360221832,-0.11119932633873517,-0.2014156014013814,-0.6850305092378854,-0.15233569935024283,-0.24963038719618333,-0.8613954163024247,-0.17597109513344628,-0.28579690009009423,-1.0,-0.19321920439362766,-0.21075851364386483,-0.346057345981733,-0.1110246049645966,-0.27258228729459105,-0.5906560268007188,-0.14251164517937226,-0.31302010141005115,-0.7492882286289058,-0.16356350229319447,-0.3402819405596579,-0.8732812994725541,-0.1797372938257933,-0.26677829937968073,-0.26339804351648904,-0.11292720137132595,-0.3164575222589132,-0.44841386562855473,-0.14259639306238736,-0.34935312118050604,-0.5608741777287908,-0.1557809190233272,-0.37640514424697363,-0.6574074697217578,-0.16332716229011138
thank_you,0.0,0.0,0.0,0.09966029349858538,-0.1894949044024788,-0.04352450275369793,0.13232584412660187,-0.39722454893437886,-0.0837264225359725,0.13592379609778066,-0.5857024092729106,-0.11595167633686729,0.1888963944119749,-0.7057588769126847,-0.15184682744262662,-0.03199232478682683,-0.4694905968848816,-0.11506835132487477,-0.10696599998042038,-0.7173443762420825,-0.16330606755736324,-0.15480113953420072,-0.8674840768696095,-0.19139080817627518,-0.19262725288065238,-0.9880605793611168,-0.20918130618404832,-0.13137356946361617,-0.41477462872135257,-0.11727373180594616,-0.19695427178478075,-0.6839672237070105,-0.15873169924502906,-0.24667391112808013,-0.8609100218312824,-0.18237581997299954,-0.28447073335487094,-1.0,-0.1997266183322269,-0.20901626087892938,-0.3438215121344729,-0.11732543180692515,-0.270247623522962,-0.5909588338375087,-0.1481631656610765,-0.31185283953517967,-0.7509323621839115,-0.16977333531853098,-0.3396571607585147,-0.8764941505868993,-0.18676263505322704,-0.2685718425406522,-0.2618729478105084,-0.1190830458337688,-0.3190200005873888,-0.44763801188483265,-0.14851795826389402,-0.35006365336231116,-0.5615247045924011,-0.1619615738375281,-0.37369375507846536,-0.6595930962240693,-0.16997741375451048
thank_you,0.0,0.0,0.0,0.09941322658860464,-0.19038730008415353,-0.04506997528306147,0.13308756111927497,-0.3955630176549018,-0.08759994522327763,0.1339108123959607,-0.5838289049623153,-0.12141000075766828,0.18944441493440548,-0.7059654745153843,-0.15834624977392003,-0.03375472092758967,-0.4740234510762872,-0.11797827985986886,-0.11145242930055796,-0.7231974808479409,-0.16637910676793852,-0.15970034473154648,-0.8717600538557335,-0.19442172401031627,-0.1975823554695929,-0.9913687076562684,-0.21220287976810226,-0.13281077972125466,-0.4186190972544578,-0.11862614890317774,-0.20040186893644227,-0.6877623689839648,-0.1599176363620329,-0.24954711722559117,-0.8630127529078203,-0.18245664228493416,-0.2858981611532895,-1.0,-0.1993142804979162,-0.210363634959382,-0.34821637559172663,-0.11711978072433787,-0.27252123422436664,-0.5938426857126735,-0.14747864924324372,-0.3144303670174929,-0.7497659731317138,-0.1677745791538714,-0.3424119260627988,-0.8708769068323235,-0.1841838267734489,-0.26953858365788685,-0.2672373260205881,-0.11743217447834635,-0.3189506044505377,-0.4538187242615761,-0.145881058265939,-0.3498590164456382,-0.565061203207827,-0.15876519490894317,-0.3750080583422402,-0.6615644422279515,-0.16658974671143476
thank_you,0.0,0.0,0.0,0.09987463225277828,-0.19088082566730916,-0.04401342291014737,0.13407730012486585,-0.3951312832290014,-0.08527290352253424,0.13673852190281044,-0.5833411626090106,-0.11892053914140437,0.19261963067881938,-0.7039641334999466,-0.15610824907121065,-0.03478080563795683,-0.4782692506465622,-0.11191254990800469,-0.11108150189714198,-0.7229151632235368,-0.16041621651857244,-0.15745705962520173,-0.8699577438699124,-0.1897395726098718,-0.19349060165382534,-0.9889783665741636,-0.20861894289456306,-0.1320834620131648,-0.4214721558280475,-0.1147208254811508,-0.20192661351960892,-0.6870265477536932,-0.1562045824920123,-0.25009893119799836,-0.8614271533083017,-0.17976208877020258,-0.28489793107926525,-1.0,-0.197023230117044,-0.2078627206698995,-0.3483214163653768,-0.11603760443191702,-0.2726008184586245,-0.5931213526227864,-0.1481019487655003,-0.3127468084395566,-0.7523267849219286,-0.16952627804491574,-0.33821388681894515,-0.8778535749256977,-0.18605366987033634,-0.26619777801235106,-0.2634589170064886,-0.11915806420358241,-0.31912969405595637,-0.4495585778563825,-0.14928455497478776,-0.3507259581504171,-0.562229252798502,-0.16232190665837481,-0.37530912568348007,-0.6602792847717477,-0.16989306457923078
thank_you,0.0,0.0,0.0,0.09832634590542008,-0.19019012672473232,-0.04050482393022503,0.13445280117927705,-0.39761085442110017,-0.08013956406130865,0.13658120606440058,-0.5850819867014321,-0.11165527289558376,0.19123752763930607,-0.7087914787722204,-0.14681540255265824,-0.034337726563057246,-0.4685581594401604,-0.11524592585685307,-0.11316891083302293,-0.7244357618938175,-0.1618021971064271,-0.16047004652121194,-0.875668692888674,-0.18726134641019396,-0.19702731833347864,-0.9963226844403585,-0.20265822306954298,-0.13384398354718297,-0.4114171137828006,-0.11691831191158485,-0.20464467145880058,-0.6876643498521942,-0.15520376353190202,-0.2550220718186069,-0.8645093082050104,-0.17492117887042902,-0.29178032794680575,-1.0,-0.18973085401447043,-0.21090268586690336,-0.3407055056705157,-0.11604383002474156,-0.27752256714667256,-0.5930582743562717,-0.1436995413554701,-0.31924187067578597,-0.7503162966896235,-0.1616124468310247,-0.34689932556130576,-0.8710601605655458,-0.17642109169268946,-0.26936542530849034,-0.2601840242829631,-0.11655923869020886,-0.3210231496524778,-0.45428954104882746,-0.14305818066946055,-0.35194025947265395,-0.5684343670499845,-0.15392021991529387,-0.3767241775572797,-0.6661747200405773,-0.16023181891354238
thank_you,0.0,0.0,0.0,0.09968834627400638,-0.19023893982106255,-0.04320615915019339,0.1325800602328161,-0.4012588210369523,-0.08383166227571043,0.13829103648664262,-0.5908849112647508,-0.1161878877770241,0.19704258748404105,-0.7090545825526362,-0.15246469776138658,-0.034406673067469556,-0.4664704043392803,-0.11871719362155261,-0.1130488170620124,-0.7165216208282401,-0.16686828234345127,-0.1614199102054556,-0.8667460595090305,-0.19404751017521454,-0.19845288853845702,-0.9873406666551174,-0.21113170579184595,-0.13232218978025623,-0.41231570209343127,-0.12002344255768799,-0.20458265594328218,-0.6852095521255122,-0.16105485324495208,-0.2552150623680947,-0.8621883085271759,-0.1830511233812968,-0.29256511407727914,-1.0,-0.1993948652508282,-0.2092623093208924,-0.34298438997704833,-0.11881432217644977,-0.2770529944838769,-0.59144149821382,-0.14917573695308628,-0.32061140647233377,-0.7496647684116722,-0.16988804865004234,-0.3499360052155789,-0.8729220767145922,-0.18651769296046655,-0.2681172469003495,-0.26280837372509086,-0.11917245019748755,-0.3205464024568657,-0.44923194338642947,-0.14751354533873143,-0.3528515704032426,-0.562949078015785,-0.16072317780539222,-0.37835213708250215,-0.6616599800474228,-0.16912313893013017
thank_you,0.0,0.0,0.0,0.10038912906622842,-0.1913795812805428,-0.0472552473680125,0.1378944997157613,-0.39958982216522093,-0.09089638426181199,0.14713683724095955,-0.5891127735174999,-0.12634202846821074,0.20489369407816196,-0.7076017547281801,-0.16585959511166484,-0.037248286453494595,-0.4741219048267879,-0.12012595353973639,-0.11260850158154984,-0.7235388860734598,-0.17111259849778507,-0.1600731533079827,-0.8757076644190009,-0.2020745336476539,-0.19699285402341588,-0.9992414409440645,-0.2221872345388684,-0.13791635187242454,-0.41875319949315853,-0.12184812642500197,-0.20887440183738074,-0.68573449436841,-0.16505405793584402,-0.2605324181564428,-0.8614198888689292,-0.19025125155655678,-0.2993040088102754,-1.0,-0.20928705085221033,-0.21640961996207364,-0.34629819645795823,-0.12173931754749905,-0.2821239557159618,-0.5907352961497464,-0.15421553886614173,-0.3225436167440222,-0.7513004443378973,-0.17633912020324308,-0.3495916860256422,-0.8785812230202187,-0.19406688314333506,-0.276678510749815,-0.26118276083360836,-0.12370143233494987,-0.3291243294521118,-0.4471921746141568,-0.154074544252377,-0.36158145021837695,-0.5611776834207366,-0.1673497495100059,-0.3868921123676458,-0.6606123874091729,-0.17561761742400223
thank_you,0.0,0.0,0.0,0.09375797610558415,-0.1968592895186574,-0.04286528880262021,0.1252704633790471,-0.4084314110507837,-0.08666029361138,0.13824456309496855,-0.5930959299822024,-0.12279726818273333,0.20147591815055504,-0.7071736173680315,-0.16342941927518773,-0.040278021791151065,-0.47189639260024097,-0.12472813165184875,-0.12211071202528177,-0.7171044658048793,-0.17663941598374744,-0.17004657810781956,-0.8661667811311218,-0.2064225269804463,-0.20660771512349477,-0.9880551408633094,-0.2251505990514011,-0.1386914598868634,-0.4114525836866699,-0.12950627886848345,-0.2120398442782335,-0.6799475185953849,-0.17414339405417426,-0.2635855685219304,-0.8586290383952303,-0.19816808956463092,-0.30118581104251596,-1.0,-0.21610258316981026,-0.216052989996339,-0.33555873529773755,-0.13183860958087829,-0.2830702843071581,-0.5825448439165195,-0.16477694072044005,-0.32615871381412165,-0.744607878599406,-0.1872658199740629,-0.35372053323211605,-0.8720912170531055,-0.2048091223002124,-0.2748618832111805,-0.24981483691085646,-0.13573042062777865,-0.33145500450811444,-0.4427369249805285,-0.1656183953929856,-0.3643369157106301,-0.5595570617052668,-0.1792007343261518,-0.38932508562912077,-0.6597558947628519,-0.18780461324624623
thank_you,0.0,0.0,0.0,0.09406662867372535,-0.1948857922712254,-0.0434697831360784,0.13054127312136218,-0.4035758093364759,-0.0880503771757121,0.14629355703913957,-0.5894266486279128,-0.1252425297652573,0.2100197173893482,-0.7044977433140054,-0.1664992429916947,-0.04413522119311517,-0.47595488838126393,-0.11760840534205803,-0.12241609848275557,-0.7258730351676768,-0.16622499131319077,-0.1702708654655214,-0.8741034428866636,-0.1946755739154757,-0.20697252036858416,-0.9933377640890929,-0.21256612503939848,-0.1422821181117403,-0.41501931483256005,-0.12122957138331457,-0.21262591739534709,-0.6869813134717603,-0.16179566291999223,-0.261410669491405,-0.8636604883408504,-0.184381170717754,-0.2947005372159804,-1.0,-0.20135213611207814,-0.21886941531389167,-0.3390412202364508,-0.12272530664934146,-0.2843864008423698,-0.5893808676598505,-0.15204965454681105,-0.3257821046931807,-0.7500401767461098,-0.17283045487706547,-0.3505796028422088,-0.8743366100929669,-0.18972006038719963,-0.2767998629728266,-0.2540340136806162,-0.12600315489648292,-0.3303183671665212,-0.4441835280076912,-0.15330878903393003,-0.3643142879244014,-0.5585941138304304,-0.16516538883407242,-0.3900333253874412,-0.6569668372139281,-0.17234355849518274
thank_you,0.0,0.0,0.0,0.09135891166552719,-0.19599468608013643,-0.0418121978310512,0.13002896495870186,-0.4030678696270494,-0.0851003222614787,0.1494786799522071,-0.5853723386946101,-0.12204839352095995,0.20911138198902451,-0.7044034451903199,-0.1635021492746243,-0.04437304047617649,-0.4799430320360666,-0.11322245058829399,-0.1210112861270277,-0.7250562369745389,-0.16300490187431943,-0.16827058385972243,-0.8735685187869037,-0.1933146806551815,-0.205142133387389,-0.9948070386421154,-0.2125446821425584,-0.13896465551192194,-0.4211779929809144,-0.11919834841550143,-0.20949830634281322,-0.6862915757162942,-0.1606218248581975,-0.25938011781866416,-0.8611029669597556,-0.18532159735461437,-0.2965105693447017,-1.0,-0.20412832344122098,-0.2137178850802128,-0.34380359894413703,-0.12340304544698603,-0.2814391712850222,-0.5856123508476064,-0.15435436464870436,-0.32294063778784987,-0.7430396872476559,-0.17568858974676885,-0.34976247209977773,-0.8684152419781256,-0.19281062735470486,-0.2728244493649758,-0.25263136339760695,-0.12946108036970674,-0.3313367772114175,-0.43805980017083407,-0.15854023136163792,-0.36549041133987575,-0.5533191283812625,-0.17059212137003674,-0.3919639740488447,-0.6537256410284902,-0.1779949366871933
thank_you,0.0,0.0,0.0,0.09365965329348704,-0.19681373158310667,-0.04486778011688696,0.13356195237792887,-0.40773459247979726,-0.09071348625000081,0.15506726913242302,-0.5948866940770957,-0.1283292452252749,0.2219948663634704,-0.7066907804973747,-0.1704341652479299,-0.03628047433648832,-0.4691336580635794,-0.1271568013834299,-0.11196266198577143,-0.7215686994792736,-0.1776013374616274,-0.15863335888381802,-0.8720045804033535,-0.20648785990026783,-0.1959801608746341,-0.9934471794529135,-0.2244726882641876,-0.1352385940783783,-0.4101188469632581,-0.13001416998540463,-0.2042644872594073,-0.6843657476145184,-0.17245691415179512,-0.2550357440249946,-0.8625280476078206,-0.19522052366417564,-0.29374433248712195,-1.0,-0.21228794131769746,-0.21319649547208572,-0.3377228865471394,-0.13015801021533682,-0.27815523811589743,-0.5838293141064484,-0.16055003070554827,-0.3210902652019974,-0.7438695066391939,-0.18196137382237912,-0.3497026648770244,-0.867820022195829,-0.19909347257275933,-0.27288107655945965,-0.2549378911049004,-0.13211414827725682,-0.32595520204648776,-0.4457444350901838,-0.15917324170320313,-0.35787599628285577,-0.558044911323562,-0.1707446661804619,-0.3828964971029677,-0.6530455296336801,-0.1780677420049163
thank_you,0.0,0.0,0.0,0.09360797946260309,-0.19438409538102067,-0.04451722494585358,0.13206579681540925,-0.40514158159907093,-0.08970193570492585,0.15137876594809252,-0.5910369983375062,-0.12646593486368687,0.21844473564255337,-0.7064006169085864,-0.16749251287670702,-0.03991920045500497,-0.4731639372395117,-0.12494952586610938,-0.1176267481006302,-0.7234120741901726,-0.17465026072896236,-0.16581948001153374,-0.873275372855705,-0.20292407450111033,-0.20209489759374566,-0.9946074424273107,-0.2205166789890505,-0.1388316326158377,-0.4163038585652688,-0.12722935844622932,-0.21120031035754877,-0.6880200844220749,-0.16832974709102566,-0.2617430871377034,-0.8640055663882521,-0.19001165487004373,-0.2967722688044034,-1.0,-0.20624069566410735,-0.21672546140467244,-0.3442878382283482,-0.12686037467687597,-0.2859109441321519,-0.5900676068114981,-0.15629371719341764,-0.32913498935604296,-0.7479088771965552,-0.1766863477242388,-0.35577549260220404,-0.8700368248240361,-0.19323989360047072,-0.27598189750143776,-0.2598794033801185,-0.12820041532089962,-0.33166164048579966,-0.44617275914649135,-0.15506912089772404,-0.36527289672015134,-0.5586369263944441,-0.16675024318728981,-0.39026216711662803,-0.6566536388819896,-0.17399730527434282
thank_you,0.0,0.0,0.0,0.09555040880943796,-0.19210264871988247,-0.04484125275541508,0.13382230920258148,-0.3995172695024853,-0.08886792534731258,0.15082399545294953,-0.587794286901881,-0.12412919575039097,0.21242046991436495,-0.7035189258380475,-0.16282126139921949,-0.037215592856344376,-0.46090040416477074,-0.12289110656648262,-0.11569960496711733,-0.714899934974659,-0.17174774104061968,-0.1628402218733911,-0.8674117552591015,-0.19945920329207095,-0.19912263023568144,-0.9906061999222215,-0.21632076229430197,-0.13635522729741772,-0.4063792536098511,-0.12365386523114867,-0.20580536167787422,-0.6811643787088455,-0.16399105823045432,-0.25548440730110195,-0.8603461930260715,-0.1851179469961852,-0.2916572330064222,-1.0,-0.2008692927688295,-0.21407727781565236,-0.3392982931241606,-0.12185085855699805,-0.2770380248670759,-0.5867934004789518,-0.14959866139323652,-0.3174472594101745,-0.7477641831604834,-0.16887105852960238,-0.3437450502804907,-0.8728447563281623,-0.18464739890970935,-0.27288561365500674,-0.2635883281874619,-0.12210379611220268,-0.3227425736494646,-0.4541407601824488,-0.147167325712903,-0.35388010775627937,-0.5681829274628938,-0.15778354906314082,-0.3788140196524529,-0.6653274805278231,-0.16430292992112894
thank_you,0.0,0.0,0.0,0.09708024892687714,-0.19179821258701857,-0.042004298716218434,0.13959743130329944,-0.39177478261268245,-0.0859425161504908,0.15669941540474963,-0.5788651829474687,-0.12215339722345081,0.2155184530019536,-0.6995572177522054,-0.16204518141283458,-0.03025185957635381,-0.4680255946383618,-0.11658406505202498,-0.10784665413800698,-0.7186795233249189,-0.16436691480091162,-0.15494485497841898,-0.8671084107442084,-0.19181110023856598,-0.1919745697825107,-0.9872632319673385,-0.20859615915578184,-0.13019903937105223,-0.4139507316017391,-0.11967238111510631,-0.19858476314936166,-0.6871502400465691,-0.1596679460992152,-0.24841590765617888,-0.8633393784353488,-0.1817095324064979,-0.28420716966700504,-1.0,-0.19812270767234982,-0.20917330924356756,-0.34362286531511654,-0.12025542306250712,-0.27199006644974705,-0.5902473759456374,-0.14821878914352457,-0.31345637811488625,-0.7484221524873953,-0.16688590383071938,-0.33917686168299627,-0.8712358489357938,-0.18213839026164974,-0.2702896542434577,-0.2628561707864899,-0.12256973577298363,-0.31998894585826193,-0.45517215102499814,-0.14754223282486995,-0.34922028934595434,-0.5684778943251243,-0.15671397295578376,-0.37153979040449275,-0.6665162110284985,-0.16185158176406286
thank_you,0.0,0.0,0.0,0.09522051719766297,-0.18925423314936723,-0.044397198077948265,0.135234850898865,-0.39436540109992263,-0.08934358899551313,0.15188690284249615,-0.5789333967140768,-0.12596995244755993,0.21242249870325094,-0.6937446286328224,-0.16720487550711607,-0.03083619237325796,-0.461593285832705,-0.129193665831963,-0.1073121563535623,-0.7157149790829257,-0.18029225678531452,-0.15659036685733282,-0.8677219115898961,-0.20869104121505375,-0.19579172185887844,-0.9886668816404308,-0.22630279462776223,-0.13034800822997047,-0.4067100392906628,-0.1325104974679721,-0.2010608018521403,-0.6832313954416989,-0.17568264533054703,-0.2544628093006478,-0.8625565080131709,-0.198422392280706,-0.2942196190391816,-1.0,-0.2154788298796491,-0.20868919509154882,-0.336694322708009,-0.13287914016268254,-0.27480434450228414,-0.5877801863095371,-0.16393985231011327,-0.31772312617578663,-0.748689001392884,-0.18504309361911614,-0.34492246734629495,-0.872603435483976,-0.20219703547426987,-0.26956471623224976,-0.25451623520289063,-0.13481744658222147,-0.3256389714092832,-0.4412090416631539,-0.1635333927295471,-0.3575872640269984,-0.5559729603014586,-0.176175286924668,-0.38003058851211324,-0.6546511574368459,-0.18412256849886022
thank_you,0.0,0.0,0.0,0.0984737157354357,-0.18671173078189532,-0.0449475721842055,0.13652263084116545,-0.3953165620815419,-0.08680243229572115,0.15128575415753312,-0.5822421670915927,-0.12040777319305213,0.2091567647916608,-0.698700604304454,-0.1576157443200313,-0.031279733064892956,-0.4718295968063121,-0.11682244968476214,-0.10753906654248163,-0.7155436701695628,-0.16596214099400483,-0.15373942780804004,-0.8633058307383051,-0.19531191002865433,-0.19024089074539247,-0.9846387658014482,-0.2140306285707973,-0.1297143273780964,-0.4209287848996014,-0.11884848267846822,-0.19720748308919683,-0.6867779000812221,-0.1609874777988744,-0.2462386202917094,-0.861492446978321,-0.18477976068674096,-0.2824948491434055,-1.0,-0.20217832722765458,-0.2073088851884257,-0.3535834909166173,-0.11896462195073136,-0.26859380830973506,-0.5976933256815281,-0.1501649753763254,-0.3083250229710956,-0.7571009693331954,-0.1714234797776814,-0.3344117988327861,-0.8820678062838883,-0.18782041247001924,-0.2670922199329526,-0.2743145519146761,-0.12109465207187449,-0.3150243509293494,-0.46412542061408874,-0.14910424779627152,-0.344096506825473,-0.578330338466942,-0.16100927289983746,-0.36621806390511763,-0.6767021346655001,-0.16795184555278733
thank_you,0.0,0.0,0.0,0.09924390528406798,-0.18727350491797654,-0.041655171092108895,0.14252206725812833,-0.3910943247481193,-0.08256988281004217,0.15389363355687224,-0.5767218663611917,-0.11603436638197144,0.2133583082343344,-0.6947051331355428,-0.15270292744388853,-0.023816723812048496,-0.4669660548403616,-0.10893590366384313,-0.09913481456387875,-0.7154657426016263,-0.15454010450662797,-0.1461828243981002,-0.8622072437182714,-0.18102778984869192,-0.18303077318559544,-0.9813561125671407,-0.19764244033886816,-0.1226135617868273,-0.4171896750749428,-0.11112892426624744,-0.18994048180317988,-0.6874050277126635,-0.14937488322641296,-0.23909395827886012,-0.8626409304918953,-0.17090775621159945,-0.27506217620087553,-1.0,-0.18696799994828875,-0.20098776688462247,-0.3524217431500709,-0.11132013802408272,-0.26241387067255767,-0.5979138013298994,-0.13889990136490968,-0.30299483149261763,-0.755273938132496,-0.15808608419875286,-0.329544411650763,-0.8776822267604102,-0.17346107725268067,-0.2621227259582864,-0.2780122694789509,-0.11335770828566905,-0.3068725107284348,-0.4694324811086514,-0.13831293858751348,-0.3352094943243703,-0.5835930075524466,-0.148775169585618,-0.357366559459716,-0.6815550575197744,-0.15484179623136485
thank_you,0.0,0.0,0.0,0.09878109660029455,-0.18745552065656146,-0.0429614647172329,0.1394831712516053,-0.39001809157624123,-0.08609476042143757,0.1544526850375733,-0.5758044832530258,-0.1207153435418334,0.21598553919984298,-0.6914421314882989,-0.1589834275247527,-0.020694489117406775,-0.4681660686763399,-0.12175777035194504,-0.09498903057032468,-0.7140562123887189,-0.17148761358684037,-0.142235925680459,-0.8615895509659873,-0.20009194933472027,-0.18015954542870338,-0.9823934617993603,-0.21815443731196058,-0.12358664914880808,-0.4176982811055565,-0.12426553306336066,-0.19091293536019216,-0.6850045520991447,-0.16775820219779206,-0.2430217371495682,-0.8613341038283582,-0.1913056581234258,-0.28207072614742884,-1.0,-0.20853772873275286,-0.20546501114076618,-0.3523103558113834,-0.12405846901544251,-0.2664788714843893,-0.5968391531927387,-0.15540348775731863,-0.30514866166727544,-0.7574604193227068,-0.1764171397713402,-0.32948973655456326,-0.882519705643902,-0.1927121944549401,-0.2687212767995589,-0.2774789859683199,-0.12549537863466273,-0.3153631983227715,-0.4708471732982976,-0.15364619836296978,-0.3433131649510951,-0.586573449229492,-0.1661533049334907,-0.36406645363829154,-0.6873694630080613,-0.17338395812272486
thank_you,0.0,0.0,0.0,0.10247954036736491,-0.1831971471777614,-0.040574874992189806,0.14733171002860496,-0.3855757251361835,-0.08187804821707945,0.16033379110991744,-0.571101444707385,-0.1165620315566965,0.22163928198731056,-0.6882417796019785,-0.15504847020284895,-0.01569102966119565,-0.4651478335096899,-0.11141367999632945,-0.08868940392542099,-0.7151707434784277,-0.15999696399527796,-0.13492029391983698,-0.8637479947831861,-0.1882711354392148,-0.17138884194150966,-0.9838432400054666,-0.20603720182770638,-0.11341354094891347,-0.4177964954248238,-0.11562254447363812,-0.18032888251038717,-0.6895169690729691,-0.1573741392135727,-0.22973212935237877,-0.8640214874895716,-0.18048650246325587,-0.26721965570677014,-1.0,-0.19742408413451984,-0.19187019544660805,-0.35486479313328784,-0.11772759603454423,-0.25386179628741184,-0.6027181528445302,-0.14890095862182012,-0.29476290798373567,-0.7590107523062967,-0.1679747858771678,-0.3225236067805897,-0.878654377833424,-0.18272749773571642,-0.25441813594347373,-0.2812258117501345,-0.12158307028040989,-0.29891183197622817,-0.47576489964482416,-0.14906739280647416,-0.3266747504240326,-0.5921957389677799,-0.15959270015678484,-0.3491158971718159,-0.6911154348502322,-0.16547363562233602
thank_you,0.0,0.0,0.0,0.10235340369951569,-0.18579143428377817,-0.04091153977752725,0.1411211654664557,-0.38837880925547774,-0.08068204643241005,0.15071929444991003,-0.5730383827815231,-0.11324508302217591,0.2126450623457606,-0.6882490589807946,-0.149466138458389,-0.023024707504508444,-0.4744195386580141,-0.10962900457036172,-0.09118670003162113,-0.7159453415977434,-0.15709616977493035,-0.13852615997279388,-0.859411401004654,-0.1855066362761539,-0.17652969199382398,-0.9782063029367462,-0.20455638743635438,-0.12639480760251198,-0.4245085457135778,-0.1132788001948383,-0.19322365687897836,-0.6859726199287253,-0.15674294412092712,-0.24358321775028977,-0.860078365146539,-0.1821343302350728,-0.2821316412624714,-1.0,-0.20037369170169053,-0.20677089499114326,-0.35588283412030286,-0.11473998234795807,-0.2685527663154219,-0.5957889567192398,-0.14839473506409417,-0.3063187473132241,-0.7521578205470801,-0.17088574761237763,-0.33165412131399474,-0.874809040692663,-0.18744611948570847,-0.26617615703677,-0.2762379265830742,-0.11762947339214318,-0.31266071590624694,-0.4625955267556559,-0.14818501346510102,-0.3407688268998822,-0.5753672620462548,-0.16219425338347013,-0.36160823769798145,-0.6749188825273293,-0.1701274056148954
thank_you,0.0,0.0,0.0,0.10196471352913984,-0.18445280315242701,-0.042185613693999306,0.1419909316100733,-0.3795896307177043,-0.08299505490159535,0.14161486796708975,-0.5609768268769745,-0.11639999519523474,0.19106442123508124,-0.6824635297264701,-0.1527915538648392,-0.020757336487011804,-0.4665739022156312,-0.11078964265121269,-0.09465681455009632,-0.7092888814844189,-0.16153422207080131,-0.14046727941262738,-0.8549112363092263,-0.19120557897381396,-0.17792002703152973,-0.9750053773659433,-0.20929515533123713,-0.12280863538486687,-0.41468400251230536,-0.1142293285504686,-0.19062414206570633,-0.6828319281787272,-0.1599170134829719,-0.2408679029524281,-0.8587652629199527,-0.18449843931794974,-0.27933480223416846,-1.0,-0.20127937989942485,-0.2021018265836636,-0.3475916831116294,-0.11591082110389225,-0.2657622523771868,-0.5910556610171083,-0.14995178646426963,-0.30519488747421797,-0.7493851813091363,-0.16849483120317213,-0.3299187255134309,-0.8738015513407436,-0.18132037693737615,-0.2626002047700951,-0.2725511866575623,-0.11945678330824468,-0.3125887460921215,-0.46674503933103223,-0.14811842731957978,-0.3385807038991574,-0.5852635926123204,-0.15782471950257135,-0.35690919173692437,-0.688071633553825,-0.16199837674496423
thank_you,0.0,0.0,0.0,0.108273198348647,-0.18378977909152677,-0.046986521876517126,0.14960029411404427,-0.37004965163044146,-0.08992316740784652,0.1373880706592765,-0.548498034599762,-0.12458485273795405,0.16556975766930845,-0.6898638354424923,-0.16115302760345274,-0.014584321309730183,-0.4714478864689245,-0.10933938928959416,-0.08934143621131223,-0.7153928008556161,-0.16078484814043356,-0.13524187173490537,-0.8591154275129307,-0.19158773827862485,-0.17368096103132089,-0.9777876126889656,-0.2104102894188815,-0.11917711701103262,-0.41822959826420536,-0.11056780420929584,-0.1876497872970668,-0.6855117811860235,-0.1553566221167813,-0.23706072401879924,-0.8597481036023402,-0.18080613513754795,-0.27504117485261287,-1.0,-0.1988690812382222,-0.2007661632673385,-0.3501853405275249,-0.1112324064195737,-0.2609334684696795,-0.5961752765710833,-0.14636877778596155,-0.29873701816911463,-0.7597490103797377,-0.16735888484455544,-0.32434385507979085,-0.8901187830665526,-0.18272723055009746,-0.2628472460295479,-0.2765564476088678,-0.11399305640079387,-0.3062089434659291,-0.4717175334318486,-0.14618854583548496,-0.3316590828789769,-0.5909135814095998,-0.15887840831871555,-0.3522192263216161,-0.693897722191086,-0.1650527470910694
thank_you,0.0,0.0,0.0,0.11374643315270033,-0.1805680330030348,-0.0568887799178794,0.15315047833585224,-0.3641434234965926,-0.10245434130883652,0.13131377465506375,-0.5424741357678243,-0.13724973883871694,0.13348900079749246,-0.6966245125814173,-0.1733031504016553,-0.009104918466132749,-0.45818974957204217,-0.12164010285986677,-0.08695780568894984,-0.7080194284232955,-0.1758542962303994,-0.1351179861048591,-0.8550527117617049,-0.2066915627531471,-0.17563175258706173,-0.9747804980209545,-0.22457775757755508,-0.1143089558595264,-0.40797454153760887,-0.11675302721812159,-0.18571166784470797,-0.6804797597178831,-0.1636175617257929,-0.23665405300483539,-0.8590933296044655,-0.18892897846253545,-0.27528287357797004,-1.0,-0.20647133846557475,-0.19697553058150546,-0.34334604596340473,-0.11196803252728879,-0.2597222727705169,-0.5930887285390564,-0.14876006441868678,-0.29830033221403446,-0.7580443620347614,-0.1698400601279347,-0.3238313447102114,-0.8871487505419309,-0.1848514470624669,-0.25964660995467254,-0.2745620016869296,-0.10983548643841787,-0.3043745877653546,-0.4696791641206289,-0.14458913174199176,-0.3309303206124027,-0.5914843256655294,-0.15916150673712318,-0.352365883668261,-0.6947050076013993,-0.1661807593321662
thank_you,0.0,0.0,0.0,0.11246805112952507,-0.1850767237201604,-0.0600879631448122,0.14675098540004103,-0.3746416745009177,-0.10464642656763463,0.11851588830175945,-0.5536949570088098,-0.13753330202909209,0.09425953618400912,-0.706387381716975,-0.17194828927000502,-0.013636633351228951,-0.4664158132408994,-0.12593702675704171,-0.09263649657645985,-0.7143297619221876,-0.18083091731613574,-0.14062303504314386,-0.8566306094378369,-0.21217657800673656,-0.1823419366079637,-0.9725362874165167,-0.23000693589861715,-0.11808754246274225,-0.4128833648041217,-0.12036013982003949,-0.1913703305148917,-0.6838472460345154,-0.16843375612447337,-0.24364780355302762,-0.8605696913092619,-0.19533939144957158,-0.2846083055494828,-1.0,-0.2135711219053778,-0.20070178520191434,-0.3435971071742852,-0.11516202967275242,-0.2659042378300754,-0.5947429696745626,-0.15351015718838903,-0.3060411007394179,-0.7556906724486666,-0.17705288812880923,-0.3342628194080407,-0.8813161730576999,-0.19335761318555345,-0.2613358975848157,-0.27080601576041974,-0.11260995649620484,-0.308899362887701,-0.4671539877714857,-0.14958056809977333,-0.33653416197752706,-0.5869815917529694,-0.16607362406520723,-0.35855002061065133,-0.6880224178410961,-0.17405972025674604
thank_you,0.0,0.0,0.0,0.11175788918456944,-0.18334429246199668,-0.05255042899859517,0.15140381282495669,-0.3671427608279232,-0.09172730953351697,0.12010120999884989,-0.542132627930311,-0.12106102689904291,0.08292588905766035,-0.6884166108134476,-0.15138624135557457,-0.013181174622941197,-0.45852936160762087,-0.11162531626763053,-0.09217510281619201,-0.710021455567938,-0.1638327114982283,-0.1399896093182999,-0.8538216689338447,-0.1927323204595964,-0.1808262574906107,-0.9708036121499589,-0.20849986266678341,-0.11344609734720344,-0.4115588798686491,-0.10877528513524452,-0.1837594438209154,-0.6850963517602687,-0.15430916589622315,-0.23460525324312212,-0.8610534247607565,-0.1800278481039654,-0.2738514925698694,-1.0,-0.19737540847501586,-0.19304165394270847,-0.34628033424681437,-0.10632012965178038,-0.25855276047099135,-0.5934408623472629,-0.14243259688345689,-0.2984811361536234,-0.7544572455175313,-0.164660049699054,-0.32513347266893783,-0.8817232667985992,-0.1800363153197783,-0.2541271232485554,-0.2735852214365316,-0.10626248516379908,-0.3046032306295087,-0.46260837837945024,-0.14054306926288335,-0.33528421687177024,-0.5825154174714157,-0.1556886478691836,-0.35872234274179154,-0.6856768022082181,-0.16289318764526836
thank_you,0.0,0.0,0.0,0.11442614465149303,-0.1835077527108233,-0.05947510059171039,0.15445715136394741,-0.36146953641342455,-0.10417349354443564,0.11471832206594058,-0.529310605881266,-0.13765727944559641,0.05667908195600307,-0.6620436753599113,-0.172912609379673,-0.01464763705686624,-0.4501478443137652,-0.1302482822242211,-0.09415961339160782,-0.7008182715267152,-0.18969064717081174,-0.14204541031225806,-0.8460425212670681,-0.22304943547500863,-0.18234873463665538,-0.9666229803971039,-0.2410474212143994,-0.11883430585462211,-0.3962937795444352,-0.12590672086879118,-0.19267313100590217,-0.6734741832894537,-0.17837175133134503,-0.2464801677629013,-0.8554323947696588,-0.20745601504346625,-0.2863375203622555,-1.0,-0.2269026144971469,-0.20115024798538192,-0.3284704885717958,-0.12165844100572532,-0.2659241854422564,-0.5813571108658382,-0.16233414655698497,-0.30617468269199144,-0.7491514700781888,-0.1863397821334221,-0.3318910615159766,-0.8798712322181287,-0.20256248026712495,-0.2629246403111729,-0.2556175834560537,-0.1201558384183267,-0.31356840772524075,-0.45010796583033597,-0.15754525308004036,-0.34255839695487267,-0.573137535805238,-0.1735433169876138,-0.36408110044277825,-0.6768247702896083,-0.1811408035945602
thank_you,0.0,0.0,0.0,0.11462075978660272,-0.18217442609497364,-0.06106168204008428,0.15657003301120698,-0.3619434177335363,-0.10663270631138148,0.12448254725967478,-0.5345502645165524,-0.13989304246371853,0.05679348466708762,-0.6610277565568439,-0.1750960863155485,-0.01205265864143687,-0.44203366493210755,-0.13920456231408812,-0.0884486580476047,-0.6958989899118618,-0.19847840735192582,-0.13820527924448237,-0.8445086771496311,-0.23037215694971921,-0.18140314514417952,-0.9665808519707646,-0.2477447944438494,-0.11458762751940627,-0.392848017830257,-0.13274027579197584,-0.18479219378298492,-0.6726559080248262,-0.18756668142841165,-0.23577956720338816,-0.8560074853437505,-0.21761900173842774,-0.2735420687405342,-1.0,-0.23796006338547096,-0.1971366712393443,-0.32621409051607964,-0.12534182459803547,-0.2639497995179255,-0.5768995142937061,-0.16689416768648527,-0.30482482269458355,-0.7422989779332729,-0.19163892378839756,-0.3304157557948017,-0.8719096992800741,-0.2086977206602018,-0.2593209987849378,-0.25398224365341865,-0.12048224288972305,-0.31085569177306693,-0.44509075373996393,-0.1583518767367552,-0.34158626782213325,-0.5684665558434806,-0.17640594580924923,-0.36470550193154744,-0.6727385794030712,-0.18605508147122873
thank_you,0.0,0.0,0.0,0.11672011247026255,-0.18394597771066393,-0.05765670973846542,0.15550515052292355,-0.3658830364495249,-0.10054844001137783,0.1199911321279608,-0.53906473784631,-0.13120631455637966,0.05043641896029755,-0.6637368939817967,-0.16435738545349315,-0.011430160191411463,-0.448970776172085,-0.13758784388026474,-0.08714786986191479,-0.701495334607442,-0.19472321175650936,-0.13658744669239323,-0.8494843764059378,-0.22498069902243237,-0.178734198548608,-0.9697394975306277,-0.24129963470639715,-0.11539905662218819,-0.39687329750107875,-0.13216041816099192,-0.1862466572899129,-0.6767424186279903,-0.18533005953745452,-0.23583342365719104,-0.8586350427897044,-0.2131148022588724,-0.2714532122152557,-1.0,-0.23146810761217568,-0.1977163325160016,-0.3267182414571748,-0.12534078175961502,-0.2654054282231612,-0.5793061191649664,-0.16589668648807293,-0.3052731623564862,-0.7444730924037662,-0.18851355894766483,-0.3278498155727006,-0.8730942128882808,-0.20369727053298106,-0.25905041086907843,-0.25111566494995796,-0.12056325140484776,-0.31031981945596526,-0.44473251098684596,-0.1572250803891733,-0.33708149571230134,-0.5689717473849855,-0.1729476108145598,-0.3533801779573076,-0.6739320903183563,-0.1804770697489964
thank_you,0.0,0.0,0.0,0.10958471911476024,-0.1808780968520967,-0.05523936024237087,0.15077525799001826,-0.3614812234847324,-0.09683252702697974,0.11509723989950629,-0.5276098545533963,-0.1277891464451238,0.04156404009002588,-0.6443686889198695,-0.1605485986254322,-0.012499055777550989,-0.44159948596371845,-0.12593829266259238,-0.08917616077729973,-0.6976043456672752,-0.18285885653169517,-0.13677974790603856,-0.8456051699458182,-0.21417330267688134,-0.1779648347855659,-0.9669808175085864,-0.23079302028562654,-0.11367339985505592,-0.3900703828944503,-0.1224000165710001,-0.1842837768518691,-0.6708919370198095,-0.17329036698103759,-0.23403387000988313,-0.8553059296537683,-0.20255154412538653,-0.27113762449118656,-1.0,-0.22231366565021332,-0.19583497551658846,-0.324546717914373,-0.11825670722855504,-0.2618091807815412,-0.5746902871352813,-0.15693910090120583,-0.3000618841022649,-0.7394751987924066,-0.1809355070088317,-0.32332246832232453,-0.8676192225043213,-0.19731596892087347,-0.2581601363346596,-0.2563465181026802,-0.11647810226625914,-0.30691093398533936,-0.44711737972976434,-0.15076855781289836,-0.33441791174973035,-0.5681196050921956,-0.16605341550316746,-0.35359724258599695,-0.6692038727184978,-0.17382515640283844
thank_you,0.0,0.0,0.0,0.10747935958865486,-0.18031356944868893,-0.05418642739648178,0.14551502787536713,-0.36365279106653453,-0.09391526441792225,0.10805987177260293,-0.5346301568366683,-0.12319197504196419,0.035012455905747364,-0.6532888620284824,-0.1547444374532887,-0.01936223779261816,-0.44876267715912005,-0.1214752102105508,-0.0909693915978889,-0.6986956813624029,-0.1765458928420371,-0.13662955538952753,-0.8461039061717276,-0.2080456833744154,-0.17535379486622918,-0.9671764276164819,-0.225273342607782,-0.1192516524252557,-0.39863038161199327,-0.11836236512710571,-0.1872902618372817,-0.6739833028766441,-0.1645039148695467,-0.23619022823903724,-0.8572811267980747,-0.191504470354226,-0.2707750128856233,-1.0,-0.21062597582002052,-0.19864361943050465,-0.3281052345183437,-0.11503087370268575,-0.26368758559426275,-0.5745989243997,-0.15051899976512495,-0.30185319227789725,-0.737529396496354,-0.17340057299721706,-0.3240148902634428,-0.8637246861153464,-0.1898451585995862,-0.25799626806850073,-0.24985650503804457,-0.1141453781569126,-0.30764863366745576,-0.4377474269875675,-0.14828087777555796,-0.33709065961720036,-0.5585054518641202,-0.16417377611092196,-0.3576210837366002,-0.6595624232007802,-0.1724602707578299
thank_you,0.0,0.0,0.0,0.10817591763001062,-0.18007427480797705,-0.05280871906447772,0.14707801514309732,-0.36528825491339445,-0.09103449530577651,0.10788825401641272,-0.5364334700391187,-0.11953237193758494,0.029281653757342367,-0.646133233731643,-0.15019540706095022,-0.01778101040900085,-0.4539147705272891,-0.11811569158670142,-0.09009504780322487,-0.7008993186007494,-0.17472653936898097,-0.13595473358108387,-0.8483971054557026,-0.2076529682195642,-0.17485557217244804,-0.9699544954875131,-0.22601495133286031,-0.11769171351756971,-0.4067881374009199,-0.1165146480507491,-0.18585107317962477,-0.6766398970076138,-0.16559426218179923,-0.23650150688996055,-0.8573363938769509,-0.1955405675966812,-0.27369870966031223,-1.0,-0.21670666115234746,-0.19754913119058037,-0.3386052516391751,-0.11459314008913142,-0.263897610637385,-0.5785969616396323,-0.15242340345004798,-0.30207094983834265,-0.7349869847164543,-0.17560188337917698,-0.32346199696930333,-0.8573990252326468,-0.19201950123333075,-0.2587007817667849,-0.26139243509215976,-0.11517823379500276,-0.3093305219513066,-0.4428279190126214,-0.15022782429530535,-0.33647987704111537,-0.5603890194014787,-0.16589168243874672,-0.353405843552696,-0.6616607742573168,-0.17405712741367804
thank_you,0.0,0.0,0.0,0.10664014552343208,-0.18234001998650162,-0.051127908656401815,0.1456095118625853,-0.3686693438157284,-0.08963474807896486,0.10640730677774773,-0.5375570856710957,-0.1180686511564267,0.026038897868380883,-0.6418663350373941,-0.14870825056716436,-0.018259653459117474,-0.4546309000221001,-0.11941205036221923,-0.09029282725740496,-0.7066102449518482,-0.1739828768119795,-0.1368395660293444,-0.8536970676978262,-0.20511163358086446,-0.17633340752291796,-0.9741734008936774,-0.22229844528072135,-0.11765733803850525,-0.40470823462838973,-0.11735414195502362,-0.18429186720916266,-0.6795382329452087,-0.16504106540963875,-0.2353878203698467,-0.8599473376770956,-0.19409363749772957,-0.27288418765423117,-1.0,-0.21453762413921412,-0.1971223012558632,-0.3375873311889695,-0.11437741226693111,-0.25976901612459274,-0.5822556962979972,-0.15083727474782088,-0.29972438007467933,-0.7423204960264931,-0.17527277994400556,-0.32419941689965565,-0.8649614455883682,-0.19272012408884412,-0.2569845155962369,-0.2637115954244129,-0.11353693887205048,-0.30367707257254434,-0.44872730106418285,-0.14800280600548174,-0.33272492124837005,-0.5659790920214002,-0.16489064138833173,-0.3537640578352629,-0.6654470202089136,-0.1739589657623385
thank_you,0.0,0.0,0.0,0.10811250874989273,-0.18611269687357787,-0.05208103758941388,0.1521710440848663,-0.37364694894630907,-0.09055552343358243,0.11070341285868215,-0.542669576609088,-0.11926560088312016,0.02762872315569392,-0.648726604099415,-0.15058270223023484,-0.015927144423631696,-0.4625482384183779,-0.1172969245870376,-0.0878537609588788,-0.7151228442905334,-0.1720478169452346,-0.1336039818773126,-0.8630227986554708,-0.2039813762913573,-0.17254122264216068,-0.984753733247911,-0.22167477767068774,-0.11901868594812831,-0.4103140951750399,-0.1160057255396477,-0.18419434287016784,-0.6829130873333278,-0.1617283762658194,-0.2325062024505886,-0.8611358514730195,-0.18991879375922835,-0.2677970002679097,-1.0,-0.21032761618902815,-0.20197631386390663,-0.33856283339014587,-0.11440407680844362,-0.2642250295549289,-0.5850614883692452,-0.14970470908485284,-0.3003349426421036,-0.745863301335916,-0.17231189993030382,-0.3209623240286132,-0.8702671467363158,-0.1889142513494718,-0.2675599422177942,-0.25922317607663137,-0.11528849407629448,-0.31644029698163,-0.45279927567622613,-0.14908633772838112,-0.34254729621374913,-0.5730071380724746,-0.16386366336778355,-0.35920837680190687,-0.6740083018696734,-0.17150023981492024
thank_you,0.0,0.0,0.0,0.11051245978328594,-0.17902531979730435,-0.048869177703235844,0.15292452441220777,-0.3636564120053649,-0.08460388649406794,0.11467190414418348,-0.5351388362914102,-0.11033012096715322,0.030852562163864377,-0.6351291522647554,-0.13780576611677064,-0.01663086595614987,-0.448302908091755,-0.11449794649960189,-0.08976623998956444,-0.7000901432735458,-0.16661393810063524,-0.13550058513288207,-0.849384945143842,-0.1963609999041887,-0.17501562433094617,-0.9707447858586836,-0.21231525507265064,-0.11763883887328773,-0.40204376655728247,-0.11119405689718799,-0.18383269624513188,-0.6772507755364168,-0.15582989261001934,-0.2328188565079082,-0.8592154635554486,-0.18200796557451282,-0.26934741815031277,-1.0,-0.2002853742497324,-0.19884738633363783,-0.3387205597446849,-0.10671050746865281,-0.2617569366508155,-0.5816936623805117,-0.13887160486668435,-0.2999107305926823,-0.739554895442303,-0.15893640760846348,-0.32291128692770005,-0.8598239922197306,-0.17341738389816885,-0.26056339426802544,-0.2688532070771407,-0.10455492774142777,-0.30636701317051457,-0.45200317547098806,-0.13287793515364055,-0.3346354734555586,-0.5686163337196617,-0.14489035851259327,-0.35400225568706184,-0.6655180886734305,-0.1508033544843083
thank_you,0.0,0.0,0.0,0.11332066965625726,-0.18172368686402018,-0.051185725217516576,0.15363809928294322,-0.36421840591115173,-0.08891717739226201,0.11332637044873867,-0.5275052548242363,-0.11698057543038179,0.03322532706911253,-0.6257169241405838,-0.14760936967397492,-0.019478895309934272,-0.45705596982633884,-0.11594164558948061,-0.08894004294438647,-0.7052735418382348,-0.16967068438915342,-0.13213011773799205,-0.8529248588836122,-0.20116342581553762,-0.1691591402349819,-0.9740812678055741,-0.21842308970789778,-0.12071958569807352,-0.4063531214966354,-0.11393409568161572,-0.18419395109495992,-0.6785330245720783,-0.15971721948311318,-0.23009047711911718,-0.8589733997063933,-0.1872727125410919,-0.2635838997902029,-1.0,-0.2063398047719173,-0.20061120413168101,-0.3353215638889001,-0.11135156740707061,-0.2628368584421175,-0.5787878420782302,-0.14608077540943137,-0.2991520942138302,-0.7398319042159182,-0.1676323739551909,-0.31961572224725554,-0.8650418933028594,-0.18269576795524933,-0.26115108659875913,-0.25640850232026213,-0.11116074921428992,-0.31055692546126734,-0.44628574763082585,-0.14330564744445515,-0.3382121032099975,-0.5685425678570476,-0.15663453574320643,-0.35530703795294677,-0.67111233467009,-0.16289651977892888
thank_you,0.0,0.0,0.0,0.11201086195016056,-0.1826113786557593,-0.05092340590356584,0.15717637601017032,-0.36103780025195475,-0.09146847640675239,0.12009750290950806,-0.5205818504279328,-0.12279283361180761,0.03864007449876166,-0.6168032328009525,-0.1568994378911997,-0.014024100771667438,-0.4514577611087545,-0.1223827293333752,-0.08762217854494526,-0.7005668342312981,-0.1809870935794719,-0.13332592760363382,-0.8491174545531321,-0.21544443033831512,-0.17289531721155563,-0.9717590575433195,-0.23468969051135646,-0.11624756314704164,-0.4006398998323074,-0.12230755237962214,-0.18193198693008672,-0.6768443465971072,-0.17345516256824273,-0.2301061786498731,-0.859209720668032,-0.20480019343558004,-0.26503531077512876,-1.0,-0.22674420627900274,-0.19909208633001468,-0.3311124141783095,-0.1211854463724397,-0.2633998121535862,-0.5779601005515749,-0.16031023227807248,-0.3000179464983215,-0.7391670009641844,-0.18433164827278514,-0.3194810998740226,-0.8627411180828405,-0.20130788403794897,-0.2623523732564545,-0.2554931960058325,-0.12227989085953773,-0.31052168647179523,-0.4422991287790815,-0.15834747398125595,-0.3357356368831571,-0.5617218785409145,-0.17405471876829404,-0.3512114526170857,-0.6624807499013102,-0.18221397746594767
thank_you,0.0,0.0,0.0,0.10836916073356213,-0.1814231393385571,-0.05379207154204902,0.15270426474913443,-0.3633060010570271,-0.09529068489068626,0.113833121253808,-0.5259789323899178,-0.12661140184103417,0.02629366785368567,-0.6144115561499055,-0.16069585723721472,-0.018812629610420715,-0.4467557246742253,-0.126896508937877,-0.09057088220039979,-0.699627078683229,-0.186127336627655,-0.1355595022004412,-0.8503115586499544,-0.22056899448178177,-0.17454792506286348,-0.9745611259583588,-0.23947551526236394,-0.12055124646549606,-0.39598769211562584,-0.12554558677809585,-0.18702922047677048,-0.6732764033435686,-0.17571672269365599,-0.23556687495630885,-0.856283809380343,-0.20598610535831643,-0.2722300134222374,-1.0,-0.22727772460499915,-0.20227752868408092,-0.32723873413444243,-0.12333609883748808,-0.2652392714061119,-0.5754248052947534,-0.161223475055207,-0.30325466565666814,-0.7366160197086663,-0.18508163541408026,-0.32584428007109056,-0.8625283584375936,-0.20208865641146606,-0.2645680799162149,-0.25216497074703853,-0.1235768479795493,-0.312423635048903,-0.4436604411201047,-0.15785866990058375,-0.3397435172695261,-0.5656953153700304,-0.17293933947420756,-0.35808503892671784,-0.668913260562269,-0.18088804213191886
thank_you,0.0,0.0,0.0,0.10809025411222356,-0.18278069360967597,-0.049960832948881664,0.1498611495737726,-0.36512125045337074,-0.08838565520949761,0.11253796022527085,-0.5266494015349494,-0.11651535434098934,0.03031029642001677,-0.6142818568619317,-0.14747923893593548,-0.020969171105602508,-0.45530106407225784,-0.12211926376706324,-0.09226064578839223,-0.7016403655365686,-0.17762357104410106,-0.13514115085554138,-0.8500705993823948,-0.21033207876840707,-0.1726306088574304,-0.9719421451059603,-0.2283046049351033,-0.12101459849772306,-0.4050822758872125,-0.12131907132896474,-0.18445516110623553,-0.6816529413215381,-0.16872238614628993,-0.2306040979214769,-0.8615895534591027,-0.197416020326664,-0.26550488572230574,-1.0,-0.21722945935774735,-0.20127900414108693,-0.33365602699128505,-0.11894238973398576,-0.2609391343631361,-0.5837046038274306,-0.154135119607664,-0.295750151228291,-0.7452729672616472,-0.1761611019710916,-0.3152812594885837,-0.8691849757225775,-0.1918146830774434,-0.2636220522656912,-0.25291056537154094,-0.11850834961619498,-0.3101892132563162,-0.44355010357036995,-0.1503092912449806,-0.3342334512424439,-0.5648682582066579,-0.16282641683773974,-0.3485155123077288,-0.6662525527382649,-0.1686150812111504
thank_you,0.0,0.0,0.0,0.10722850582532528,-0.18516387924779032,-0.04740948398357543,0.15073322243531104,-0.369167064717977,-0.08308891584447657,0.11045228431116194,-0.5348803421996117,-0.10956815664074873,0.024333956174352037,-0.621596979207813,-0.13775837562592852,-0.014737727236962263,-0.45609972238404783,-0.10998870347979746,-0.09218145099438649,-0.7063856437661986,-0.16249008838044623,-0.13757909034479854,-0.8570124454285563,-0.19350652796579465,-0.17658886055063808,-0.9804179419541842,-0.21009886964403196,-0.11644252602699225,-0.4097403221871019,-0.10883531172498329,-0.18319704215422986,-0.686179526042093,-0.1524268578304519,-0.23318150424451187,-0.8645458280911101,-0.17900041890476923,-0.270618488284575,-1.0,-0.19737799090569433,-0.19910500050468402,-0.34588642781468637,-0.10660211472256795,-0.25985425361206727,-0.5925120786385135,-0.13690126717131867,-0.29782572585086947,-0.7504227026743484,-0.15623405303507942,-0.3195378683895334,-0.8690919581978568,-0.17030163340501678,-0.26431995218615606,-0.27560738920993505,-0.10695618831742033,-0.30925018260024334,-0.46318087636989924,-0.13261574476771928,-0.33384856141209795,-0.5808336108433151,-0.14230253865714818,-0.34856872405546596,-0.6775493497523869,-0.14662828676180137
thank_you,0.0,0.0,0.0,0.11281510414481877,-0.1818123998991651,-0.04728358060430275,0.15876147226979653,-0.3658725716621103,-0.08373812738447663,0.11881262482017306,-0.5295570574259688,-0.1107220365435557,0.031024716941106253,-0.6130507718226312,-0.1403480284631786,-0.009057405194596623,-0.4524325626492898,-0.11971306407300816,-0.08423056041286388,-0.7050037533443516,-0.17558598929656088,-0.13136577389406182,-0.8547632716378604,-0.20758941225072852,-0.1721034828398854,-0.9763459005449641,-0.22503045837711336,-0.11295972475741091,-0.40123974222374564,-0.11914656675627984,-0.17929536203293434,-0.6789141948327295,-0.1667510181947156,-0.22949565359128538,-0.8605270023063392,-0.19541880866741326,-0.26714687102118534,-1.0,-0.21572088597072625,-0.19515297225321712,-0.33440072933533244,-0.11701275353819555,-0.2584220133346597,-0.5826532768753638,-0.15201767343555486,-0.2983432150760197,-0.7438221629890284,-0.17526940199145413,-0.32254791157048796,-0.8663749485138634,-0.19221712004198424,-0.25647914327068705,-0.2625017528257949,-0.1168948997240666,-0.30265003289919185,-0.45185104396506576,-0.14879126547199287,-0.33235151118552547,-0.5735512869836256,-0.1639812637980692,-0.3532539837585459,-0.6763727072938727,-0.1722945919458347
thank_you,0.0,0.0,0.0,0.10858827208851321,-0.17844772114509658,-0.04986679881497776,0.14802702867288853,-0.3613795511470952,-0.08967047953027278,0.108778117701418,-0.5262135610505491,-0.1191239769745915,0.019722717285379453,-0.6109141193461106,-0.1512964185624831,-0.016234661897524393,-0.4421572694413276,-0.13003780415879787,-0.09171856548584498,-0.6973783020456421,-0.18774790911289385,-0.1382902065262689,-0.846675658628332,-0.21922865242365824,-0.17696155117539716,-0.9697681196428041,-0.23604310663898612,-0.1162383029901002,-0.3897495453006771,-0.12928891568578146,-0.1868871854370289,-0.6679751279987141,-0.18262941142451064,-0.23755672512183748,-0.8537679981670517,-0.2130960548030248,-0.2741319770448988,-1.0,-0.23385735797072765,-0.1973018232015825,-0.323197051001213,-0.12647154080540884,-0.2626935403678712,-0.5697217553373408,-0.1666488011964749,-0.3013394450688715,-0.7354156354875192,-0.19148032712749352,-0.32382756421559655,-0.864540862201182,-0.2084289969441558,-0.25911064167340164,-0.2525907009675607,-0.12534470016553692,-0.3106444240960193,-0.43937970410478333,-0.1610671970773657,-0.34001055121848606,-0.5599997201605706,-0.17756421837743927,-0.3605846322679348,-0.6624234953184931,-0.18633340824706113
thank_you,0.0,0.0,0.0,0.11584464981388495,-0.17868686181108426,-0.04938861537068729,0.16018510606489977,-0.36318303000225133,-0.08606032454747639,0.12089633252534089,-0.5273849254453573,-0.11319311442904861,0.03459627010345876,-0.6139497055679386,-0.1426800915250938,-0.009072736538943997,-0.4471036906475156,-0.12097535217708467,-0.08367420766130038,-0.6971314095678471,-0.17761382640862688,-0.1301081866644395,-0.8489210219165336,-0.20960286854412147,-0.1691031959713989,-0.9724532668658566,-0.22687885662104312,-0.11142579528358347,-0.3974682366920619,-0.12000478765894411,-0.18035418101895234,-0.6723137630514275,-0.1706375092288665,-0.2314903992763632,-0.8562893465849888,-0.20011104928660875,-0.26956179323793517,-1.0,-0.22022291625123974,-0.19404716674012784,-0.3317540387955457,-0.11780645399652402,-0.25782281036219334,-0.5758205403877945,-0.15607114619098872,-0.29681983120183286,-0.7354391988499827,-0.1790282758432816,-0.31991528389887175,-0.8596803079157673,-0.19454246302235162,-0.25824603683808306,-0.2608930529224593,-0.11774404619512442,-0.30542050125141473,-0.446951136009058,-0.1520156750393444,-0.3343315363104983,-0.5657802566297301,-0.1671697978686794,-0.3539804289134811,-0.6669519824620098,-0.17465508310481803
thank_you,0.0,0.0,0.0,0.11441739484819063,-0.17595998098137694,-0.04604532102855478,0.16073349555100067,-0.35811044386110014,-0.08323914017583323,0.12258165821616503,-0.5205320419848091,-0.1103307542016682,0.03691858351213236,-0.601134245108498,-0.1410728900409848,-0.013149539917133142,-0.4494083050651068,-0.1270059013362889,-0.08258789121027965,-0.701786232274923,-0.18287657270167418,-0.12796688522101157,-0.8492224339842017,-0.21433775033801095,-0.16717313739356962,-0.9704003100515021,-0.2314906904333438,-0.11656729835664713,-0.3959471154422429,-0.12773369329812378,-0.18057934881193538,-0.6758291680151509,-0.17760553734541462,-0.2277808543197446,-0.8584047530575633,-0.2067594083943556,-0.2624860856397409,-1.0,-0.2268609942118967,-0.19797251888876902,-0.32456638738058424,-0.12577615357277508,-0.2594519759789996,-0.5754175506730435,-0.16227285128454705,-0.2971175598627143,-0.7391634203155653,-0.18426295440863558,-0.318814053004423,-0.8649981420882927,-0.1997970740581495,-0.2594329573559319,-0.2447636057071851,-0.1251290409273885,-0.30990998118115237,-0.4387928768064695,-0.15804003896559354,-0.33741250834062514,-0.5609298348656111,-0.17065498976089963,-0.3548680882687859,-0.6645094114215622,-0.17644088641306258
thank_you,0.0,0.0,0.0,0.11544437591266735,-0.17813081550547613,-0.04730649661361166,0.15755275255410292,-0.3608871243072002,-0.08273000418510558,0.11768128953419081,-0.526418571636745,-0.1087263629948548,0.03134056885373721,-0.6119127579588127,-0.13733522580310922,-0.012517992269208529,-0.4519037865261742,-0.11810337981998625,-0.08750673379603262,-0.7035394583176218,-0.17197799561404561,-0.13311186447866963,-0.8534255240150502,-0.2027016579764918,-0.17241152719843078,-0.9755505967753934,-0.2195128117293992,-0.1145956726011901,-0.40244314089471084,-0.11699100812761964,-0.18342097242682234,-0.6779832463636698,-0.1657753119282199,-0.23420315314367257,-0.8597627229583363,-0.19503007089246288,-0.27257530725630486,-1.0,-0.2151354828160174,-0.19490919396722567,-0.3346066426839365,-0.11413208695846074,-0.2607014940552209,-0.5790760934616347,-0.14986167297279415,-0.30304154701944874,-0.7364002222935924,-0.17284704290220357,-0.3293670946680546,-0.8559408669482236,-0.1887294027424465,-0.25367304172856886,-0.2599935316998921,-0.11316019514455562,-0.30279701764130046,-0.4497054320707188,-0.1442531016879015,-0.33346641601066546,-0.5683355984165679,-0.1580474324783114,-0.355745580838408,-0.6661155383638799,-0.16499063289873483
thank_you,0.0,0.0,0.0,0.11037775737726664,-0.1819651368090235,-0.04876455123481928,0.1541302106733646,-0.36494060910937737,-0.08668078051991245,0.11621433015091737,-0.5227925755886237,-0.11611931730157699,0.03348193146427379,-0.6107038803451562,-0.14826785941791495,-0.016626850594387208,-0.45381840491032294,-0.11678802483424429,-0.08751255944111244,-0.7016485830909666,-0.17541384978744234,-0.132725989425676,-0.849700917098282,-0.2102939607346195,-0.17190100274641615,-0.9715349095863731,-0.2294536651688396,-0.11901559172306125,-0.3998291501479391,-0.11857495509160003,-0.1857580003360876,-0.6737179166266752,-0.170820546094018,-0.23441305996931847,-0.8564740072580894,-0.20254264117620163,-0.2710584081372743,-1.0,-0.2238513213881983,-0.202005636323227,-0.3289226351182222,-0.11963466540894774,-0.26380581916254237,-0.5756099878606684,-0.15940827500587537,-0.30162069802272706,-0.7390158500067122,-0.18288767385546087,-0.324399562257042,-0.865307786423017,-0.19838228146679307,-0.26706800544755294,-0.25045988838957595,-0.12292135476099696,-0.31716219926296685,-0.4425443235471465,-0.15844086721393594,-0.3443011147331053,-0.5647113743974578,-0.17250891602763274,-0.36234398152857367,-0.6671756874091822,-0.1787896928364394
thank_you,0.0,0.0,0.0,0.11052085419999341,-0.1820272441503863,-0.04603156781537259,0.15491807809154845,-0.3630300451151169,-0.08264407980821091,0.119618797869516,-0.5204546783331464,-0.10999153014595928,0.034513176227550665,-0.5974463840653956,-0.13987153906291214,-0.018764099472426934,-0.44860196172962685,-0.11848401119943128,-0.09262281097753254,-0.702213711021079,-0.1736395958125598,-0.136785928914218,-0.8538629319618287,-0.20551836119638014,-0.17468705201577128,-0.9761942758338438,-0.22266578373055196,-0.11931560230326393,-0.39818715249522924,-0.11818159438891446,-0.18655952265707942,-0.6775872981185581,-0.16620244858890787,-0.23510012642200798,-0.8601428182107755,-0.19550883401852384,-0.27118894515099556,-1.0,-0.2155330201748507,-0.20010795551299956,-0.3319705507328611,-0.1159373401685376,-0.2642247921960209,-0.5822851680498966,-0.15111635254971545,-0.30275155567440565,-0.7430823327719902,-0.1747541550144494,-0.325576047614164,-0.8655736610273569,-0.19138216744131425,-0.260689001540898,-0.26016160419528095,-0.11534438756449024,-0.3079280049508098,-0.4464517971765432,-0.14623301495119687,-0.3369024307722094,-0.5637241041753128,-0.16004662411901288,-0.3571517572084027,-0.6622428548562249,-0.16709991465352847
thank_you,0.0,0.0,0.0,0.10723293961562899,-0.1795684252499177,-0.047242135556218284,0.15069030164426978,-0.36110667800627644,-0.08519278559613204,0.11374662488704809,-0.5220847968510598,-0.11368848800634744,0.02948042833862749,-0.605752959209513,-0.14493054499405508,-0.02007068223189966,-0.45048234201640175,-0.12170370410926816,-0.08971525126372486,-0.7048161127904187,-0.17789558814789222,-0.13538878786330655,-0.8530189812983432,-0.20997800298496072,-0.17532999039444158,-0.9736110493815542,-0.22708979204038146,-0.12053180597626116,-0.3992861233766203,-0.12132199467100431,-0.18617677422477386,-0.6791110817269633,-0.17046023665610455,-0.23544966682646934,-0.8612443634763549,-0.19955904452611428,-0.27181879738029074,-1.0,-0.21933770860852247,-0.20016825939468058,-0.3303086289801263,-0.11903268705097951,-0.2647438520392871,-0.5787479432194927,-0.15468721340742655,-0.30392173454905674,-0.7385361622464701,-0.17667984759065594,-0.32659713168187743,-0.858480847642684,-0.19196971623349793,-0.25897379484089933,-0.2539200026066129,-0.11852993935197181,-0.30822984252293556,-0.44366766254675255,-0.1497011270738127,-0.33740168458686687,-0.5642439138039925,-0.162547276333087,-0.35678338587946534,-0.6644207301015235,-0.16861755665943873
thank_you,0.0,0.0,0.0,0.1138946515930749,-0.17640579840943252,-0.04095838734497715,0.15767221068884116,-0.3604857887210204,-0.07243839943396607,0.1165366414041373,-0.5266744262194966,-0.09503347953517778,0.030988408586618367,-0.6060009316884825,-0.12017790679670487,-0.012789389689829695,-0.45021202968806295,-0.11172387624743202,-0.0855684037216833,-0.7027192212532127,-0.16283418685623535,-0.1310440659312711,-0.8523390156550932,-0.19190576159553438,-0.17070412959000683,-0.9741384293275698,-0.20775401309306457,-0.11332436512079143,-0.4022724078215591,-0.11184891791469996,-0.1798906609431261,-0.6790055728301588,-0.1571248044598219,-0.23020909414382842,-0.8602885842488838,-0.18452151647488008,-0.2688700203678296,-1.0,-0.203847036519457,-0.1929397211264868,-0.33683560290553505,-0.10947914561710083,-0.25739014491080514,-0.5808132924504451,-0.14188306534200476,-0.2973567584767029,-0.73792773378935,-0.16328642769619325,-0.322052801686766,-0.8560040609690692,-0.17872551080821136,-0.2526896066984623,-0.2637595264668971,-0.10854724785153473,-0.30122231692891366,-0.4478004506004591,-0.13708425376703107,-0.331430597858424,-0.5653033819590317,-0.14984823050942048,-0.352803624129472,-0.6627312408797417,-0.1563902506884568
thank_you,0.0,0.0,0.0,0.11184042642323942,-0.1774155272638773,-0.03902091831223667,0.15410228891291597,-0.3656507462805664,-0.07166932909969134,0.11630414573716401,-0.5337245404818806,-0.09580235395975126,0.026249526218565848,-0.6053926900013166,-0.12319941870921564,-0.011454937899721915,-0.45422628998216585,-0.11578219580652137,-0.0866652569591012,-0.7064711162889049,-0.168651984709463,-0.13343983275016658,-0.855235055437415,-0.19825239246072676,-0.1733795877004345,-0.9775421615604665,-0.2143433664755606,-0.11323731362934532,-0.4037535458799966,-0.1180969422785952,-0.18221406542373017,-0.6800071815291071,-0.165149872142984,-0.23109665939204366,-0.8604257050865175,-0.1917109370839558,-0.26722733130388643,-1.0,-0.20989939636668065,-0.19637412574857466,-0.336908192129842,-0.11757573282929878,-0.2623632816396229,-0.5841727077955499,-0.15170415452868796,-0.3032654412850149,-0.7440156716924071,-0.17212166070280813,-0.3280378067610107,-0.8656375801438699,-0.18639056109100965,-0.26035684220185684,-0.26367191583247884,-0.11815792542992996,-0.30905056195465264,-0.4545935055038441,-0.14762628281473625,-0.33750018951257366,-0.5737767262600592,-0.15933209546460078,-0.35674948033657433,-0.6736342925994343,-0.16490477253916502
thank_you,0.0,0.0,0.0,0.11005513766730965,-0.1772684249441083,-0.04239613340631687,0.15063861497710518,-0.36739702107939687,-0.07523712161104172,0.11078599397613158,-0.5322732331883332,-0.09883079880374408,0.023388676539042457,-0.5992497529755069,-0.12551147554131434,-0.017382254977713823,-0.45464249503222454,-0.11730784450632253,-0.08891121131506416,-0.704645064262218,-0.17076938799295008,-0.13355223969537616,-0.8538764581973534,-0.20139217969993772,-0.17217712725671006,-0.9766274956683579,-0.2183546742796591,-0.11812506916008646,-0.4020174948231012,-0.11808342334189015,-0.18568378841367295,-0.676571705536129,-0.1657942434010677,-0.2329174686050053,-0.8575410963274829,-0.19360695474015113,-0.26850014885600754,-1.0,-0.21271758450901046,-0.1984671615362131,-0.3351889945499661,-0.11642342193498777,-0.26416352762527706,-0.581631447502585,-0.15174659999840018,-0.3039253293334605,-0.7445070858566558,-0.17441496602150064,-0.3279605755043319,-0.8702827244417581,-0.19012335770025462,-0.2587726856037639,-0.2634564117982547,-0.11620931943553726,-0.30946586385598485,-0.4530351528819312,-0.14713575827802466,-0.3393908208303449,-0.5725343816747699,-0.16059130370802574,-0.35968471046849293,-0.6723748982166676,-0.16736015920728128
thank_you,0.0,0.0,0.0,0.11291556777831373,-0.17794880040187916,-0.04183358902788089,0.15723762465733482,-0.35899280633087677,-0.07549697632773122,0.12430689041993334,-0.5174739846431603,-0.10113735626512958,0.04217363515866788,-0.5887296250700929,-0.12989902407967963,-0.012968922357488479,-0.4556460263637214,-0.11462305611802454,-0.08598926349082933,-0.7005190672627661,-0.1704121779432471,-0.13203098565185778,-0.8496056800629056,-0.20372105376146396,-0.17186125889609616,-0.9719213327925883,-0.22238571743163507,-0.11459171748150387,-0.40474591781475,-0.11751950183913927,-0.18276831073962885,-0.6764403936560045,-0.1665489704451289,-0.23212849574483232,-0.8583779088044655,-0.1962640113969682,-0.26909705973873055,-1.0,-0.2167762873497314,-0.19505186273074657,-0.3349189322364848,-0.1185017420435345,-0.2617541257808207,-0.5772911072235061,-0.15458459602556993,-0.30458089458111054,-0.7349808459460518,-0.17752359542323112,-0.3305220989547462,-0.8554479664866049,-0.19336992543610182,-0.25415625772421524,-0.2577606915137422,-0.1211502229578736,-0.3048256697119573,-0.4447444139675409,-0.15239979800104922,-0.3365691645728794,-0.5645152852470189,-0.16570788589931876,-0.35744528355919036,-0.6657374810719231,-0.17230700542877456
thank_you,0.0,0.0,0.0,0.11384854684794322,-0.18034831691654568,-0.04516812478983488,0.15488383392995167,-0.36552639115683366,-0.08181341132396927,0.11772439635221305,-0.5314847881891772,-0.10868016935355862,0.029274523712963196,-0.6074597444351251,-0.13851575482726122,-0.01207471276944262,-0.4512667630690722,-0.12482883681365767,-0.08488182292870465,-0.7024678131982699,-0.1808396241022769,-0.13131542642410915,-0.8513096985047511,-0.21327706223683446,-0.17213004645109395,-0.9737961266422844,-0.23129347306122836,-0.11504724095900001,-0.3963145167615117,-0.12465194577366653,-0.18048840016464973,-0.6714888101916713,-0.17508377195287758,-0.22955946613747039,-0.855266850601136,-0.20458201755794536,-0.2672690938498662,-1.0,-0.22527548394427516,-0.19819359696564032,-0.32836599519883436,-0.12187018716825038,-0.2585491113179438,-0.5773678820898376,-0.15849680525355675,-0.2976104545230197,-0.7389126185616214,-0.18140544781493662,-0.3225352096928024,-0.8629888398215944,-0.1976517901966042,-0.26045772560710595,-0.2561403822627454,-0.12060869918386302,-0.30568337064893364,-0.44954423428052714,-0.1528419923397661,-0.3334960450042592,-0.5694746622628029,-0.16695030815736908,-0.353748376943096,-0.6697908798298172,-0.1743438624591148
thank_you,0.0,0.0,0.0,0.11172877430988462,-0.17639862340655418,-0.0484614963546418,0.15735902325664403,-0.3614158812428459,-0.08559711568204195,0.12203281777903263,-0.5230440471968951,-0.11272448842945797,0.03869406248642009,-0.5976236372775666,-0.14305380823246197,-0.01791583406579802,-0.4500871234829418,-0.12622626743231843,-0.08941591133371955,-0.703180821421629,-0.18290606924550165,-0.13439096351857707,-0.8534072672500935,-0.21496425379106904,-0.17285846413459968,-0.9765514466307544,-0.23216378901511758,-0.11937801844074375,-0.39796396825957026,-0.1256859521840003,-0.18468001597057113,-0.6745925707713739,-0.17492348465873536,-0.23095465777513363,-0.8566055429790109,-0.2033056008202315,-0.26545184367823155,-1.0,-0.2223003247536721,-0.2005874442788646,-0.3291296542918749,-0.1232277538894646,-0.2664125108249117,-0.5761835696947449,-0.15939637378194893,-0.30555929690753053,-0.736129367708315,-0.1816238659085038,-0.32794442599777857,-0.862494070857445,-0.19692765608612237,-0.2621080753741172,-0.25304552052929846,-0.12259427497552425,-0.3149475694536978,-0.44029158376670996,-0.15464324619176295,-0.34408273773810905,-0.5603256792874673,-0.1675717680424189,-0.36089585332555774,-0.6636310097016658,-0.17341605993573747
thank_you,0.0,0.0,0.0,0.10913215388410627,-0.1789935728313971,-0.0401234961490545,0.14957994944223288,-0.36485683907259137,-0.07209788088336443,0.11446032656353426,-0.5293552132783701,-0.09544796530317723,0.028718871306272327,-0.6040866197028811,-0.12172095770970463,-0.017938982828851098,-0.4546758499857514,-0.11131813477317329,-0.08953585831107065,-0.7017214333627638,-0.16317325294232438,-0.13431493956629723,-0.8497956911608695,-0.19361728881918275,-0.17389342499884722,-0.9710516010816429,-0.21040104066867146,-0.11698995496370862,-0.4021127613318581,-0.11347534434066243,-0.18470621612500285,-0.6759836527618965,-0.1597789907846177,-0.2328400229717435,-0.8578242538236872,-0.18771462481984522,-0.26961838226692764,-1.0,-0.20702480180683105,-0.19775235362691196,-0.33187747021974146,-0.11331706954992052,-0.2645634755763876,-0.5771711457374579,-0.1469724158071928,-0.3038532719034554,-0.7370590362893279,-0.16828137927172784,-0.32687879858509117,-0.8605739977801785,-0.18306898436939215,-0.26028628942672594,-0.2548072865762967,-0.11444326354631024,-0.3121755065248088,-0.4467894963672233,-0.14306931932784742,-0.3394527514404993,-0.5663328866956954,-0.15417285597503114,-0.3560464430378035,-0.6660162066109172,-0.15932921909024442
thank_you,0.0,0.0,0.0,0.11408190187755209,-0.17668111700817918,-0.04271509269720115,0.1564449911332848,-0.3534640519977939,-0.07707619218730366,0.12140329564062274,-0.5127931997622874,-0.10314413395660248,0.03822528883132751,-0.5851503145352215,-0.13195441657513293,-0.012273817213129421,-0.44979114645938656,-0.11383470531065971,-0.08500510910913067,-0.7003753330659358,-0.16783178552565242,-0.13213392912423394,-0.8482463950813206,-0.19933686985326815,-0.17251813919800685,-0.9673074021039111,-0.21664323477556424,-0.11224886151503573,-0.398593645069484,-0.11519181984607123,-0.17969131891656168,-0.676019300128848,-0.16376021429368176,-0.2299506064028784,-0.8590020476023608,-0.1938540982316339,-0.2675868394162583,-1.0,-0.21458670552728024,-0.193046813627648,-0.33219644504813867,-0.11440787681093578,-0.256052983987341,-0.580669373262028,-0.14937052679254362,-0.2949433358389319,-0.7422906132213578,-0.17239605761180152,-0.31834508251611077,-0.8662460090280721,-0.1887674745649863,-0.25423585763280954,-0.26009015404284686,-0.11520497265490948,-0.302406530538823,-0.4446576516846442,-0.1460612642540076,-0.33161902783304575,-0.5632972937793964,-0.15954234899079542,-0.35216155774227575,-0.6628860473103664,-0.1663852734565796
thank_you,0.0,0.0,0.0,0.10700133180626677,-0.18132395287145073,-0.039065283081511956,0.14615791426149227,-0.36495706186773996,-0.07398874599246083,0.1075080126176417,-0.5263959158570178,-0.10020920278203875,0.021393347070222783,-0.595205591793595,-0.1301014344310961,-0.023810931630642584,-0.45130100755885366,-0.11984427347596344,-0.09590601275382593,-0.7026557339771629,-0.17335977064353592,-0.13933061835030577,-0.8494116951429564,-0.2036751306990664,-0.17713070525031085,-0.9697807040787491,-0.22007394872690175,-0.12538667435756348,-0.39497357538481087,-0.12371819188462714,-0.1901970787067782,-0.6762070585260369,-0.17072397287365487,-0.23419307621143026,-0.8587088634388279,-0.1972586873498968,-0.2671634193437902,-1.0,-0.21554208830095334,-0.20705970546150648,-0.3230278880452421,-0.12462822608322306,-0.2709207516300041,-0.5776110927557696,-0.15835772552126656,-0.3060031297211384,-0.7413729414519472,-0.1790589272605876,-0.32472987638214806,-0.8664042158611223,-0.19398572509289955,-0.2694023603903298,-0.24431576310423297,-0.12645933192903328,-0.3223749585825392,-0.4424537504365837,-0.15574464150361797,-0.3465081090159463,-0.5651002282894271,-0.166502831860548,-0.3584057513147046,-0.667204589125422,-0.17160596625220786
thank_you,0.0,0.0,0.0,0.11010434322143656,-0.17571421443863813,-0.04568636894932502,0.15325441532711526,-0.35182199341954984,-0.0813487122507816,0.12285510114003008,-0.5078202023741075,-0.10769940455934449,0.042101044866836024,-0.5866936290524276,-0.13609948379828088,-0.01959238891764331,-0.44701392268441303,-0.11867490783657826,-0.09318704549392509,-0.6971553524698048,-0.17472865458217887,-0.13576573967259703,-0.8500801236197545,-0.20692319852472005,-0.17179594387823824,-0.9752972496230532,-0.2241510121405867,-0.11564150462482173,-0.39911429646711666,-0.11822728595311449,-0.18450581507949956,-0.6792823576126047,-0.17085886227873281,-0.23245756588380426,-0.8602552574500302,-0.20228245648101223,-0.268419944365372,-1.0,-0.22291243551481366,-0.19349642962519234,-0.3346846406695156,-0.1154946305688439,-0.26018162947835083,-0.585695610583746,-0.15326164354786606,-0.2980852104693588,-0.7477555742623135,-0.17653918696868318,-0.3190924551493433,-0.8733064889053533,-0.1918585552696974,-0.25414864688875993,-0.26452239611785,-0.1145542659581548,-0.30708554856186354,-0.4523817987318263,-0.1450282003969013,-0.33362676659709817,-0.5717192075596272,-0.1577991326825995,-0.3495108179240355,-0.6719943201734425,-0.16388590362181923
thank_you,0.0,0.0,0.0,0.10870733000329673,-0.18214970370231606,-0.049348506470651435,0.15370173164144801,-0.35952995215654215,-0.09149107492349415,0.11741941537187037,-0.5224090584424785,-0.1239021616013143,0.02712671703511141,-0.602268453339059,-0.15942982381731133,-0.016079298998315127,-0.4400080248790464,-0.12962524171064607,-0.08723821674122342,-0.696368325936899,-0.18912476833564806,-0.1324323597323354,-0.84756716633227,-0.2238451392477351,-0.17070896732199442,-0.9722496416263862,-0.24322217198626353,-0.1183917834973454,-0.3893725111386826,-0.1301760815289687,-0.18139885233982384,-0.6699232112581431,-0.18220653243846835,-0.22926640725108344,-0.8549378223981547,-0.214095039297002,-0.2644336143802246,-1.0,-0.2370555279756301,-0.20222110783359168,-0.3239703873637296,-0.12856276982053888,-0.26326895017065677,-0.5783475249764753,-0.16634602827688327,-0.3030093136310704,-0.7449655972538646,-0.19135026327390597,-0.32677965542655224,-0.874960311913535,-0.21029617091382458,-0.26737625682943306,-0.2527268497370219,-0.12875296441745124,-0.3137946261810558,-0.44214633812056114,-0.16323992014628141,-0.3392746578898955,-0.5631149852127354,-0.1788294825678159,-0.35650861401596684,-0.6652382958371981,-0.18781332025006686
thank_you,0.0,0.0,0.0,0.11418857403325672,-0.17915230390574402,-0.04273338170617599,0.15469133817203717,-0.35072663177286545,-0.07788209043804949,0.11576746009963555,-0.5026799874095362,-0.10470746082700373,0.03713009971212009,-0.5828878509682446,-0.13416316105467188,-0.022531287745698427,-0.4558482986148475,-0.11231458556246898,-0.09298952178404131,-0.703556725399326,-0.16711388373681144,-0.13493946380906666,-0.853758539570691,-0.19962870594487409,-0.1711601806030284,-0.9753912051338784,-0.2171930879904859,-0.12158672084918729,-0.40635246124623825,-0.11370408066633426,-0.18537902172419227,-0.6828122840044284,-0.1634756165457302,-0.23051462512942103,-0.8626948670484914,-0.19320142332886267,-0.26432348625265645,-1.0,-0.21263150333311862,-0.2012529204112616,-0.33711329361936737,-0.11304028030498312,-0.26401912267359545,-0.5872643670934286,-0.14863290464689563,-0.30006831253528976,-0.749025871307244,-0.16936431829723136,-0.32012712982968616,-0.8722668436747227,-0.1830357724837016,-0.26240767228360945,-0.2578262588549368,-0.11383956719465897,-0.31471572917283797,-0.44796676504477795,-0.14358552516814244,-0.3426064275042791,-0.5677807453764101,-0.15383345332350648,-0.36080383904357616,-0.6659908763470567,-0.15748218905797506
thank_you,0.0,0.0,0.0,0.11454298849512176,-0.17175587057988187,-0.04270929219627163,0.1605967682424878,-0.345645845469491,-0.07618459201083247,0.12757919415647495,-0.4996599617965046,-0.10088014545548242,0.05300619432143372,-0.5794337053007549,-0.12778289907162574,-0.013457288826872183,-0.4495722627004309,-0.11275899997220502,-0.08051693457193199,-0.6992289970426956,-0.16602192632488688,-0.12048628571018737,-0.851112834190933,-0.19659067946767025,-0.1544349604218482,-0.9743470780382497,-0.21307872712880188,-0.1108580326554617,-0.4041212598387548,-0.11376310680811248,-0.1708288341558693,-0.682077747380383,-0.16259844408504956,-0.21445548862461838,-0.8620943070097915,-0.19201803425414427,-0.24741098402290615,-1.0,-0.21154851536795866,-0.18871865285263126,-0.3399212182404557,-0.11243940231222888,-0.24695515591791586,-0.5894345101720592,-0.14752833461458317,-0.281681926017186,-0.7493310403798356,-0.16940780473831818,-0.30114482981753327,-0.8721113686876374,-0.18416563808851927,-0.24848002843347342,-0.2666718730949055,-0.11261711152099257,-0.29551168697040864,-0.4545881250403432,-0.14158719899695602,-0.3205263698949444,-0.5731104450778932,-0.15285410229047344,-0.3365178876670606,-0.6725421740609901,-0.1577998770747321
thank_you,0.0,0.0,0.0,0.10750888903647186,-0.17472703889081173,-0.03932438496627634,0.15427626831607677,-0.35031280851406216,-0.07194847985865642,0.12054135317700039,-0.5040553036001875,-0.09624005594006006,0.042364129289502894,-0.5782444344542119,-0.12298942246849541,-0.011531880478219944,-0.4497496446301152,-0.10816442377758483,-0.07972633964548581,-0.7053400950462779,-0.1583993933556238,-0.11932996652562558,-0.8558571215103188,-0.1875896728557943,-0.1546254120438781,-0.9774913248878973,-0.20339718706101098,-0.10985463360183502,-0.40329293462088134,-0.11033596565822908,-0.1695752930763857,-0.6854957361999624,-0.1530288340423785,-0.21189512086407564,-0.8648844105968554,-0.17995903850298894,-0.2445954562464,-1.0,-0.19889066667816938,-0.18982842307726694,-0.3416469558242985,-0.11020873852993704,-0.2484040284193735,-0.5972776367934589,-0.14085770484419258,-0.28306608219548984,-0.7588970187244488,-0.16335178241189166,-0.30328967786182914,-0.880549102347804,-0.1799259520660494,-0.2514767965496234,-0.2734662261314683,-0.11129809649501181,-0.29706966718476807,-0.46849165439528373,-0.13849090708765255,-0.32017717088534037,-0.5885212653594504,-0.15026757331902038,-0.33358288515645856,-0.687920425243331,-0.15641616279113166
thank_you,0.0,0.0,0.0,0.10823106246881897,-0.17263004592080686,-0.03793832318012882,0.15829162464645002,-0.3466914390908759,-0.07001572428058393,0.13054129272864984,-0.5004351780356945,-0.09471751802670846,0.05369476805038419,-0.5754161674600248,-0.12190061167089147,-0.009482517121398476,-0.45220577723494154,-0.10207836896866754,-0.07384831473355453,-0.7021165358386874,-0.152240023213877,-0.11139377596801867,-0.8510967207242085,-0.1833447485368984,-0.1439022761763608,-0.9723489087917685,-0.20081756842324758,-0.1060577463710017,-0.41084513245704235,-0.10576249220551139,-0.1634225198158669,-0.688983972348196,-0.14631418263595866,-0.20393823251900245,-0.8658866753467307,-0.17380332456973635,-0.2343736077688764,-1.0,-0.19365623843299817,-0.18610824904143217,-0.35006894972044295,-0.10755744814794291,-0.2388009472933621,-0.6022130599031338,-0.13687824647410934,-0.26884656713079585,-0.7613804263897284,-0.15961640774255925,-0.2855609836536374,-0.8812288296716574,-0.1769144970539705,-0.24975829382647544,-0.27937677468010713,-0.11068981719634172,-0.28953275050339117,-0.46925949718938115,-0.1368722072848798,-0.3121983622986049,-0.587168390099468,-0.1482937100616792,-0.32632048159544214,-0.6860143544993781,-0.15446359328633222
thank_you,0.0,0.0,0.0,0.11157188248600752,-0.16829521072421402,-0.03794664351448204,0.16832939604498948,-0.3425538076152145,-0.06968232757470366,0.14350830320801744,-0.5036667541619632,-0.09349742869711374,0.06165557675736056,-0.5743237482156298,-0.11947317257845927,0.005908562155845857,-0.45040586502169133,-0.10222287323776581,-0.05736751036675829,-0.7050917640788936,-0.15149419997723684,-0.09378547523891077,-0.8555011193501187,-0.1819803044810453,-0.12465370429426596,-0.9787085216115773,-0.1990689805656483,-0.09167977103963058,-0.41254845111809907,-0.10441406066050021,-0.14883260715424657,-0.6903825138179617,-0.14536275590482006,-0.18909335270023395,-0.865692010500073,-0.17324882372116537,-0.2195387675084224,-1.0,-0.19352468332261075,-0.17320873301870088,-0.3564877124888619,-0.10421644918647222,-0.2240670873772018,-0.6065460825295799,-0.1326870043098637,-0.2553457793400496,-0.764832723814642,-0.1545497122366985,-0.2744439785465995,-0.8838515078913904,-0.1714500702343025,-0.2383647591257674,-0.291299254154393,-0.1054224479373135,-0.2727262657852113,-0.48109583635542724,-0.12932218063838574,-0.2937646612394083,-0.5943539556081696,-0.13893063639740105,-0.3095067225552834,-0.6881297888335284,-0.1441562889983621
thank_you,0.0,0.0,0.0,0.12021206210182167,-0.17023612116682627,-0.03663851377238606,0.17099924463494048,-0.34969163125259745,-0.06785694524772184,0.14419818206889404,-0.512018334799166,-0.09167493970069965,0.058702918857283994,-0.5727637946904331,-0.11930629195772469,0.0106998052559459,-0.4527060209409846,-0.1061041799749346,-0.04781083304192644,-0.7020327990322625,-0.15748538066304946,-0.08392214588943515,-0.8521311308624375,-0.19024040195308245,-0.1159137437728773,-0.9755853279375335,-0.2098841526269442,-0.08978142403430209,-0.4112402863924552,-0.11048726091737168,-0.14129253807459013,-0.6835189965834209,-0.1527369746560896,-0.17745672007757768,-0.860986114528188,-0.18115418571775663,-0.20502738478283333,-1.0,-0.20295613370218607,-0.17407717329021472,-0.3504487559511793,-0.11240147827310767,-0.22225249156892937,-0.5997993691533993,-0.14342591454074047,-0.25471399306574233,-0.7612204984513576,-0.16598015821427814,-0.27505006173133767,-0.8865594289299379,-0.1841519308202812,-0.24241211642667856,-0.2783643419061882,-0.11545120271363044,-0.27762937266307935,-0.4687899218112381,-0.1441588042104114,-0.2985564401030061,-0.5884151442856042,-0.15658390557361979,-0.31327982004331273,-0.6911959818801967,-0.16443211574874866
thank_you,0.0,0.0,0.0,0.11298587253458207,-0.1697287445524067,-0.039669053031240166,0.16471606312410456,-0.3503945355167973,-0.07275583174960751,0.13467658708412525,-0.5104320065473303,-0.09814546718428702,0.050415216861774366,-0.5739654770671817,-0.1272041969172988,0.008744003218746374,-0.4471308362167673,-0.10804660191232102,-0.04727529789698102,-0.6947475301731828,-0.1605770997945939,-0.08483572928411379,-0.8433693090892105,-0.1932779871828951,-0.11820726116419797,-0.9659984012002597,-0.2126769072868589,-0.09088452952544085,-0.40978226828352016,-0.11198797231142205,-0.1390094906147646,-0.6826426703096133,-0.15679518919339644,-0.17656400402832514,-0.8613326471640242,-0.18620261579257294,-0.20496214982462677,-1.0,-0.20749686556593427,-0.17495518318613754,-0.3520908634615395,-0.11391149126160194,-0.22250278677375515,-0.5995177088257581,-0.14783419361033517,-0.25371654658309223,-0.7607349870676496,-0.1724111926406555,-0.2726528784194939,-0.8854049120916588,-0.19089558856192498,-0.24421291227661523,-0.28258907714094333,-0.11706866111935832,-0.27714493598606893,-0.4705467584220852,-0.1482316743053136,-0.29785374036050877,-0.5909652112318088,-0.16296867127460096,-0.31185456114399007,-0.6952002946046151,-0.1716992998730741
thank_you,0.0,0.0,0.0,0.1169779980278052,-0.16835814703491722,-0.03324157855045763,0.17131169610808525,-0.34729585277820335,-0.062340248943487886,0.1412784925943089,-0.5047228168266763,-0.08436652475542139,0.06015652655925367,-0.5672834795246052,-0.1104257237224302,0.017764456951559805,-0.4504216882613618,-0.10418071685832588,-0.036810429454351534,-0.6974578228733807,-0.15511437892241414,-0.0725773695942708,-0.8460668279015762,-0.18697550693752513,-0.1046728874440251,-0.9686663874542228,-0.20578550856125774,-0.0826849074923007,-0.4115071258462343,-0.11003570970963356,-0.1313752256348012,-0.68392534750961,-0.15230677013035263,-0.1690859808317337,-0.8613205863208353,-0.18048668326144826,-0.19810138700283467,-1.0,-0.2017682525681903,-0.16705093951192843,-0.3528116424316273,-0.11303800435844644,-0.2133936438536187,-0.6020742037899848,-0.14412356091691117,-0.24288320524502,-0.7621138437355779,-0.16684734905822426,-0.26003935535759826,-0.8836539454251926,-0.18451312907518255,-0.23563411659854736,-0.282187811317527,-0.11675151207465465,-0.26884632611918574,-0.4720325100676956,-0.14448703314657746,-0.28723608613719703,-0.5917904584918132,-0.15633473769933715,-0.2989408741562954,-0.6927393539188479,-0.16338252974709483
thank_you,0.0,0.0,0.0,0.11649977027178918,-0.16951883278349744,-0.031125164036683837,0.17066814428903557,-0.3519019721131643,-0.059933431688782644,0.14109792337528912,-0.5083312266697692,-0.08202512676747195,0.05808988387386837,-0.5639854788107769,-0.10878902039443672,0.01734694481198767,-0.45311000727636996,-0.10450349484925125,-0.03457163083366692,-0.6968796796030927,-0.1557798076030122,-0.06953236012707026,-0.8436533292843326,-0.18823075126340094,-0.10155146404901394,-0.9651651578222948,-0.20788655333036327,-0.08281502836601126,-0.41233267799992507,-0.11144973647600305,-0.128493278724407,-0.6839161462451762,-0.15304881243617824,-0.16343831156666752,-0.861063454284086,-0.18087812733341183,-0.19056643286316283,-1.0,-0.20252057558540693,-0.16697230049633124,-0.35366596926571764,-0.11547053230185132,-0.21134695664348352,-0.6032037324425532,-0.1467588047259868,-0.24063385267027002,-0.7633236249336943,-0.17063256463732945,-0.25835546151707384,-0.8856261129000771,-0.18978089412871316,-0.2351897870527941,-0.2832502696595093,-0.11994558855075445,-0.2674742319880265,-0.47225825789111475,-0.14918859958756814,-0.2867183177190454,-0.5907325470647045,-0.1630623299201712,-0.3002962212174215,-0.6930981757805337,-0.1720898302603267
thank_you,0.0,0.0,0.0,0.11655219311115946,-0.1693833384770279,-0.03133358011827296,0.17057853599490017,-0.34699953959717283,-0.06061008422996112,0.14568879867748022,-0.5003427724345191,-0.08374518795340574,0.06669161042331763,-0.5645770301993899,-0.11093047684985559,0.017907567175808107,-0.4555919970858019,-0.09928973208504048,-0.03438380646891269,-0.6982021522567328,-0.14964741780825236,-0.07025491012026126,-0.8443368871203574,-0.18184290766294722,-0.10278825137994364,-0.9650699394899142,-0.2013327538201014,-0.0808678909503018,-0.41630186488441867,-0.10667988324325715,-0.12820795788578973,-0.6841895898367341,-0.14956770305879247,-0.1638223774746652,-0.8607830073411483,-0.1788948157101309,-0.1915992768892959,-1.0,-0.20101905300984305,-0.16463290463590233,-0.3574936251916237,-0.11145026800531489,-0.2102441684416629,-0.6041863771356872,-0.14388884486096595,-0.2384808382620046,-0.7639920087223568,-0.1673883419277952,-0.2548524908551856,-0.8872166435622024,-0.18546039797425035,-0.23265623656104384,-0.288099915002555,-0.11681632461715484,-0.2642769936454291,-0.47707772586300234,-0.14626867648191277,-0.2823520734570181,-0.5969106843812135,-0.15916973841241724,-0.2942139285768493,-0.7000600484181875,-0.16686246371572658
thank_you,0.0,0.0,0.0,0.1174637498936372,-0.16895118910046306,-0.033663242943457655,0.1740446402100984,-0.34804776525614933,-0.06349812499443987,0.1496284947409636,-0.5058415163366132,-0.08667523296254671,0.06905041351163305,-0.5676853251976288,-0.11416706580474932,0.018650845903158433,-0.45266455256239674,-0.10186079069263064,-0.0317891276855914,-0.6980055449681324,-0.15276751277411857,-0.06477157865531116,-0.8461863172040582,-0.18591942127533084,-0.09515204295013094,-0.9697175400142007,-0.20593428592242738,-0.08317856258339676,-0.41296290398255603,-0.10806591133458818,-0.12539172013328587,-0.6816891347685221,-0.1501316860907381,-0.15836870441155662,-0.858808353167916,-0.17893077123596274,-0.18453791483275014,-1.0,-0.2008193839909106,-0.16727251868855816,-0.3546707015603205,-0.11178608399647237,-0.20765473074009336,-0.6022329136974213,-0.14278052112294481,-0.23579591145354256,-0.7622794170193475,-0.16504667230437609,-0.2529574404602035,-0.8872212046781569,-0.18257550949790663,-0.2348817063429625,-0.28547744102430267,-0.11646381897032018,-0.2639808256985837,-0.47845117380957247,-0.14450873837781958,-0.2813279053048615,-0.5982148162549931,-0.15570637440613672,-0.2929437531324538,-0.7011931806747862,-0.16228399263046978
thank_you,0.0,0.0,0.0,0.1128811233359506,-0.1647738681501301,-0.0335759447434956,0.16901287025450282,-0.349032889969293,-0.06443367112820499,0.14339511697827262,-0.50707248254287,-0.08877783371211721,0.06061531741590231,-0.5677377038564396,-0.11760017363593478,0.020909733122600044,-0.4550108503647739,-0.10465377639477942,-0.03186705727403535,-0.6988964637155047,-0.156986608750612,-0.06647592113360908,-0.8466844596983588,-0.18992527363823744,-0.09555401853297159,-0.970139000823375,-0.2097550392620279,-0.0787533802031788,-0.41513724318452255,-0.11232661854435014,-0.12458834196225427,-0.6827690957657369,-0.15719906378896842,-0.15855592108959934,-0.8595076395008447,-0.18741410557817798,-0.18277660099759072,-1.0,-0.20994064639638343,-0.16319902688185436,-0.35513122485305265,-0.11733253942568911,-0.206445980366785,-0.6018318895651107,-0.15109217254795124,-0.2347851071365953,-0.7615812604027032,-0.1750213960110821,-0.25026796821271036,-0.8860609140335026,-0.1934630670387731,-0.2328489930847344,-0.2835985849926641,-0.12301406870430588,-0.26197518683901405,-0.4723277386217738,-0.15401506741096974,-0.28056717862302494,-0.5928289120706683,-0.16783321108499843,-0.29255401625389593,-0.6973807998250927,-0.17607342518607952
thank_you,0.0,0.0,0.0,0.11766855354931065,-0.16192349717760768,-0.031427011513858766,0.1763862749751264,-0.33926180607728074,-0.060461919543399974,0.15709241875469554,-0.49529067214562733,-0.08307379106458568,0.07780384817458222,-0.5526804795528844,-0.10962425381985737,0.02630597512132226,-0.4410957265629759,-0.10445804406813651,-0.025560956821458303,-0.6899418325752807,-0.1562975821329957,-0.0612476744451664,-0.8408709758066154,-0.18866688428570438,-0.09299760528132552,-0.9657204334098154,-0.20797343111914263,-0.07294699194399887,-0.4056015096753234,-0.11138964697822099,-0.11857601169566895,-0.6769899515726208,-0.15449353217766665,-0.15393761167739448,-0.8570234294097342,-0.1830103806320769,-0.1814480052894475,-1.0,-0.20474569267521484,-0.15719909922028874,-0.35441074945684176,-0.1153564252535413,-0.19909906165607424,-0.6013374002517817,-0.14692474152011523,-0.2289728439917562,-0.7615849433491035,-0.17029853067700168,-0.2472554963044935,-0.8864602580763061,-0.1888037049571901,-0.22594248423825863,-0.29292457080346807,-0.12012229573758666,-0.2551652381266625,-0.47691117459237753,-0.14843896960088845,-0.2754503898556316,-0.594572193090215,-0.16161992608287284,-0.2897092453653881,-0.6970860131677801,-0.17007057554085678
thank_you,0.0,0.0,0.0,0.12158680994860156,-0.15864603421922338,-0.034281145426348095,0.1760326538685524,-0.3364201059590885,-0.06459150438236666,0.15576461598885544,-0.49464488020311187,-0.08737359325074111,0.07593781919301391,-0.5543767100399086,-0.114401111605865,0.026744102911528476,-0.436619980037789,-0.11126040195524779,-0.02589481130545238,-0.6825706086836563,-0.16371604839797108,-0.059238365114445704,-0.8319819943250376,-0.19643369649801773,-0.08843727194874706,-0.9566784115522556,-0.21573704903450672,-0.07376647992645037,-0.3984864247201338,-0.11643849413732406,-0.12022295125132323,-0.6708178490764879,-0.16037798632299088,-0.1531888671460999,-0.8540901902646268,-0.18881654842962464,-0.1777413158240365,-1.0,-0.2100959252105307,-0.15899650677055333,-0.34392971462353217,-0.11841294357809554,-0.20071470888652249,-0.5922193991242202,-0.15069533563554185,-0.22776731583222545,-0.7551558283955365,-0.1740685713436476,-0.24356511608350112,-0.8806061041279069,-0.1919333210648286,-0.2280326702465103,-0.27923473361723894,-0.12107548378676962,-0.2579436245491731,-0.4673475487708815,-0.15000792400171142,-0.2761481972120306,-0.5853156174222417,-0.16256633346892702,-0.2886234767318037,-0.6849698220377393,-0.1700898693031115
thank_you,0.0,0.0,0.0,0.11678964726706768,-0.1626447549926486,-0.03228711349399662,0.17002627199327297,-0.3435576842859921,-0.06251725571743773,0.14715628027433644,-0.5007537486754793,-0.0858226202884586,0.06783249195352196,-0.5622501467834669,-0.11378664489477691,0.02459922160211059,-0.4407503391041091,-0.11233884855500381,-0.027351401748595995,-0.6873538177815929,-0.16610215704094122,-0.0620885785194165,-0.8372681921213038,-0.19888062416262745,-0.09286950125792998,-0.9621466610881327,-0.2184328482455876,-0.07524105527653248,-0.40256408598491117,-0.119966059315876,-0.12222603691893973,-0.6734803948857692,-0.16567741938632577,-0.15640470318987323,-0.8551129298295388,-0.19454729866195114,-0.18208262359735644,-1.0,-0.21612403459821833,-0.16009301727037792,-0.34636529756553136,-0.12420528451049519,-0.2016494944860986,-0.5942353011123056,-0.15875911993922198,-0.22918785492384214,-0.7550923178509039,-0.18216166005412232,-0.2453651040621053,-0.8790745521231521,-0.20000257342814237,-0.22999009773421208,-0.2774208311563541,-0.12886475278137413,-0.26080098432843035,-0.46473135905167867,-0.1605534029301762,-0.2803628086730538,-0.583439323901868,-0.17412590591985933,-0.29384062982132236,-0.6852990858027624,-0.1822340858474509
thank_you,0.0,0.0,0.0,0.11433539102119729,-0.16390695748542417,-0.03194294358590094,0.16752636602473633,-0.342830687549707,-0.06184925134294719,0.14353573666583547,-0.5000844137634541,-0.08518084897606452,0.06424545271378757,-0.5650294306802893,-0.11302815692207079,0.01706790813816845,-0.44632433939691,-0.10530675468026317,-0.03335310649783069,-0.692206810391469,-0.15763682818919508,-0.06574310347478755,-0.8402991465253313,-0.19124386951769812,-0.09567495580761144,-0.9633111627651127,-0.2112448983352095,-0.081920981425326,-0.4065393796943762,-0.11219515556336587,-0.12768822168813893,-0.6783748424474569,-0.15583403950720226,-0.16078594682836486,-0.8577094654222994,-0.18528378224734118,-0.18640508809705697,-1.0,-0.20742224285417232,-0.1655099471118049,-0.34992128515635096,-0.11604122298372724,-0.209703603857384,-0.5999348785464282,-0.14836421405901273,-0.2393359260380079,-0.7609036029696524,-0.17171086151685858,-0.2580241028639965,-0.884213643388389,-0.18977324701335338,-0.23338566722461654,-0.2830627310777236,-0.12041881969772532,-0.26349855339380585,-0.4755414885324893,-0.1497788579526162,-0.28228382586320405,-0.5935430525253348,-0.16216730100296978,-0.2964812697351849,-0.6936826641712954,-0.16936782474875958
thank_you,0.0,0.0,0.0,0.11589835908420035,-0.16004394547470763,-0.035240550406791964,0.1716591235899245,-0.33960550315037485,-0.0651751992107885,0.15219972569671295,-0.4999947796952291,-0.08836053031257338,0.07039580983537057,-0.5605522133301273,-0.11548651920439758,0.017110181650786923,-0.45057336347400206,-0.10106635664727084,-0.035194345618977864,-0.6950340664434064,-0.1511753601701856,-0.06903520858281381,-0.8427595163783107,-0.18350592370999516,-0.09846277843602833,-0.9661490128087297,-0.20305999894882412,-0.07979647139035699,-0.4126948320564679,-0.1062570203694747,-0.1269175524047413,-0.6802133048167593,-0.1477685082037917,-0.16168549403857013,-0.8583914817281424,-0.17665654769460634,-0.18756618318207632,-1.0,-0.19860719762255033,-0.16145667067944638,-0.3555908673140899,-0.10927641301074326,-0.20625803808291426,-0.5981216394288037,-0.14018000426404353,-0.23728128109442898,-0.7562883316696908,-0.16426187327552344,-0.25620591413073224,-0.8785744455008091,-0.1830219777290762,-0.22795338742412763,-0.2883357826581476,-0.11345192519382725,-0.2587030390083319,-0.4736075627978935,-0.1423452838588213,-0.279713816564818,-0.5910120589040208,-0.15631349457563243,-0.29501650723644973,-0.6922850223128482,-0.16493153555344298
thank_you,0.0,0.0,0.0,0.1192997788602325,-0.1622074368678878,-0.02828752506585878,0.17400783093166394,-0.345908048768112,-0.056904820162581325,0.15268220407319932,-0.5036628333603184,-0.07866111431619029,0.07162636788989274,-0.5550813827536392,-0.10535931530936186,0.02439414064184291,-0.44480736843517865,-0.11118475091674741,-0.032296697164934024,-0.6985075428043895,-0.1609729215868758,-0.06873532812007058,-0.8472221902389611,-0.18973971223654423,-0.10006088113028792,-0.9669903893255773,-0.20623113754186106,-0.07561750832361064,-0.40095929667246943,-0.11837115810661276,-0.1264706818885109,-0.6805903698868129,-0.16016367780325053,-0.16120905620907724,-0.8608872922491977,-0.18541617528347687,-0.18685440849817042,-1.0,-0.2044111355773389,-0.16044841926238623,-0.3434396115486906,-0.1215080311478972,-0.20733562432300812,-0.5989748751587439,-0.1517807205652766,-0.23924044933720404,-0.7606040723099803,-0.17411741330566835,-0.2588909120838205,-0.8839058703242247,-0.19192488584305362,-0.22887747567315656,-0.27621118470613915,-0.12451466724668328,-0.261491005640815,-0.4658021869086433,-0.15248754953503876,-0.28226332649191527,-0.5833398513013928,-0.16521295245067874,-0.29699573419173053,-0.6845298959541721,-0.17325267415236786
thank_you,0.0,0.0,0.0,0.1161944701839843,-0.16406169755240915,-0.032856080193868105,0.16691405746702412,-0.34294086965022147,-0.06378287767056852,0.13933746699892777,-0.4992640454916775,-0.08697230207394006,0.05880615357297827,-0.5658650753478733,-0.1146521961399374,0.017457481616485256,-0.44028567990177936,-0.11452137443124316,-0.0384390916870788,-0.6924446857441586,-0.16603604523435642,-0.07555227677587936,-0.8413356694769706,-0.19643817603536504,-0.10827444897073804,-0.9636124980903592,-0.21407046701637458,-0.08248577814448478,-0.3977323109018786,-0.1199167639346059,-0.13134251624267065,-0.6754281235603906,-0.16334570471500182,-0.16727028762633833,-0.8573450904502691,-0.19012736907803104,-0.19431300510048233,-1.0,-0.2103612381917035,-0.16548284022951423,-0.33910041574090244,-0.12162034848681019,-0.21201943854947108,-0.5925573083104341,-0.15383683481228666,-0.24394918360248807,-0.7533169112751568,-0.17680838700846604,-0.2636398332062076,-0.8751469961005942,-0.1947878371090503,-0.23207088334768827,-0.26949811137410784,-0.1235123391247101,-0.2657824875648048,-0.45948873652340616,-0.15346170501377548,-0.2868765706574178,-0.5780806372537252,-0.16697878403036304,-0.3022988336571229,-0.6798166965217344,-0.17524110417486372
thank_you,0.0,0.0,0.0,0.11618185945506362,-0.16603939423570732,-0.03703092890876093,0.1722087535268771,-0.3433480503425026,-0.06946862614414424,0.14589917061025537,-0.5000760625415758,-0.09419153891454737,0.0654475913291546,-0.572893269010067,-0.12253696971998729,0.019045333748689046,-0.43724619162041967,-0.11182380164325433,-0.034725828106238595,-0.6878614451693336,-0.16477993717327596,-0.07079400605056588,-0.8384120416086588,-0.19603112688462848,-0.10340485318507746,-0.9636308892587844,-0.21401504064439755,-0.08313153985811453,-0.39751311032291115,-0.11641046965687829,-0.13155992030098967,-0.6733697538369722,-0.1612577991823981,-0.16754666472468915,-0.8558772017262327,-0.1889742527975962,-0.19440914254373043,-1.0,-0.20932518861960953,-0.16729967867327972,-0.34157989244456477,-0.11820905652069569,-0.21712119630028007,-0.5909738801390199,-0.15145567355425024,-0.24869876184715553,-0.7508292238761503,-0.17250311872958665,-0.2670059019161284,-0.8745073903881907,-0.18836543652504617,-0.2336736059189453,-0.2768152053048844,-0.12103915768308614,-0.2721253927725894,-0.4655496715251385,-0.15053962543217358,-0.29307458062526726,-0.5844454551012216,-0.16222986740583778,-0.30618371876163547,-0.6870275216865127,-0.16866462612329222
thank_you,0.0,0.0,0.0,0.12061621201773895,-0.16283519231529492,-0.051638672004446995,0.17167094430185662,-0.33253914791987554,-0.09188406983227133,0.14802599603269037,-0.49372958885866597,-0.1217237437811242,0.07504935881982229,-0.5950587693588508,-0.1548069142645887,0.01645580806221188,-0.4282882043466768,-0.12979421119965212,-0.03553323416351238,-0.6772935475794217,-0.18715473135285632,-0.07144823854708719,-0.8260045595379378,-0.22034969074568275,-0.1050414598583148,-0.9502959203685458,-0.23911524739767032,-0.08469655662640703,-0.39279419368191604,-0.12785724088160846,-0.13129275535776713,-0.6698731747701433,-0.1773289348483987,-0.16788262096689802,-0.8547970881590768,-0.20674179162914166,-0.19568285708305846,-1.0,-0.22754456719553753,-0.167398916160159,-0.33692814890666434,-0.12410245325049848,-0.21437200155343658,-0.5832459848237617,-0.16158615534414963,-0.2459619563068828,-0.7450250883110098,-0.18565024661862653,-0.26553820299013287,-0.8691584699114681,-0.20277901674489363,-0.23010845374921612,-0.27138459725761077,-0.12223951147258875,-0.26533851972376116,-0.4566365617270122,-0.1561430131388123,-0.2871667068462059,-0.5767844947804065,-0.1715347675221933,-0.30227434279322474,-0.6766876763022628,-0.1797911783550105
thank_you,0.0,0.0,0.0,0.11519331961399261,-0.16373972317010063,-0.04681572245656642,0.1685706659153323,-0.3390856591391262,-0.08386768317251195,0.15258218928790007,-0.49803640570745794,-0.1122043172444338,0.09522492370820332,-0.6014767090243901,-0.1434219797177623,0.01317268880825357,-0.43860579422954604,-0.12252588242869715,-0.039159872129628896,-0.6871519169713112,-0.17997304760010546,-0.07522119199760247,-0.8373378238666919,-0.2136913812977174,-0.10918498473228018,-0.9613808514883706,-0.23242770427414974,-0.088573601985295,-0.39786072513439696,-0.12451156159924646,-0.1399222206673428,-0.6707693642160467,-0.17371274034865228,-0.1797611954828205,-0.8542227222797631,-0.20227616125393844,-0.21181100445886375,-1.0,-0.22224171001430693,-0.17299903009846132,-0.33863807227817966,-0.12510329982286797,-0.221865562005445,-0.5831354762275838,-0.16222050112104147,-0.2525269780679318,-0.7427452004538584,-0.18368855287325278,-0.27104769803222467,-0.8673674856616976,-0.1986125091292425,-0.2401349531328662,-0.27073154788453974,-0.1277543432275609,-0.2797342997090919,-0.4593197522156642,-0.16108589416985686,-0.3033227825144397,-0.5792954960967587,-0.17402385923936073,-0.3179627262642067,-0.6805772731648042,-0.180105069343248
thank_you,0.0,0.0,0.0,0.11475227633941201,-0.1702539596858088,-0.05519179424301239,0.16450211764451197,-0.3505269737406119,-0.09913795735603492,0.16261589747583927,-0.5186032464352769,-0.13231238793488914,0.15389793343277403,-0.665864113241606,-0.168017975697424,-0.0003520191332752439,-0.45119173928433914,-0.1307303411616802,-0.05934259799375762,-0.6987306839501158,-0.187207783425797,-0.0985346889834875,-0.8435468688611859,-0.21954138398934134,-0.13356153397200335,-0.9611887924575038,-0.23846635379358247,-0.10189887183672022,-0.40393317064213763,-0.12895359753161467,-0.1572685480081388,-0.6743897531057963,-0.17892627447789888,-0.19632541596182443,-0.8562830905240575,-0.20779096100556663,-0.22697743493038483,-1.0,-0.22822430691213236,-0.18331419895999054,-0.33722083874833353,-0.12669502379109684,-0.2374165121288553,-0.5824548738217693,-0.16734707648698063,-0.27048834889614,-0.7424444324699374,-0.19307984768779962,-0.2926438276213758,-0.8685341093441392,-0.21127430719842244,-0.2445525078343474,-0.2627269074311255,-0.12632709202821749,-0.29020306750790453,-0.44837762554466687,-0.1662499776407453,-0.31773130884682593,-0.5655305029520428,-0.1847173539459829,-0.3381121813130706,-0.6665072854548094,-0.1944712370393934
thank_you,0.0,0.0,0.0,0.10925394737195246,-0.17697241508767317,-0.04800798814536108,0.1587835528392045,-0.37011290068708497,-0.09146809925575299,0.17752718556914732,-0.5429389037299552,-0.127251900431317,0.20902896062945137,-0.6759658871409917,-0.16658828900178207,-0.008206308943376942,-0.4543357112894846,-0.12475946892786847,-0.07134776231258143,-0.6954057457739798,-0.18282992896268607,-0.11131460238317653,-0.845473844876764,-0.21734130231011653,-0.14424853464971074,-0.9683507702926565,-0.23864090110401961,-0.11142045713782321,-0.4072951528942079,-0.12798700289414114,-0.17291157094297246,-0.6724656548288792,-0.17939768129445083,-0.21531559636011202,-0.8537447244311037,-0.2084937077390367,-0.24866805354024557,-1.0,-0.2292625329533393,-0.19374640737172197,-0.34349070617356614,-0.13025854844144497,-0.2525897314415144,-0.5863170928511177,-0.17171316682676604,-0.28934816994416457,-0.7437361376449662,-0.19566201569380443,-0.31533949853737303,-0.8680869780338359,-0.21240510407297317,-0.2552702011682387,-0.2730263298112091,-0.1344407683632624,-0.3025937493438347,-0.4570078926126011,-0.17330227087559597,-0.33330583688326976,-0.5716300416583059,-0.19010588433539508,-0.3589192932091452,-0.6694941437297596,-0.19902195690770982
thank_you,0.0,0.0,0.0,0.10390542002978741,-0.18774954293041232,-0.04705886448807648,0.1516347951490898,-0.393071829076015,-0.09174007556473678,0.18191429116810995,-0.568385904438228,-0.1286726475321143,0.24641461797236908,-0.6727816697534821,-0.17009329164009343,-0.018733999588071863,-0.4567714755242063,-0.12699106401368448,-0.08709668842319226,-0.6969292305079217,-0.18173752383263453,-0.13024762913133564,-0.8468747234466083,-0.21394859771500166,-0.16317513255712526,-0.9702087062876981,-0.234255881025126,-0.1243249914578486,-0.40726438047873353,-0.12980289024033148,-0.19013507512529482,-0.6749383000702024,-0.17726844086483118,-0.23513913686371885,-0.8561076283297029,-0.203468360145965,-0.26826315937769485,-1.0,-0.22222573407631105,-0.20821197393344146,-0.3423429186656227,-0.1306566787688075,-0.27008199274800115,-0.5851095518515534,-0.1667934218458948,-0.30778468778188606,-0.7432980522307416,-0.19034904424827714,-0.3325980006008277,-0.8659542188306717,-0.20722696628909137,-0.2699834157255749,-0.27071425084836165,-0.13359540703791165,-0.3188730154131762,-0.45918478707323473,-0.16539708268855371,-0.3501193916956399,-0.571067643917889,-0.1796746091513649,-0.37467602328227356,-0.6660946236234834,-0.18782132144495936
thank_you,0.0,0.0,0.0,0.10051124553551419,-0.19676500937360578,-0.048972064671262326,0.1472775070627045,-0.408588401803803,-0.09675648358187595,0.1923082996727333,-0.5800112582165601,-0.1369264678175016,0.2755304146510583,-0.661671291659429,-0.18211688010143132,-0.02595546895225371,-0.46505111737560095,-0.13063959009994947,-0.10001859886725561,-0.7009270243295834,-0.1868764993127532,-0.14654216591306163,-0.8492954203559339,-0.22043098530051655,-0.18175431981023413,-0.9724958483531947,-0.24230943819378092,-0.12984561504587747,-0.41162292024866337,-0.13469082535344837,-0.19756742448277684,-0.6756773871749804,-0.18342540053601952,-0.24625362825458244,-0.8561819460508432,-0.20966577430625716,-0.28286013891088796,-1.0,-0.22912653396630306,-0.21277327454432376,-0.3415691542093336,-0.13711898643112352,-0.27489604333823187,-0.5853652117280055,-0.17398763185137578,-0.3140429104260369,-0.7448238602730588,-0.19826567359163635,-0.3407838864263202,-0.8695795108753128,-0.21594751779533766,-0.2743211692594221,-0.26463173365528836,-0.14224556839159405,-0.3222117370975144,-0.4570944390184456,-0.1737739083756973,-0.3532773485097538,-0.5720005059657541,-0.18856004772140955,-0.3788897911838498,-0.668903954077706,-0.19807139039852031
thank_you,0.0,0.0,0.0,0.09439160725043787,-0.1994967377692093,-0.04666690386803019,0.13912554874153304,-0.41567451557537366,-0.09140732215785514,0.18910847154895008,-0.5839053806968485,-0.12946548049720155,0.27272316473670705,-0.6619731398673967,-0.1723847407441957,-0.03638919009717633,-0.47313324090306175,-0.11706744067788288,-0.11322506015339295,-0.7066858446440127,-0.16878944881202354,-0.1600445108761518,-0.8527419073347939,-0.2007864712011092,-0.19434962881256906,-0.9742740356894962,-0.22169004470145787,-0.13700794492633336,-0.4205409166819821,-0.12116939990051694,-0.2088665997417424,-0.6815264056190111,-0.1652572283251088,-0.2584733293212443,-0.8583252471482525,-0.19077110492127541,-0.29386926391152496,-1.0,-0.20936376861043762,-0.21839701446922824,-0.35009937345305303,-0.12414308880883644,-0.2842378550343548,-0.588480695108003,-0.15706569463673378,-0.32571459548290294,-0.7420325196371748,-0.1806013533157878,-0.3529808602913198,-0.8628231194051037,-0.19765309776817516,-0.27930279387341544,-0.27211672081496613,-0.12987891781272756,-0.32703039357060865,-0.4586718367155329,-0.15765806723920053,-0.3592151133872895,-0.56969402684672,-0.17052670786113927,-0.3847389297238796,-0.6658240108680882,-0.17851444693185578
thank_you,0.0,0.0,0.0,0.09073888543349486,-0.20074308030565838,-0.044018759334820724,0.13460739384501888,-0.4203158761748637,-0.08611281281987719,0.18681692989152285,-0.5880739474953075,-0.12261345712589958,0.2694916952718546,-0.6657364476153139,-0.16398639546365906,-0.04226696699634538,-0.47714000963067116,-0.10887418957581045,-0.11917380298763446,-0.707938432574551,-0.15913352066706515,-0.1648915621181859,-0.8535026389133861,-0.1909197935568687,-0.1974876309985105,-0.975167102617586,-0.21201909999462087,-0.14117121433813176,-0.42313509686171674,-0.11468199881393931,-0.21368712125053052,-0.6813073814595537,-0.15790437631069953,-0.26166005063838305,-0.8569991327000639,-0.1841082835956937,-0.295739042929641,-1.0,-0.2033811901406543,-0.2207523110873399,-0.35127226338941386,-0.11974273281897585,-0.28705842662698877,-0.5890777969867536,-0.15261934914796998,-0.3282410108380358,-0.7430003277665388,-0.177037222366032,-0.35615496129125573,-0.8657389389901189,-0.1947469102356471,-0.28057228307444854,-0.27124105296924667,-0.12755278619866464,-0.32988357266003376,-0.45771680733016423,-0.1553129597157789,-0.3615790968258536,-0.5690441285159031,-0.16844195945339113,-0.3870206354862382,-0.6653264022334143,-0.17682182555865741
thank_you,0.0,0.0,0.0,0.09471197309424932,-0.19860716698526298,-0.04860535891284285,0.1429039250138021,-0.4189595122716773,-0.09439628006173492,0.19842703168541528,-0.5872381978983042,-0.13334746907469747,0.28340034014535925,-0.6659216488235133,-0.1770029830306238,-0.03666473253187523,-0.4709915776348747,-0.12237636343270308,-0.11472834844886069,-0.7093129790043189,-0.17628670124718196,-0.16272088771187695,-0.8587433691092278,-0.20823650029073712,-0.19801612802852472,-0.9842591983787183,-0.2289696173657238,-0.13817129395217329,-0.4149803778905836,-0.1262368840781122,-0.21219610367026473,-0.6768551896163998,-0.17282191633848865,-0.261474386632105,-0.8552552074059605,-0.1976738086470153,-0.29669411730263545,-1.0,-0.21574259105557145,-0.21938207832941947,-0.34405682292844003,-0.12917543114453844,-0.28662949736332155,-0.5839960824571735,-0.16457009782784282,-0.3288843433788359,-0.7414842476799581,-0.18752783986225507,-0.35781029705206824,-0.8665186229664188,-0.2037066214277268,-0.2798765033338629,-0.26795509799696265,-0.13522148211003004,-0.33007010078778,-0.45629583271541807,-0.16491287082680922,-0.36338041327773135,-0.571310461909463,-0.17847536113813772,-0.3904845367603194,-0.6703747982076698,-0.1868284757590609
thank_you,0.0,0.0,0.0,0.09481509274827764,-0.19848067420537782,-0.04401848101343264,0.14417386163768386,-0.4136084647804255,-0.0875749337819483,0.20133217432919234,-0.5793329343080049,-0.1261134820506879,0.28443085954640557,-0.6575760823278519,-0.16991701197487388,-0.036216935312129585,-0.47993431553831034,-0.11400859995230392,-0.11418661408539968,-0.7123588739514953,-0.1681891274028731,-0.16369920942600538,-0.8587407405427312,-0.2022618584768936,-0.20151880736951017,-0.9815133655259127,-0.22480800458966516,-0.1377636161318018,-0.4230031378489943,-0.1210610648166495,-0.21256490743155107,-0.6782819813008922,-0.1692341083957074,-0.26662579208674286,-0.8551297476298454,-0.19774254831602872,-0.30748976049650867,-1.0,-0.2183613478200579,-0.2183881175020237,-0.34983277955000863,-0.12707355068045226,-0.2887690246827866,-0.5854757858615913,-0.16383208835225854,-0.3347907559294265,-0.7422292328418096,-0.18837608486390556,-0.36666677197176756,-0.8681929263971617,-0.20553577381207852,-0.27884823112946766,-0.26945987636695135,-0.135856674501187,-0.3327914170834521,-0.4531046819376884,-0.16656750985334062,-0.36723428546155346,-0.5682122296321912,-0.18015469287789915,-0.3937040186289584,-0.6683222248602501,-0.1882447167505655
thank_you,0.0,0.0,0.0,0.09671123587537309,-0.19854701619913762,-0.044452525371368325,0.14086472415642126,-0.4142744691822967,-0.08596820558047683,0.19878030739886088,-0.5801294300859647,-0.12166912971206076,0.28331740086006474,-0.6555543682413342,-0.16234386754826724,-0.03900503710036046,-0.4772207348704881,-0.11185625845575074,-0.11611331406033545,-0.7075921042962484,-0.16385627923374962,-0.16393809022753755,-0.8531179994589698,-0.19710434655895853,-0.20048562756134966,-0.9753600209480736,-0.2193931626686946,-0.1406041568191788,-0.42441798338209347,-0.11678713229976398,-0.21435129162138025,-0.6789260068986165,-0.1627929611301279,-0.2667830876395134,-0.8555810346769559,-0.1909387561765888,-0.3057886060834772,-1.0,-0.211409256712966,-0.22044806992446436,-0.35585652366590004,-0.1207380206514734,-0.28677890315912224,-0.5903132167005694,-0.1560144899768896,-0.3274396018068997,-0.7482985305863374,-0.18216087394724909,-0.3551967620336703,-0.8737633079472718,-0.20043392059875023,-0.2784653771150639,-0.28178239610920336,-0.12743614753493082,-0.3301123423880483,-0.4660627088028439,-0.15798278419463724,-0.36302236611187005,-0.5792891646025049,-0.1732793223393529,-0.3884229482809134,-0.6768347293902307,-0.18262075764821664
thank_you,0.0,0.0,0.0,0.09618171893616624,-0.19973542849310225,-0.04598838046419504,0.14722130976684128,-0.41788720753777364,-0.09149678843637854,0.20745909969446938,-0.5837763000055964,-0.13128673715233077,0.29271698391726425,-0.6619861355446386,-0.1764716188616152,-0.035178926417164864,-0.4739690673570507,-0.11831617377399108,-0.11358309467555926,-0.7095298462127424,-0.17216138240995546,-0.16122851370345767,-0.8561540451783018,-0.20494862133619418,-0.19703423613696402,-0.978692179730189,-0.22646172378992863,-0.13602211629629088,-0.41579026341167474,-0.12437755403916279,-0.21183101812988012,-0.6756888632590311,-0.17195638410103942,-0.2632404575416262,-0.8546733531396982,-0.1989568310014082,-0.30097677334689443,-1.0,-0.21858557115601465,-0.21737104166717358,-0.34271353686360295,-0.12947530031492546,-0.2864258271103876,-0.584781217531796,-0.1666684618471043,-0.32818367848478874,-0.7469976162610092,-0.19110490912705455,-0.35617359200024007,-0.8770655759377811,-0.20804804977414357,-0.28021869730570176,-0.2633811784381522,-0.13726923058062435,-0.33168466839749317,-0.45395733926388776,-0.16854475398530763,-0.3623572007328842,-0.5717383775488935,-0.18230679129946076,-0.38600561099228914,-0.673348597698017,-0.19063252083795298
thank_you,0.0,0.0,0.0,0.09301256183285603,-0.2019693764644624,-0.042448710214033375,0.1370508982035928,-0.42193162587867744,-0.08412355939474804,0.19749397943243946,-0.5867741148138506,-0.12059857302238407,0.28401718302525386,-0.6579606547774017,-0.16260007613029867,-0.0406922025514189,-0.4816465438687842,-0.11145252747760406,-0.12103740887789638,-0.711023171049206,-0.16369946024250903,-0.1689383461338193,-0.8570595222598282,-0.19776887575930155,-0.20424279159073158,-0.9801558838844051,-0.22058473181892144,-0.14143460361884927,-0.4251067430356678,-0.11842017506286831,-0.21758396250976308,-0.6785339104399896,-0.16329234987086103,-0.2694391922676386,-0.854985192658162,-0.1913483879306111,-0.3073470450403541,-1.0,-0.21229196951743745,-0.22345076152043739,-0.3521940900807081,-0.12430118139260016,-0.29072165451705284,-0.5911902824785212,-0.15884459456625286,-0.3330670723769852,-0.750307862535798,-0.18479878333545358,-0.36236811702681593,-0.8763912392606092,-0.20325652139194927,-0.28557008266076545,-0.27182699817755795,-0.13278536113094955,-0.33684074785212187,-0.46061588778963813,-0.16223972685602114,-0.36946490171830254,-0.574800833116376,-0.17635286267677094,-0.39503132322311896,-0.671650937255923,-0.18520167320788264
thank_you,0.0,0.0,0.0,0.09650836157782736,-0.20185178175468774,-0.04644208202964894,0.1466065099422839,-0.4206822639415272,-0.0928040759904744,0.20737320600824274,-0.5839289140386683,-0.13295337108165906,0.2943939194314267,-0.6564790998325556,-0.17872194027621538,-0.03048488362477839,-0.4719855179379275,-0.1257863087240221,-0.11094972818515933,-0.7086292418930328,-0.18188761695732392,-0.15934581511717127,-0.8563701886953684,-0.21531029078097724,-0.19456558768719304,-0.979912360975437,-0.237148200336971,-0.13287451159349634,-0.41413752337958537,-0.1318663208823,-0.20973484264501355,-0.6742588754697646,-0.18115926154311313,-0.26193770198475275,-0.8535232931582719,-0.2089462226510825,-0.29989909799029385,-1.0,-0.22935286619795953,-0.21398089863709993,-0.34127054653928524,-0.13645542502483843,-0.2830138103025972,-0.5860455655995466,-0.17442028339405985,-0.3261308587457966,-0.7480806117868688,-0.20063853991585337,-0.35486266945681055,-0.8774075510313823,-0.21926764047134242,-0.27404838000369425,-0.26307806852336546,-0.14358189345287414,-0.32647876029753664,-0.4528477646817623,-0.17610118480917358,-0.35939123807951845,-0.5695894891655026,-0.19180220196836367,-0.3846017944669438,-0.6699506796954972,-0.20181184460044566
thank_you,0.0,0.0,0.0,0.09761249539784463,-0.1962899320112626,-0.04847273801145517,0.1454509356867467,-0.4180975633947928,-0.09393097926062711,0.2055362820627772,-0.5850455321897983,-0.13242439616680293,0.2967182403656895,-0.6553377284122375,-0.17649762881597927,-0.03548955602214815,-0.4759329853923237,-0.12408268165578419,-0.11556492462975024,-0.7145615972837348,-0.17693641415568812,-0.16360994873502718,-0.8632574425186279,-0.2087488234057823,-0.19803858683532313,-0.985953942647209,-0.22957218061284793,-0.13740730413374544,-0.41829757856835775,-0.12775483010119992,-0.21542865813465653,-0.6792278823122543,-0.173749862893507,-0.26699940126820787,-0.8576988927567247,-0.1996071610990523,-0.30344526957545875,-1.0,-0.2184398295215172,-0.21837026060105053,-0.34493766193757225,-0.13011172072245886,-0.2887772438565947,-0.5870644045574558,-0.16575230421171536,-0.3295339482239868,-0.7470001829367022,-0.1909225531698465,-0.35595762765582545,-0.8727502808915881,-0.20855305732303514,-0.27916896158624843,-0.2650736394123824,-0.13521129683151673,-0.33123440563142886,-0.4555109106799235,-0.16581801116682426,-0.36269910787977677,-0.5710447984723964,-0.1805332387423809,-0.3859162222158725,-0.6701191453276094,-0.1896290642385023
thank_you,0.0,0.0,0.0,0.09957703028548913,-0.19758688647708553,-0.04650907749895687,0.14961014737510928,-0.4172508040517517,-0.08974262387636306,0.21273629019081225,-0.5806359715586081,-0.12645240610266956,0.2991018918157748,-0.6529329007809396,-0.16857734612971545,-0.029127609128037912,-0.4695792164356916,-0.1221986202947149,-0.1060744928245223,-0.7061339866446688,-0.17701451956743827,-0.15205113187683106,-0.8570062865623876,-0.21041387187577576,-0.18527769142538617,-0.9827277892174394,-0.23220784849598755,-0.13117266656076995,-0.41642393253014237,-0.1264913255857506,-0.2051416920932502,-0.6744003760308283,-0.17452190635133197,-0.2556048116093996,-0.8537106570112241,-0.202362309915309,-0.2928427781193976,-1.0,-0.22268414744439408,-0.21224456881354412,-0.3484733167861578,-0.129389365310666,-0.27807952389351726,-0.586875107805141,-0.16602707442015574,-0.3194887169637135,-0.7466454938181974,-0.1920194928155215,-0.347918983157548,-0.8741063339560451,-0.21031225893220734,-0.2725849943039905,-0.27374579783275527,-0.13509091731489148,-0.3215452573696488,-0.46071312674376336,-0.16656472972046554,-0.35224856755187883,-0.5759601113669741,-0.18212712254469549,-0.3756199912229155,-0.674721152156379,-0.19191018530539714
thank_you,0.0,0.0,0.0,0.09365342714483904,-0.20087941854105548,-0.048022209273350984,0.14177234853766074,-0.42223829273866204,-0.09324762861975483,0.20055087886373837,-0.5860187793472529,-0.1321179892431086,0.2875090436858067,-0.6565058977133607,-0.17640739514913598,-0.03719220310859965,-0.47475092977693556,-0.12123484106110052,-0.11390195623426953,-0.7045698212747372,-0.17769825616591722,-0.15975044814387948,-0.8539616208407689,-0.21356860167290798,-0.19298562160494928,-0.9809160741132765,-0.2376391986261246,-0.1394933959986987,-0.4195668776042559,-0.12689484358263853,-0.2117550788969622,-0.6717377240257062,-0.17681730588701228,-0.2601091079785933,-0.8506660928881211,-0.20664132729950133,-0.29503377622668886,-1.0,-0.2284131716903738,-0.221438315509694,-0.3484751047169968,-0.13164710046367933,-0.28581802118124083,-0.5861639929197529,-0.17099867201063165,-0.32505905432354515,-0.7472735468310555,-0.19819399407519878,-0.35031897938176326,-0.8782727529003718,-0.21686318485286651,-0.2832594159262463,-0.27004208620604536,-0.13932330820882133,-0.33465352250657604,-0.4565505070655328,-0.17338012233560934,-0.36418213159051316,-0.5739115374354318,-0.19020543844851057,-0.3845152479879558,-0.6762486718908174,-0.2005525487386209
thank_you,0.0,0.0,0.0,0.09963891342272749,-0.20118711529459227,-0.04575167200478444,0.15129088167616556,-0.42050768750063844,-0.09002959127439364,0.21206608683751949,-0.5875424563324247,-0.12727777193734724,0.3003387750621471,-0.6575746702038634,-0.16972441604062943,-0.0242898784687231,-0.4744083192116252,-0.12092233442166958,-0.10102843761507416,-0.7138660067041562,-0.1713677722275915,-0.15007882807469622,-0.861560615895106,-0.20161313079196225,-0.18833821208554455,-0.9838812275030285,-0.2213356953709078,-0.12780444475865055,-0.42075334117371216,-0.12362926764392097,-0.19886670150678937,-0.6825074640611919,-0.1664421120556404,-0.24968855492240505,-0.8594883690687812,-0.1901841544575723,-0.2869708372606843,-1.0,-0.20761924148788533,-0.21024557422073062,-0.351908534462616,-0.1244555112068624,-0.27577900184832094,-0.5924190465751257,-0.15617096107170422,-0.3185632778728954,-0.7510657558941883,-0.1794248478722216,-0.3475217922373115,-0.8744017360174821,-0.19599264771847322,-0.271402312776634,-0.2773861281721956,-0.12781967948108777,-0.31916071084876346,-0.46837821066513124,-0.1541047238422496,-0.350547061811815,-0.5833418595966837,-0.16637250004737544,-0.37501870778384877,-0.6805102915917207,-0.17382538318643698
thank_you,0.0,0.0,0.0,0.10057064752013907,-0.1979717132027673,-0.046439920745507776,0.15058712714841035,-0.4190412410775738,-0.09123586720125675,0.20805110623543896,-0.586197826627848,-0.12890503583632346,0.2955206108448879,-0.6566076846768539,-0.17186362996246693,-0.025787063814937006,-0.47415978130563896,-0.12410450598396153,-0.10582611407134064,-0.716220801168438,-0.17561268480731607,-0.15331377858488462,-0.8659387087080295,-0.2064788467988307,-0.18958220911032628,-0.990698865490689,-0.2268970658357095,-0.12988322083025014,-0.42013228940812286,-0.12762599655018217,-0.20475711936097818,-0.6824445105065708,-0.1720289715269976,-0.25508525784155645,-0.8582378753558468,-0.1974912897260004,-0.29268361052498926,-1.0,-0.21635293112928924,-0.2132796722169624,-0.35084918555092043,-0.12907242725657658,-0.28104810435805383,-0.5918768357821199,-0.16178360076767448,-0.3196038103485603,-0.748899742465417,-0.18450625145125593,-0.34523350987000484,-0.8726527031437314,-0.2010051059555261,-0.2761172218578034,-0.2753316121277139,-0.1332251926028265,-0.3253980961182397,-0.4687958238683181,-0.16081653336599486,-0.3523753283808281,-0.5830523179728119,-0.17297521724148643,-0.37280053510322386,-0.6807860459555438,-0.18042869460461664
thank_you,0.0,0.0,0.0,0.09818479570752148,-0.19859337741720634,-0.04760948304122179,0.14759730119148556,-0.41568139329545406,-0.09309268867518103,0.206167174281759,-0.5798171286727134,-0.13168283863135802,0.2942569297659667,-0.6511831885934846,-0.17539942947778983,-0.03481955931497779,-0.476958582959915,-0.12048900643887324,-0.11348509611996754,-0.7164060721567899,-0.1724934967947277,-0.15891431961663072,-0.8644344592007684,-0.20457089139951373,-0.1909890554527408,-0.9867072931932599,-0.22543366061709372,-0.1377368008980874,-0.42226864490963106,-0.12366710773219575,-0.21231229904985754,-0.6834623451784793,-0.16782532817407578,-0.2608705888389194,-0.8590691857884227,-0.19385164941568098,-0.29484778529034406,-1.0,-0.21298514330887497,-0.21999350205053983,-0.3513252277286111,-0.12543392040517806,-0.28614529038300235,-0.5934535675885788,-0.1583034251159479,-0.3238263342634829,-0.7517887221446286,-0.18250347671635614,-0.34817976231338693,-0.8772717250221064,-0.20019228501320818,-0.2816838359529173,-0.2722741491696686,-0.13000013235068883,-0.32786303517563137,-0.46225409028220454,-0.1580139542133499,-0.3561576108329033,-0.5763075540204966,-0.17125063406642677,-0.37771580027881757,-0.674794515743645,-0.17948987404989125
thank_you,0.0,0.0,0.0,0.09827257287613658,-0.19972307328187094,-0.04732575658274358,0.15085174959946734,-0.41684168296539814,-0.09202479059030688,0.21225922525540458,-0.5825341102973305,-0.1297731037691317,0.3007686520775681,-0.6572589716714176,-0.17259265982484737,-0.03178203871122116,-0.470561174861114,-0.12121581256303425,-0.10802848528432617,-0.712424379954641,-0.17262295579637313,-0.15313611868250765,-0.8633941436403737,-0.20335774140736748,-0.18536339235554816,-0.9884416093610203,-0.22331447607789037,-0.13481947095878155,-0.4188093971723435,-0.12404849606030854,-0.20815831703460186,-0.6800189472753376,-0.1673887628566715,-0.25637584918124884,-0.8575030300035372,-0.19187607617984415,-0.28996516146147605,-1.0,-0.2100859260321152,-0.2155779244085641,-0.35029636815713366,-0.12539435040101618,-0.28211145406358584,-0.5912536607124279,-0.15792173909715235,-0.320853397895383,-0.7506461515053786,-0.18152761439430076,-0.34593773082644974,-0.8767481039720355,-0.19877721808804413,-0.27520486660181853,-0.2734672473523231,-0.12953762421580364,-0.3244763978329623,-0.4617767654647219,-0.15739996159694428,-0.354906720105699,-0.5760438232142485,-0.1705237964923116,-0.37770140095399596,-0.6742533252013067,-0.17878622519619836
thank_you,0.0,0.0,0.0,0.09504647074736183,-0.20032419798086484,-0.04449664155291523,0.14204758286504915,-0.4180819153374959,-0.08884810641487657,0.20047706972341203,-0.582052211032815,-0.12640521718095793,0.2884292250695437,-0.6529541575458041,-0.1695191289296846,-0.03543909580081038,-0.4670251126580712,-0.12363157878177393,-0.11485402687763183,-0.7086217723620171,-0.17586880057863422,-0.16052389437047385,-0.8582602613945199,-0.20673695451821658,-0.19306957732740765,-0.9825651878399416,-0.2266500947655973,-0.13672939148320173,-0.4136463724311164,-0.12788152634321107,-0.21246570485669972,-0.6765835072397536,-0.1726951767394333,-0.26046799760964184,-0.8554747960390382,-0.19814931166151234,-0.29387782606686214,-1.0,-0.21680366380367208,-0.21763320606949296,-0.3446991157678638,-0.13001756958943123,-0.2861954554107386,-0.5870720924392481,-0.1635133985017116,-0.32354181203756704,-0.7475565568888112,-0.18815239252807858,-0.3469035553830407,-0.8737216383326056,-0.20593451926812584,-0.27757840171138787,-0.26873123240803376,-0.13439022055997285,-0.32880037374393883,-0.45906479337913453,-0.1630496929359197,-0.35742205237909475,-0.5745585868833459,-0.17681394709472598,-0.377784293769717,-0.6738639738831718,-0.18545625048728284
thank_you,0.0,0.0,0.0,0.09580204942526171,-0.19903304724900392,-0.045808982871746576,0.1453279949887567,-0.4184712992870033,-0.09120239609601168,0.2056494140135747,-0.5833691302370547,-0.12949334605695023,0.29302456524135195,-0.6542463531601312,-0.17302506777004298,-0.0338580529134801,-0.47560622824105814,-0.12189847335332564,-0.11149369893688853,-0.7139728809768304,-0.17417273024031052,-0.1582082542650031,-0.8620472984569676,-0.20569176255707644,-0.1917439734336875,-0.9842233429427414,-0.22609797741671864,-0.13613247343190976,-0.42085134895338905,-0.12550313267184957,-0.20901181798817844,-0.6813144687691004,-0.17078263012857248,-0.25681975459000345,-0.8587247316686722,-0.19630640832287646,-0.2899568594786484,-1.0,-0.2149730795146596,-0.21787126883943367,-0.3513940429427091,-0.1274113884398378,-0.284194689258634,-0.5914419380686091,-0.16110214335209416,-0.3230115426025173,-0.7510061111698298,-0.18561731550207075,-0.3465166138036093,-0.8764858139213916,-0.2033007637248797,-0.27885820321199234,-0.27564634016658246,-0.13181493283430123,-0.32873217871753674,-0.46202312140596663,-0.1606648534669901,-0.3568826860315795,-0.5775818294593488,-0.17492462682976254,-0.37563185979379043,-0.6781425237156508,-0.1838784990850774
thank_you,0.0,0.0,0.0,0.09882010440498204,-0.2018085831696193,-0.04341510184635858,0.1473909016683118,-0.4176835858153408,-0.08525081408421568,0.20494191919677818,-0.5828696105048935,-0.12043719674790887,0.29105726880723176,-0.6568714038230515,-0.16054492211046895,-0.03238331085271765,-0.4773856551223414,-0.11283516690224583,-0.1075274144854697,-0.7153431324444992,-0.16021739381086936,-0.15308722029913008,-0.8617876675383116,-0.18930769332899527,-0.18642868321316947,-0.9826480754219845,-0.20844117062164927,-0.13504572448193566,-0.42470517041332906,-0.11611785591419552,-0.20407179750641546,-0.6847969144152378,-0.155995804370409,-0.25134338515099214,-0.8599877751630566,-0.17986473235932068,-0.28444657278043206,-1.0,-0.19777187763540896,-0.21617998218226808,-0.3553194396073172,-0.11771805644385294,-0.27903182305927504,-0.5974908297688248,-0.14771117836960468,-0.3178457605278872,-0.7550105155404873,-0.1721119264513764,-0.3426167693206621,-0.8777944431509805,-0.19021501546755923,-0.27605354234854124,-0.2785704252588478,-0.12159433913775546,-0.3224186897617311,-0.467010257702898,-0.1482973860789486,-0.3503563065342587,-0.5804196723666732,-0.16178580559545824,-0.37014534150973527,-0.6780609073958981,-0.170291469604217
thank_you,0.0,0.0,0.0,0.09623002115625737,-0.20001084444128814,-0.04453237807655722,0.14589724236094684,-0.4189407604000671,-0.08842581400662242,0.20369363589644424,-0.5854864267741898,-0.12620222729883643,0.29213325355151454,-0.661615204354539,-0.1694477758396273,-0.03335705354930726,-0.4756200805143784,-0.11634182308908192,-0.1082244050792292,-0.7102595612223893,-0.16861085048505164,-0.15337622805700082,-0.8583615200835694,-0.20128944667692533,-0.18586748572588419,-0.9822036000666021,-0.22317610435134289,-0.13409511534694774,-0.4220869279537227,-0.12183922906033838,-0.20473129537810872,-0.6812346860254339,-0.16675677891717736,-0.25215245365080996,-0.8571320035617112,-0.19346945288608772,-0.2861946423661611,-1.0,-0.21354446507008942,-0.21448657408584798,-0.35018460342054153,-0.12588664086168166,-0.27833842046394053,-0.5936103208371141,-0.16004394180180515,-0.3181699093625436,-0.753387168466796,-0.18472678188100475,-0.3441236323887953,-0.8803591013572986,-0.20297605320012868,-0.2753910676672343,-0.2693221792336627,-0.13245534527564118,-0.3230896548988484,-0.4574642785223601,-0.1618825184544908,-0.3515926213653727,-0.5740001161218934,-0.17586848881845615,-0.37229814664019856,-0.6742776090598109,-0.18494237113323575
thank_you,0.0,0.0,0.0,0.0947142020539538,-0.20001812754908652,-0.04625517411863907,0.1436204718959735,-0.42192623144428365,-0.08936785945561371,0.20269226131406476,-0.5872586069426912,-0.12618903318559233,0.28956998154737207,-0.6563839799226184,-0.1680446052210615,-0.032525499072084074,-0.4735785367256618,-0.11570284855586434,-0.1083583054200571,-0.7102293663412729,-0.16829335859175273,-0.15421019533715238,-0.8615080871768568,-0.2010536190327486,-0.18707182272666203,-0.9871654710544516,-0.22244170487726259,-0.13171017572032587,-0.41897554045958463,-0.11998864474039958,-0.20440236817532606,-0.6769795659925257,-0.1656576277672807,-0.25258161440557253,-0.8554448063370838,-0.1921793470372017,-0.28680945367698596,-1.0,-0.21124073713517214,-0.2107587804515201,-0.3505422811470767,-0.12332907002359049,-0.27611476019670633,-0.5894801925299444,-0.1579553110280745,-0.3167740360972027,-0.7484986722210843,-0.18240348169094228,-0.34443376150326704,-0.8761114933945742,-0.1994047246771261,-0.2696699520981117,-0.277200651630943,-0.1296514130765676,-0.3161183536790517,-0.46552939249170366,-0.15895549894926578,-0.34623450610996087,-0.5796150906401475,-0.17273296671001223,-0.369882710593839,-0.6784560324463912,-0.18107530243190104
thank_you,0.0,0.0,0.0,0.09831371454808177,-0.1998895161789645,-0.04684127840711489,0.14747563767417887,-0.4170315554336892,-0.09293957222010132,0.20395876235605542,-0.5834841965518434,-0.13166075415575534,0.2921930395192748,-0.6558136281069554,-0.17541131200255916,-0.02877291393438998,-0.472332647969116,-0.12517658413932753,-0.10638868272568572,-0.7101539777794038,-0.1780070184115053,-0.15235839536321757,-0.8601805534001115,-0.20960669789584982,-0.18564691332809594,-0.9837923290134213,-0.23009127478864913,-0.13053767988800447,-0.41844902908522774,-0.12866487558824966,-0.20421414562796866,-0.6787080629870355,-0.17407103228711532,-0.25269354570242863,-0.857362492270555,-0.19893369140914685,-0.2861284909148366,-1.0,-0.21717355307118055,-0.21231018131729842,-0.3488091629202144,-0.13038564702906644,-0.27867806992644867,-0.5900582251345065,-0.1646179814782274,-0.31749085935345256,-0.7493805588680152,-0.18849936294412417,-0.3407037996302732,-0.8740880059117689,-0.20559154778178773,-0.2742232561206348,-0.27226494245433297,-0.13466921694305148,-0.3246069341061304,-0.4597535744410878,-0.16350848951886035,-0.35318847140728565,-0.5757490425137562,-0.17732501802714382,-0.37229043253531424,-0.6756960520930412,-0.18596621578755476
thank_you,0.0,0.0,0.0,0.09836861219922918,-0.19787447289498686,-0.04607014888137621,0.1467272855553655,-0.4135154735061371,-0.08984173707145328,0.20194988181314139,-0.5817203251435333,-0.12712701698439094,0.28920325916733436,-0.6561013704005466,-0.16922052434251758,-0.03203319734676382,-0.4774149858423838,-0.11339224459678444,-0.10922724125744246,-0.7117087947968788,-0.16347643279949045,-0.15537601204645773,-0.8587274801440601,-0.19507812810516706,-0.18860380356464582,-0.9813900398294707,-0.21611261427986583,-0.13305783246879896,-0.4233850507557548,-0.11710886047386883,-0.20683038534682696,-0.6802411611146066,-0.16046693258637718,-0.2560850848732097,-0.8565217657442067,-0.18641921309177942,-0.2907387057210043,-1.0,-0.20549091870356917,-0.21378733388681576,-0.35327899669553603,-0.11978242134710815,-0.28017477866341406,-0.5925127489422461,-0.15284817307641851,-0.3183622461849823,-0.7503056556688615,-0.1772009562585429,-0.342957419547723,-0.875724995916537,-0.1945512445816426,-0.27443143213091054,-0.2765069911787532,-0.1252334619939158,-0.3222620742446077,-0.46384822339555337,-0.1531261324756807,-0.35152455731877397,-0.5777877971625489,-0.1666733132269928,-0.37360691086259173,-0.6772390506004704,-0.1751551573608041
thank_you,0.0,0.0,0.0,0.09638334854053215,-0.19641370970098967,-0.046316165297186386,0.1453448323500161,-0.41836177822170484,-0.08856598697927133,0.20041655959340002,-0.5857741113690808,-0.12385704286249283,0.285692930002113,-0.6588795054820181,-0.16377104858878977,-0.03478644732737939,-0.4765349435236099,-0.11180355435557356,-0.10831875034038518,-0.712701010926025,-0.16053762892073098,-0.15340571246591556,-0.8614470598625937,-0.19102342425776145,-0.1863684937718096,-0.985031516673324,-0.21151459229041414,-0.13514773076278702,-0.4244693065597196,-0.1150194357020503,-0.20424484479154373,-0.6809112308983023,-0.15815272662665064,-0.2510943034253809,-0.8566097172642886,-0.1841681864624768,-0.2853861241670844,-1.0,-0.20311089139112645,-0.21561742318554533,-0.35632471205210303,-0.11710886169724075,-0.28042612311937687,-0.5949207902717795,-0.1502956284316943,-0.3166768056864968,-0.7515854962133196,-0.1742117102480743,-0.33975440200891543,-0.8763176400258796,-0.191040034256118,-0.2767585077130284,-0.2807148815523449,-0.12195399023227563,-0.32534123564652584,-0.46796306639096197,-0.15045016929380753,-0.350822969519535,-0.5814342701638592,-0.16365003716446483,-0.36772667736627396,-0.6798564960026602,-0.1715866716977055
thank_you,0.0,0.0,0.0,0.09540660792600905,-0.19838805447439847,-0.04647451481142479,0.14360244195579328,-0.41782643647969947,-0.09013504077113411,0.19789488765252275,-0.5839758988196152,-0.12690517019160738,0.28272403830081905,-0.6569714335745043,-0.16838138738877062,-0.033618440427581046,-0.4726343354266657,-0.11492461311049273,-0.10795482222593662,-0.7076665313562087,-0.1656516680385792,-0.15415100647102367,-0.8563135063715307,-0.19698020779995523,-0.18835518199256587,-0.9806342080756465,-0.21782000817723263,-0.13390163725654067,-0.4205504747805185,-0.11851626007754862,-0.20376011843644787,-0.678399516066127,-0.16302647601712056,-0.2506217913512739,-0.8554222084258618,-0.1884439684755524,-0.28427795951829476,-1.0,-0.2068735911185636,-0.2148299465921663,-0.35326726999212016,-0.12099897814627042,-0.2807589324800815,-0.5915095075495276,-0.15491944942463587,-0.31868947841798195,-0.7483492920079275,-0.17809397205729982,-0.34265805455399284,-0.8735312049794248,-0.19433470926051225,-0.2759137037656105,-0.27914420115093486,-0.12632590214159026,-0.32634669723091125,-0.4659332839848134,-0.15492956786108372,-0.3536045910042424,-0.5792887445577338,-0.16779286649126432,-0.3726000302458671,-0.6776440061446867,-0.17555630401365024
thank_you,0.0,0.0,0.0,0.10449790283044155,-0.19831338367231713,-0.04719782772488273,0.15590732199177468,-0.4123531892178162,-0.09233355426667751,0.21216108777321463,-0.5802538059713828,-0.1303583652361983,0.29979687873235733,-0.6558243492065241,-0.1730522286370648,-0.025692231251634744,-0.47212957107931713,-0.1192048052985705,-0.10069233658817851,-0.7126681616893259,-0.16987621030007924,-0.14567744200088872,-0.861813363739402,-0.20000337338600566,-0.17833420141449152,-0.9848127391747254,-0.21954763726020596,-0.12784169635266546,-0.4201876351751455,-0.1218025766527998,-0.19999212406765005,-0.6822032126673514,-0.16504166808135456,-0.24857220366318364,-0.8587200345892798,-0.18889861262798444,-0.2825788913993198,-1.0,-0.20660842033531351,-0.2091159703488973,-0.35268327829363877,-0.12307166930649958,-0.2739512612673639,-0.5934265459110136,-0.15558775379159348,-0.3126586327835198,-0.7513600568363579,-0.1785800878841062,-0.33739100503703146,-0.8766071520596211,-0.1953935828890473,-0.27036487606426374,-0.27893959484000025,-0.1271569243295132,-0.31862343611695143,-0.4661902105726127,-0.15531380787818141,-0.34788195760025853,-0.5797995623833803,-0.1686964916523671,-0.3696459460501875,-0.6786467268370612,-0.17707738105904364
thank_you,0.0,0.0,0.0,0.09358439836339907,-0.19512924500196202,-0.05008970287604975,0.14212466949974786,-0.4144361481708115,-0.09682234110766973,0.19697204402534926,-0.5808400322538037,-0.13639142052125214,0.2842666935769745,-0.6548834977572422,-0.18173527576350756,-0.03469887076335394,-0.462612455251704,-0.12980062804054063,-0.11046204634250673,-0.7054806077058823,-0.18658037651807816,-0.15696845741267032,-0.8583046956023179,-0.22020290192405476,-0.19154656924106825,-0.9835190969449195,-0.24194180005622015,-0.13548244600557083,-0.40547090199773683,-0.13438440581710429,-0.20828513956454794,-0.6723364178416626,-0.1852894892138836,-0.2572226376965205,-0.854199855957007,-0.21404098243065417,-0.29338073918287577,-1.0,-0.23429616461997269,-0.2161005646343921,-0.33355578259342306,-0.13744298940719432,-0.28346878473928444,-0.582385714483134,-0.17716911368653745,-0.32165664868325355,-0.7479257262649639,-0.20360656280789768,-0.3462402111345041,-0.8800261989843715,-0.22171524086795158,-0.27772393752223556,-0.2546760141420524,-0.14318419095779367,-0.3280529353178828,-0.44658791330810066,-0.17747285896504789,-0.35490850120405415,-0.5669726000145907,-0.19358359129286556,-0.37291500017193885,-0.6707227635172073,-0.20326425180165678
thank_you,0.0,0.0,0.0,0.0971531930087681,-0.1973682277471143,-0.04845104136398563,0.14361209815523,-0.4120994007898766,-0.09593107108655792,0.19799627737277564,-0.5812291887700319,-0.1362304330245469,0.2813906644327497,-0.6617356334246957,-0.18195379912142848,-0.02491646764322821,-0.4635218621312105,-0.12963882624589057,-0.10158067938585594,-0.7073528275167815,-0.1861014936219941,-0.14947900465072902,-0.8599997061756137,-0.21933614560936476,-0.18611427469130873,-0.9858057271482874,-0.2407560032514496,-0.1271822848167526,-0.4101296595916735,-0.1339802911424995,-0.19795675479907843,-0.6752595395516368,-0.18391837044761764,-0.24792510480268734,-0.8555549735845489,-0.21114481275807376,-0.2846947515938376,-1.0,-0.2306766690702839,-0.21089484855588508,-0.3413701222756571,-0.13675618305919904,-0.2762112910324159,-0.5876914090220694,-0.17494896187778228,-0.3173786425441104,-0.7518127687135794,-0.20093679068164236,-0.3442778658896076,-0.8810812865164628,-0.21924015366143043,-0.27553365854157075,-0.26621479456884783,-0.14191379908310356,-0.32556756012700877,-0.45722268247612197,-0.17505158084312442,-0.3550817406667642,-0.5766741123469479,-0.19106950109663098,-0.37643271325742017,-0.6793112820260596,-0.20095774962223936
thank_you,0.0,0.0,0.0,0.0980795061205852,-0.19850600714393982,-0.04511378706824998,0.14682397824215612,-0.4113513714476917,-0.09141556808021596,0.19950981934240292,-0.5771843878127857,-0.13066107205653885,0.2817758673887505,-0.658523045577014,-0.17564590564265237,-0.02506162212111015,-0.46604340701295804,-0.12885496875762237,-0.09922202171399265,-0.7083460041188394,-0.18337937459708298,-0.14524501565457676,-0.8574141810478096,-0.21518568761934573,-0.18000689862704294,-0.9805486362739406,-0.23518968030699172,-0.12685918952095057,-0.41011305041653917,-0.13349017247366587,-0.1976774410447019,-0.6776917594295271,-0.1804463657947399,-0.2478842568627993,-0.8575980067384746,-0.20578704309946444,-0.2841059414306246,-1.0,-0.22426049228270323,-0.21005636156050694,-0.33783110470501615,-0.13599550254484788,-0.2749076661191616,-0.5816797759646242,-0.17091890824226857,-0.3152469984934873,-0.7412395221739541,-0.19470985712283842,-0.34204304857669343,-0.8650609802405654,-0.21175565831845217,-0.27369881757341824,-0.2591462416781935,-0.14066194630101841,-0.32022228768132727,-0.45494491107888996,-0.1707274562481014,-0.350142818421209,-0.572358208746544,-0.1847293494779458,-0.37435712644697194,-0.6720300234858372,-0.1931984786780133
thank_you,0.0,0.0,0.0,0.09749479131060326,-0.19460486503010213,-0.05016204764340151,0.1485963339135401,-0.40512194887076153,-0.09882475409584134,0.19745912892901993,-0.5716346303452088,-0.14025504440640965,0.28025315595364003,-0.6529841757234605,-0.18674689987770424,-0.024349583340661857,-0.4658360194192452,-0.12968051357046703,-0.10059417936769269,-0.7077479369180938,-0.18602378361109798,-0.1474692403005445,-0.8585489557113969,-0.2198260667834598,-0.18406635670133237,-0.983000082530439,-0.24086949824789916,-0.1267176498387075,-0.4077933246802383,-0.1335124587556118,-0.20026763101269465,-0.6739074326817832,-0.182716298673301,-0.2536820155508994,-0.8556455078093135,-0.21018982227975225,-0.2948413063812424,-1.0,-0.2297202089607242,-0.21013045619117965,-0.3347853225702605,-0.13577847441602123,-0.27456731009901186,-0.5756787014404466,-0.17262452514351073,-0.31563563439922815,-0.7340997389507301,-0.19643903348533256,-0.3450477478780246,-0.8574423952259365,-0.21278384072502682,-0.27460041777751815,-0.25572402712569403,-0.1409617958499562,-0.32104667060510095,-0.4514623526300429,-0.17091484382958796,-0.35097744451857416,-0.5670519227881186,-0.18334277792397874,-0.376471073240313,-0.6635456843385003,-0.19044761808352909
thank_you,0.0,0.0,0.0,0.09931745649209754,-0.19849325346541824,-0.050499232110574,0.1462549407170172,-0.4145192012491093,-0.09768362168934813,0.19712323567044504,-0.5891919729806151,-0.136509823608931,0.281534641574515,-0.6701163382813248,-0.18014985930327504,-0.02663118647154808,-0.4745550513865086,-0.13104589390481708,-0.10181930493199179,-0.7216177645533673,-0.18364362552154329,-0.15013291019645783,-0.8738545273988703,-0.21474096159180706,-0.18780101142005395,-0.9972895972685732,-0.23421587296024843,-0.13161454187962104,-0.42222358385251735,-0.13200098141289685,-0.20776416227788505,-0.6902718216490598,-0.17604352006390153,-0.2636445862253143,-0.8659627109423867,-0.2000404337494879,-0.30563699684068757,-1.0,-0.21719771829712464,-0.21459441570788843,-0.3530688438760325,-0.1308259361826347,-0.28053555649906003,-0.5950901164137689,-0.16240476605091783,-0.3229367238891352,-0.7521651460887879,-0.18538132364912407,-0.3526859455849169,-0.8713806253946531,-0.20198925595578993,-0.27567376005559735,-0.27700764021822954,-0.1324795139327105,-0.3227700892511182,-0.47195362369305244,-0.1588168412239388,-0.35575234414782764,-0.5837098138486313,-0.1706169727327982,-0.3830874113915293,-0.6759267877266643,-0.1774175531513571
thank_you,0.0,0.0,0.0,0.09142842777446651,-0.19826241722670931,-0.04981721352997352,0.13940280715577466,-0.409775402716781,-0.1003356066708446,0.18296011830188302,-0.5842299478531053,-0.14248835941080798,0.2580941928146308,-0.6771494006782565,-0.18944890619742705,-0.030204593903710743,-0.46936771691303875,-0.13683165086412066,-0.10861006106981486,-0.7212101376338159,-0.19244923412428966,-0.15710831196743708,-0.8723783750929603,-0.22427498562732753,-0.19432045312141505,-0.996542447992327,-0.24400425741966664,-0.1316268354596338,-0.4125867271880805,-0.1402235995993349,-0.20927334525813937,-0.6859375541970343,-0.18792492537215877,-0.2617093438312359,-0.8623211557536447,-0.2133780603115965,-0.3004650165204494,-1.0,-0.23181183404174308,-0.21420402237858194,-0.3404092450872228,-0.14128157542980452,-0.2822495623664068,-0.5929110199655112,-0.1767777788131951,-0.3245514912000723,-0.7554652090442261,-0.20091164855065313,-0.3538959334205047,-0.880724837699274,-0.2187408817109484,-0.2769650233622034,-0.2621123708778034,-0.14464911063858463,-0.32474353764508096,-0.46293058101766477,-0.17524132769784598,-0.35583032004452547,-0.5805349233357593,-0.18911417735841543,-0.3818865038923216,-0.6782183054152643,-0.19751392211325627
thank_you,0.0,0.0,0.0,0.09774432829896076,-0.19509366471654208,-0.04313613693528392,0.1467945935781889,-0.40448461640651207,-0.08878060738401757,0.18097849974830107,-0.5822749561350083,-0.1273517617024575,0.2579609194559519,-0.677640660669255,-0.17065327887336953,-0.014498803789556841,-0.46916883380026736,-0.12512761642428583,-0.09046827824931084,-0.718456173049018,-0.1753051361039088,-0.1418977191781173,-0.866866527828203,-0.2025658634645076,-0.1822959277598481,-0.9860036479589523,-0.21935457552685797,-0.11443324775175903,-0.413850733277593,-0.1300142218238485,-0.1903773355077597,-0.6864250908934661,-0.17299530084548279,-0.24584200088222738,-0.863241590358729,-0.19498838572813432,-0.28646924168260235,-1.0,-0.21105389209629435,-0.1966830142847513,-0.343711055160498,-0.13228857876957575,-0.2647426383486659,-0.5903964937966171,-0.1640300691977241,-0.3102793680602942,-0.7494194368330324,-0.18552657596363542,-0.34062136716860597,-0.872691436047779,-0.2016771711517513,-0.26190169274913955,-0.2670492017182541,-0.136322315097121,-0.3134771466448751,-0.45771359619609414,-0.16416323113138676,-0.34775061584437794,-0.5710647554105412,-0.17674600893347372,-0.37605119284000343,-0.6680739730703839,-0.18422540884540867
thank_you,0.0,0.0,0.0,0.10307468046216309,-0.19454501281830486,-0.04606615481638241,0.1474097128591877,-0.39932421224435943,-0.09081291955426132,0.17624463472350807,-0.5762767637419745,-0.12796506068533597,0.24958300466901562,-0.6726111694169804,-0.16937541675922702,-0.02150994968779665,-0.47125198189737555,-0.12440823085844256,-0.09834492737351141,-0.7187542123743978,-0.17599647639518906,-0.14875418382936667,-0.8687207671128255,-0.20563228461444535,-0.18857600891619908,-0.9906064645615024,-0.2246554466871064,-0.12356953712328884,-0.4184389166462887,-0.12764476164758898,-0.19936801300892223,-0.6871665980000082,-0.17212567104788007,-0.25279424138883627,-0.8628059194782729,-0.19605746840480048,-0.29229874087867314,-1.0,-0.21353259775343778,-0.20452562439877028,-0.3480882599678456,-0.1287651739456765,-0.2721526886406317,-0.5926850820178039,-0.16232181069715046,-0.3116807377812201,-0.7498835204142963,-0.18423867575178404,-0.33781720269477783,-0.873002046044404,-0.20057949692255533,-0.26632759927089644,-0.26915839415803733,-0.13207628854033865,-0.31537922232551296,-0.4578637279239865,-0.1618030146663053,-0.3468792986041797,-0.5690379024096129,-0.17524576189719943,-0.3725860815062135,-0.6655919462414599,-0.18322625882178947
thank_you,0.0,0.0,0.0,0.10174614476696084,-0.19445942216253254,-0.047709590405625904,0.14644379822151601,-0.4017557975617767,-0.09321620355747195,0.17741947460043195,-0.5789033824751694,-0.13215042955578185,0.24949077952716472,-0.6743808980195656,-0.17527866456515737,-0.023791690476103963,-0.47351081942433004,-0.12087981408505327,-0.0979582522153638,-0.7138458203793406,-0.176475646668623,-0.14832190664657327,-0.8616258434544177,-0.21022109062056252,-0.18866071500510365,-0.9839925539193901,-0.23246558896197225,-0.12718702550628594,-0.42066342663473083,-0.12559920726076432,-0.19914347639322927,-0.6805195067816808,-0.17520340515222108,-0.253034982455137,-0.8563553542915362,-0.2034355589751149,-0.2951914705314077,-1.0,-0.223799223675255,-0.2084008383870954,-0.3504550637123954,-0.1290962323515535,-0.27333081296912226,-0.588715582691512,-0.16704776118205028,-0.31656032530708444,-0.7452112421725076,-0.19096285655750844,-0.34769382725099307,-0.8709974275538791,-0.20819009361640456,-0.2689873712690803,-0.2721893818309124,-0.13532164319962026,-0.3161980690302796,-0.4583346037843695,-0.16823698234369383,-0.3492898560501301,-0.5712963166293641,-0.18292860319644794,-0.3780464165144627,-0.669309784094943,-0.1916155853362498
thank_you,0.0,0.0,0.0,0.09917759907863968,-0.1898175930317372,-0.049308733913391974,0.14583239906894183,-0.3931033302491384,-0.09864230100429787,0.17730021967560017,-0.5719678848629203,-0.14047471211633686,0.25788406902659605,-0.6703317825732897,-0.1868069928143104,-0.02113706169662836,-0.4726061531669622,-0.12810736247400892,-0.09252386712090271,-0.7142545425849463,-0.18243895354620746,-0.14269992610926036,-0.8600885262719372,-0.2137456581127122,-0.18192429360500448,-0.9796020041615239,-0.23378764969870727,-0.12176735937188275,-0.41699128887919806,-0.13186912687648353,-0.190890300220151,-0.6825864262568675,-0.1806495632295865,-0.24362115965835002,-0.859315232663922,-0.20625516859408904,-0.28274054620833383,-1.0,-0.22424496096000146,-0.2037636580210434,-0.3445225854818245,-0.13392526783396363,-0.2692676481685222,-0.5887985885490112,-0.171905125833171,-0.3145150696384171,-0.7474773276811064,-0.19579670927701823,-0.34478111591655336,-0.8737290769013555,-0.21281685405089246,-0.26765474468713224,-0.263907836078869,-0.13820125069727018,-0.31538161801862846,-0.4525369655736975,-0.17123017758283493,-0.35013609492115655,-0.5667595622587717,-0.18626737094537701,-0.37921304381516446,-0.6677818152084984,-0.1950310020279136
thank_you,0.0,0.0,0.0,0.10120384215410828,-0.18727829763924345,-0.04431482160367127,0.15371201769184642,-0.3933258217569035,-0.09029511660305158,0.18774115113890322,-0.5705531161995748,-0.1295233315037065,0.2640797010536733,-0.6603410544003282,-0.1729360988960065,-0.005270011715489563,-0.47593561353707037,-0.12188849134250063,-0.07980203846698032,-0.72315798330625,-0.1725739168159579,-0.13065787088330277,-0.8686020962531587,-0.20112679923847734,-0.1707166347886895,-0.9854471432741542,-0.2190676801235836,-0.10499206458514208,-0.42014923186531683,-0.12670653930722223,-0.1748273191365479,-0.6878491868491319,-0.1723366730599754,-0.22837777682720978,-0.8633088165130586,-0.19723808166074608,-0.26808375987461275,-1.0,-0.21480463722063667,-0.18740787781670407,-0.3496687401061931,-0.12929558689918538,-0.2513111962757372,-0.5890055214944058,-0.16303657288995432,-0.2964123839791268,-0.7442793955452937,-0.18630007316235472,-0.3262885275790333,-0.8634819556860863,-0.20324894884670494,-0.2527108032106427,-0.2725561562414165,-0.1337949628147273,-0.2987355826383872,-0.4573976571214492,-0.16240921759003887,-0.3332984704681762,-0.5672150556184131,-0.17571347451039596,-0.3625303169825712,-0.6618820713837925,-0.18351596000548545
thank_you,0.0,0.0,0.0,0.10313124275971584,-0.18969838889925367,-0.044520034382671506,0.15262503494240934,-0.39059833801194893,-0.08951853596538445,0.18716703990221703,-0.5661370709366549,-0.1284395472932332,0.2679292523904947,-0.6569853207790655,-0.171328323434959,-0.008232772539945914,-0.47997838684144795,-0.1126580521733939,-0.07524262893361655,-0.71530303978817,-0.1640587333721773,-0.1224446329388999,-0.8566230818864129,-0.19555528654755133,-0.15872593312503216,-0.9742806822245872,-0.21651151230867602,-0.11032178627455963,-0.43262359695767055,-0.11792156248938485,-0.17403489220382937,-0.6882060148670267,-0.1651158574708801,-0.22227920271184087,-0.8591188686531104,-0.1926040088175342,-0.2581611832135116,-1.0,-0.21208250381774804,-0.19442638354895872,-0.36613834156972147,-0.12178956517506928,-0.251367790009601,-0.6013283384024362,-0.15884349161719133,-0.28975028341315595,-0.7556042665998913,-0.18326721884574226,-0.3150726058328876,-0.879137305228996,-0.20043242562732788,-0.26075304223646295,-0.28882217893116824,-0.1277536378701564,-0.2998770739985707,-0.47551459089644094,-0.15930234317253916,-0.33034530538271156,-0.5874052990977265,-0.1739866582610279,-0.3562963587375238,-0.6859362303354037,-0.18241184648517253
thank_you,0.0,0.0,0.0,0.10302217594773523,-0.18139305186947927,-0.04333029984191596,0.15167216923219615,-0.38434596379293035,-0.08748474012732714,0.19193025985239873,-0.5583676610197565,-0.12423772426383334,0.2754113630588509,-0.6382138163468903,-0.16547255719206966,0.0005354095325205519,-0.46568435927263147,-0.12237418126765165,-0.06353801491720634,-0.704188678074781,-0.17190209376792095,-0.10937642055807581,-0.8459440817917516,-0.20071509893269768,-0.14569511024714865,-0.9631991514125628,-0.21992100591782096,-0.10146675319194386,-0.4191912840706649,-0.12615402129571787,-0.16032505348365342,-0.6842465065826799,-0.170661208832533,-0.20717674916873238,-0.8596841969995369,-0.19473423905948767,-0.24217784856130845,-1.0,-0.21249191215499058,-0.18528485574884526,-0.35680216877532556,-0.12740078901278448,-0.2390348387498982,-0.6013700310931752,-0.1609199717706417,-0.27770679390996106,-0.7590189537113705,-0.1851492968108318,-0.3038335261408662,-0.8809687123110423,-0.20326026150604334,-0.25067388410125535,-0.2855448746990422,-0.13038462946991178,-0.2884434816716207,-0.4716597374629136,-0.15994630455303088,-0.3187349941317343,-0.5831306574978803,-0.17538529261984645,-0.34491558819489215,-0.6792811332468386,-0.18527497441942145
thank_you,0.0,0.0,0.0,0.10793692015173084,-0.17663076718681517,-0.04370977771640182,0.16170790023777343,-0.3718046421113402,-0.08790936818427969,0.20154664823419788,-0.5427275229027888,-0.124809961873075,0.2799188955324083,-0.6224501571790259,-0.1659735184869394,0.008815506745690762,-0.4574847774900797,-0.12214996283301582,-0.04986636811202961,-0.6939320455180468,-0.17178360547894375,-0.09202168804240231,-0.8373649594214355,-0.2003949954025442,-0.12398606250177732,-0.9568310999161481,-0.21929616257322995,-0.09168360229982563,-0.4199197952888572,-0.12545298493136522,-0.14213074965811512,-0.6822863684039239,-0.16972150061759578,-0.1821313184004858,-0.8583359049616452,-0.1931647263618245,-0.21021462802368196,-1.0,-0.21016331488770296,-0.1746121079232282,-0.3625702520958081,-0.1262684174245798,-0.2221005912663741,-0.5990408415701923,-0.15983920696688214,-0.25772989341497143,-0.7536292308301096,-0.1827778619333045,-0.2801253279484364,-0.8737256522218643,-0.19977344124029042,-0.23977027322052474,-0.29367162771508654,-0.12892900890460846,-0.27224741857918827,-0.47445782527060776,-0.15812541919234546,-0.30001551252339104,-0.5841515274118024,-0.1725772869618507,-0.3226366384737964,-0.6794819268570228,-0.18153834586384993
thank_you,0.0,0.0,0.0,0.1054434104611508,-0.17399110096223827,-0.043930780152869595,0.1621138287135479,-0.3566269729726075,-0.09280000937772986,0.2036893342246786,-0.5214222678346886,-0.13399277735474688,0.2842465572755091,-0.6022212746044098,-0.1795116646087102,0.013998935527487147,-0.4408538992528705,-0.130633198525044,-0.041576099939450044,-0.6826970609754911,-0.1843672337593368,-0.07793230189617432,-0.8279578808897908,-0.21440191345052237,-0.10571974532610301,-0.9500456558101021,-0.2332548020266429,-0.0868276987844461,-0.40269947732660916,-0.13475366417938436,-0.13225435676948716,-0.6742815906515447,-0.1825165369147332,-0.16625305601171736,-0.8549024249628984,-0.20622844975608645,-0.190425186403433,-1.0,-0.22299430050301164,-0.1700299792492504,-0.346862298970844,-0.13594698831839766,-0.2133018345766916,-0.5914170940792042,-0.17158046760617446,-0.24299724430461508,-0.7498544579411871,-0.19332378246096046,-0.26147059039883835,-0.8722578742990669,-0.20891435554112975,-0.2336456236812515,-0.2821284605666284,-0.13873960327470458,-0.2619547522649391,-0.47302302243171856,-0.16796968708389637,-0.2836126737764752,-0.5852977517457802,-0.18022884237599138,-0.3020893635299947,-0.6818670904346156,-0.18732822982503866
thank_you,0.0,0.0,0.0,0.10810885052318733,-0.17051700449769902,-0.042691148243177234,0.1645476902947195,-0.35946045429566564,-0.08603152165123513,0.20875182652669866,-0.5222930172743656,-0.1218222389979268,0.2885586263658025,-0.5924467877704043,-0.1621103862520972,0.01298008827909224,-0.44231011657847025,-0.12152867879541378,-0.03575315114368301,-0.6821698773396654,-0.17096338910579228,-0.0701761171899233,-0.8275488557379108,-0.1999749101999577,-0.09679028719139475,-0.9485929526694054,-0.21893502201954726,-0.08566757295750105,-0.40862912016240477,-0.1244753799259783,-0.12566667018076472,-0.6743810522605277,-0.16791117223209326,-0.15987589492569687,-0.8549342465236786,-0.19184464842588558,-0.1855250738071951,-1.0,-0.20947876979323005,-0.16646854082919152,-0.35512757141030804,-0.12479250252706814,-0.20516306627524564,-0.5936650909154082,-0.15739285811419448,-0.23355747339518443,-0.7495515441713957,-0.1812601665640511,-0.25196142351855155,-0.8698730485062831,-0.1988503555190826,-0.22911849939500595,-0.28970209407082076,-0.12687672149972307,-0.2558313363605061,-0.47444095030911937,-0.1551048740428585,-0.2789120560339266,-0.5846310872653987,-0.16925659539903704,-0.29873921586416297,-0.6780995124263208,-0.17823473231433504
thank_you,0.0,0.0,0.0,0.10523933050293403,-0.16579745019820694,-0.04120714257210009,0.15927094853365245,-0.3578885955882,-0.08300771238343894,0.20675963670129333,-0.5198819728434609,-0.11745701772506043,0.2828822387476653,-0.5896220016902145,-0.15647349855197162,0.014359990096558554,-0.44214460972633673,-0.12090946543214187,-0.033335068228634586,-0.6741192050438349,-0.17073484676624825,-0.06608773501228553,-0.8185132567566055,-0.20046288957028296,-0.09127478022923007,-0.9380389412273202,-0.21986630026783155,-0.08293041843784696,-0.41018144145666074,-0.12499579808687915,-0.1212747787754072,-0.6723163192926512,-0.16882405101193443,-0.1527267829211285,-0.8541065480618578,-0.19330206681120918,-0.1753175185511434,-1.0,-0.21148439350062043,-0.16350208194705265,-0.3586752591475626,-0.12639804659841894,-0.19893683386744362,-0.5962418387835456,-0.15930730827883174,-0.22602424365955132,-0.751551556121125,-0.18355158570487323,-0.24301361781351727,-0.8704770298165988,-0.2014141985705951,-0.22603820035918148,-0.29491276844657716,-0.12947901530095615,-0.25190098244988635,-0.4775911376120407,-0.15801863967964677,-0.2740496105426583,-0.5865048600571905,-0.17233895858441803,-0.29261572829911303,-0.6773145623477029,-0.18151238104484752
thank_you,0.0,0.0,0.0,0.10190336608801029,-0.16873640182515603,-0.03922784655776764,0.15462704664864446,-0.354107824641417,-0.08194989756532511,0.20193755558268334,-0.5098094993042572,-0.11822145749320041,0.27731923807643144,-0.5779369829758383,-0.1591853469789477,0.013609597275477786,-0.4275381456166932,-0.12310427289411786,-0.030033002693430566,-0.6601336488140546,-0.1760323371788551,-0.060211561820533305,-0.8045408373498092,-0.20708278500182453,-0.08458865737698819,-0.9251076077920362,-0.22686854050124788,-0.07939877130000567,-0.39615863982109994,-0.13010294343625403,-0.11201953822822598,-0.6631150802547817,-0.1790813837559237,-0.14147675135580373,-0.8495917559325563,-0.2065807991961937,-0.16427394428088402,-1.0,-0.22618980759758658,-0.15803885267581244,-0.3441982464481189,-0.13400684231173512,-0.19202048031359845,-0.5823454049927412,-0.17089965166831203,-0.21848048985044466,-0.738883427968591,-0.19596485147316173,-0.23490587562803925,-0.8594889568780931,-0.21342276494078136,-0.22020014929082615,-0.2805049294687841,-0.13934014532670536,-0.24727859685295392,-0.46670626442921864,-0.16974340454602213,-0.2673580998053165,-0.577345279805721,-0.18371657463359503,-0.2842060801850448,-0.6693745727197254,-0.19232199759385643
